<?xml version="1.0" encoding="UTF-8" standalone="no"?>
<!-- 

  ancoralex-2.0.3
       
			Copyright (C) 2007,2008,2009,2010,2011 CLiC - UB
			Centre de Llenguatge i Computació - Universitat de Barcelona
 
  This file is part of ancoralex-2.0.3.
 
  ancoralex-2.0.3 is free software and data: you can redistribute it and/or modify
  it under the terms of the GNU General Public License as published
  by the Free Software Foundation, either version 3 of the License,
  or (at your option) any later version.

  ancoralex-2.0.3 is distributed in the hope that it will be useful,
  but WITHOUT ANY WARRANTY; without even the implied warranty of
  MERCHANTABILITY or FITNESS FOR A PARTICULAR PURPOSE.  See the
  GNU General Public License for more details.
 
  You should have received a copy of the GNU General Public License
  along with ancoralex-2.0.3.  If not, see &lt;http://www.gnu.org/licenses/&gt;.
 
  Check a text in catalan explaining the terms of the license at http://www.softcatala.cat/wiki/GPL3.
  In spanish at http://www.viti.es/gnu/licenses/gpl.html
  
  The following paper must be cited when using verb lexicon: 

 * Aparicio, Juan, Mariona Taulé, M.Antònia Martí (2008) 'AnCora-Verb: A Lexical Resource for 
   the Semantic Annotation of Corpora'. Proceedings of 6th International Conference on Language 
   Resources and Evaluation. Marrakesh (Morocco).

  The following paper must be cited when using noun lexicon: 

 * Peris, Aina, Mariona Taulé (2011). AnCora-Nom: A Spanish lexicon of deverbal nominalizations. 
   Procesamiento del Lenguaje Natural, nº46, pp. 11-18.
 
 

 

-->

<lexentry lemma="abandono" lng="es" origin="deverbal" type="noun">
  <sense cousin="no" denotation="result" id="1" lexicalized="no" originlemma="abandonar" originlink="verb.abandonar.1" wordnetsynset="16:00134056+16:00134849+16:05601181+16:00139061">
    <frame appearsinplural="yes" type="default">
      <argument argument="arg0" thematicrole="agt">
        <constituent frequency="1" preposition="por_parte_de" type="sp"/>
        <constituent frequency="1" type="s.a"/>
      </argument>
      <argument argument="arg1" thematicrole="pat">
        <constituent frequency="1" preposition="de" type="sp"/>
      </argument>
      <argument argument="argM" thematicrole="fin">
        <constituent frequency="1" preposition="en_favor_de" type="sp"/>
      </argument>
      <argument argument="argM" thematicrole="cau">
        <constituent frequency="1" preposition="por" type="sp"/>
      </argument>
      <specifiers>
        <constituent frequency="2" postype="indefinite" type="determiner"/>
        <constituent frequency="4" type="void"/>
        <constituent frequency="1" postype="numeral" type="determiner"/>
      </specifiers>
      <examples>
        <example file="3LB-CAST/204_C-1.tbf.xml" nodepath="2.2.4.1.0" sentencenodepath="2">Zubía explicó que , además_del " vertiginoso avance tecnológico " de los últimos años , el desprestigio sufrido por la Formación_Profesional ( FP ) ha provocado <argset><specifier>un</specifier><head>abandono </head><argument argument="arg1" function="cn" thematicrole="pat" type="sp">de estos oficios</argument><argument argument="argM" function="cn" thematicrole="fin" type="sp">en_favor_de una concentración de estudiantes en carreras universitarias de bajo o muy bajo grado de inserción laboral , como el Derecho o Psicología</argument></argset>. </example>
        <example file="3LB-CAST/t6-3.tbf.xml" nodepath="2.2.2.1.1.1.2.2.1.0.1.2.2.1.0.0" sentencenodepath="2">Ahora Ø lo llevaba mejor , y le bastaban uno , dos días en aquella casa sucia que comenzaba a oler a humedad , el rancio aroma del <argset><head>abandono </head></argset>. </example>
        <example file="CESS-CAST-AA/23978_20000629.tbf.xml" nodepath="1.0.1.0.1.1.1.1.0.0.1.0.1.1.1.0" sentencenodepath="1">Al volante de un coche fiable - sólo <argset><specifier>un</specifier><head>abandono </head><argument argument="argM" function="cn" thematicrole="cau" type="sp">por avería mecánica</argument></argset>en la presente temporada , en Monáco - y que se adapta perfectamente a todo tipo de circuitos , Michael_Schumacher tiene todo a su favor para volver a triunfar en Magny-Cours y aumentar los 22 puntos de ventaja que Ø cuenta sobre el británico David_Coulthard y 24 sobre el finlandés Mika_Hakkinen , ambos de McLaren-Mercedes . </example>
        <example file="CESS-CAST-AA/6635_20000409.tbf.xml" nodepath="6.0.0.0.1.3.1.0" sentencenodepath="6">Hakkinen , que había sumado <argset><specifier>dos</specifier><head>abandonos </head></argset>en las dos primeras carreras , se situó en primera posición al darse la salida y Ø fue seguido como su sombra , aunque hoy el cielo estaba cubierto a_diferencia_de los días anteriores , por Michael_Schumacher y ventaja no superaría nunca los cinco segundos . </example>
        <example file="CESS-CAST-AA/8697_20001011.tbf.xml" nodepath="0.3.2.1.1.1.1.0.2.5.1.1.1.0.2.0.1" sentencenodepath="0">El promotor Francisco_García_Montoya , apoderado del púgil Xavi_Moya , ha pedido a la Federación_Española_de_Boxeo ( FEB ) la descalificación del púgil Amadeo_Peña por conducta antideportiva y , a_su_vez , la invalidez del combate por el título nacional del peso medio , en el que Peña retuvo la corona al vencer por K.O. técnico <argset>( <head>abandono </head>) </argset>a Moya en el noveno asalto . </example>
        <example file="CESS-CAST-P/11_19990902.tbf.xml" nodepath="16.4.3.1.1.1.0.3.1.2.1.0.0" sentencenodepath="16">Ahora_bien , la empobrecida y semiparalizada economía rusa podría colapsar definitivamente , arrastrando consigo a una población que durante un decenio ha soportado un permanente estado de <argset><head>abandono </head><argument argument="arg0" function="cn" thematicrole="agt" type="sp">por_parte_de los sucesivos gobiernos</argument></argset>y que ha estado viviendo al_límite_del hambre como en las peores épocas de la colectivización estaliniana . </example>
        <example file="CESS-CAST-P/32_19991101.tbf.xml" nodepath="25.4.1.2.4.4.1.1.1.0.0" sentencenodepath="25">Además , en un gesto que ha permitido una auténtica reconciliación nacional , Mohamed_VI realizó una gira por el norte del país en la que Ø prometió a los bereberes del Rif que , con él , se habían terminado las cuatro décadas de <argset><head>abandono </head><argument argument="arg0" function="cn" thematicrole="agt" type="s.a">oficial</argument></argset>a las que les condenó Hassan_II por sus tendencias rebeldes . </example>
      </examples>
    </frame>
  </sense>
  <sense cousin="no" denotation="event" id="2" lexicalized="no" originlemma="abandonar" originlink="verb.abandonar.1" wordnetsynset="16:00134056">
    <frame appearsinplural="no" type="default">
      <argument argument="arg1" thematicrole="pat">
        <constituent frequency="1" preposition="de" type="sp"/>
      </argument>
      <specifiers>
        <constituent frequency="1" type="void"/>
      </specifiers>
      <examples>
        <example file="CESS-CAST-P/81_20001001.tbf.xml" nodepath="1.3.1.1.1.0.0" sentencenodepath="1">Según el Fiscal_General_del_Estado , destacan por su importancia y frecuencia los delitos de <argset><head>abandono </head><argument argument="arg1" function="cn" thematicrole="pat" type="sp">de la familia</argument></argset>, que alcanzan las 16.450 causas , con un aumento del 10% . </example>
      </examples>
    </frame>
  </sense>
</lexentry>
