<?xml version="1.0" encoding="UTF-8" standalone="no"?>
<!-- 

  ancoralex-2.0.3
       
			Copyright (C) 2007,2008,2009,2010,2011 CLiC - UB
			Centre de Llenguatge i Computació - Universitat de Barcelona
 
  This file is part of ancoralex-2.0.3.
 
  ancoralex-2.0.3 is free software and data: you can redistribute it and/or modify
  it under the terms of the GNU General Public License as published
  by the Free Software Foundation, either version 3 of the License,
  or (at your option) any later version.

  ancoralex-2.0.3 is distributed in the hope that it will be useful,
  but WITHOUT ANY WARRANTY; without even the implied warranty of
  MERCHANTABILITY or FITNESS FOR A PARTICULAR PURPOSE.  See the
  GNU General Public License for more details.
 
  You should have received a copy of the GNU General Public License
  along with ancoralex-2.0.3.  If not, see &lt;http://www.gnu.org/licenses/&gt;.
 
  Check a text in catalan explaining the terms of the license at http://www.softcatala.cat/wiki/GPL3.
  In spanish at http://www.viti.es/gnu/licenses/gpl.html
  
  The following paper must be cited when using verb lexicon: 

 * Aparicio, Juan, Mariona Taulé, M.Antònia Martí (2008) 'AnCora-Verb: A Lexical Resource for 
   the Semantic Annotation of Corpora'. Proceedings of 6th International Conference on Language 
   Resources and Evaluation. Marrakesh (Morocco).

  The following paper must be cited when using noun lexicon: 

 * Peris, Aina, Mariona Taulé (2011). AnCora-Nom: A Spanish lexicon of deverbal nominalizations. 
   Procesamiento del Lenguaje Natural, nº46, pp. 11-18.
 
 

 

-->

<lexentry lemma="aborto" lng="es" origin="deverbal" type="noun">
  <sense cousin="no" denotation="result" id="1" lexicalized="no" originlemma="abortar" originlink="verb.abortar.1" wordnetsynset="16:00149581">
    <frame appearsinplural="no" type="default">
      <specifiers>
        <constituent frequency="3" postype="article" type="determiner"/>
        <constituent frequency="1" type="void"/>
      </specifiers>
      <examples>
        <example file="CESS-CAST-AA/8368_20000310.tbf.xml" nodepath="4.3.4.3.0.4.4.1.0" sentencenodepath="4">Tanto McCain como el demócrata Bill_Bradley , que también retiró su candidatura presidencial , han decidido no entregar sus delegados a Bush y Gore , pues Ø saben que sus seguidores pueden decidir asuntos programáticos controvertidos en la convención , desde la reforma del sistema de financiación electoral hasta <argset><specifier>el</specifier><head>aborto </head></argset>. </example>
        <example file="CESS-CAST-P/18_19990302.tbf.xml" nodepath="4.0.1.1.0" sentencenodepath="4">Desde <argset><specifier>el</specifier><head>aborto </head></argset>a la sanidad pública . </example>
        <example file="CESS-CAST-P/40_20000202.tbf.xml" nodepath="11.3.2.3.1.0.1.1.2.1.0" sentencenodepath="11">Precisamente la estrategia de Bradley para minar a su rival fue esgrimir el espectro del actual presidente , cuestionando la honestidad de su delfín en temas como la reforma de la ley de financiación electoral y <argset><specifier>el</specifier><head>aborto </head></argset>. </example>
        <example file="CESS-CAST-P/70_20010801.tbf.xml" nodepath="6.0.1.2.2.0.1.1.1.0.0" sentencenodepath="6">Los contrarios a las investigaciones , la mayoría republicanos opuestos al <argset><head>aborto </head></argset>, votaron en_contra porque la clonación implica la destrucción de embriones . </example>
      </examples>
    </frame>
  </sense>
</lexentry>
