<?xml version="1.0" encoding="UTF-8" standalone="no"?>
<!-- 

  ancoralex-2.0.3
       
			Copyright (C) 2007,2008,2009,2010,2011 CLiC - UB
			Centre de Llenguatge i Computació - Universitat de Barcelona
 
  This file is part of ancoralex-2.0.3.
 
  ancoralex-2.0.3 is free software and data: you can redistribute it and/or modify
  it under the terms of the GNU General Public License as published
  by the Free Software Foundation, either version 3 of the License,
  or (at your option) any later version.

  ancoralex-2.0.3 is distributed in the hope that it will be useful,
  but WITHOUT ANY WARRANTY; without even the implied warranty of
  MERCHANTABILITY or FITNESS FOR A PARTICULAR PURPOSE.  See the
  GNU General Public License for more details.
 
  You should have received a copy of the GNU General Public License
  along with ancoralex-2.0.3.  If not, see &lt;http://www.gnu.org/licenses/&gt;.
 
  Check a text in catalan explaining the terms of the license at http://www.softcatala.cat/wiki/GPL3.
  In spanish at http://www.viti.es/gnu/licenses/gpl.html
  
  The following paper must be cited when using verb lexicon: 

 * Aparicio, Juan, Mariona Taulé, M.Antònia Martí (2008) 'AnCora-Verb: A Lexical Resource for 
   the Semantic Annotation of Corpora'. Proceedings of 6th International Conference on Language 
   Resources and Evaluation. Marrakesh (Morocco).

  The following paper must be cited when using noun lexicon: 

 * Peris, Aina, Mariona Taulé (2011). AnCora-Nom: A Spanish lexicon of deverbal nominalizations. 
   Procesamiento del Lenguaje Natural, nº46, pp. 11-18.
 
 

 

-->

<lexentry lemma="abstención" lng="es" origin="deverbal" type="noun">
  <sense cousin="no" denotation="result" id="1" lexicalized="no" originlemma="abstener" originlink="verb.abstener.1" wordnetsynset="16:03824571">
    <frame appearsinplural="yes" type="default">
      <argument argument="arg0" thematicrole="agt">
        <constituent frequency="1" postype="possessive" type="determiner"/>
      </argument>
      <specifiers>
        <constituent frequency="1" postype="z" type="determiner"/>
        <constituent frequency="1" type="void"/>
        <constituent frequency="1" postype="indefinite" type="determiner"/>
        <constituent frequency="2" postype="article" type="determiner"/>
        <constituent frequency="1" postype="demonstrative" type="determiner"/>
        <constituent frequency="1" postype="possessive" type="determiner"/>
      </specifiers>
      <reference_modifiers>
        <constituent frequency="1" type="s.a"/>
      </reference_modifiers>
      <examples>
        <example file="CESS-CAST-A/10583_20000714.tbf.xml" nodepath="2.0.1.1.2.1.1.2.4.1.2.1.0" sentencenodepath="2">En la presentación de su programa político ante la Cámara_de_Representantes jordana , que le apoyó con 74 votos a favor y <argset><specifier>6</specifier><head>abstenciones </head></argset>, Abul_Ragheb manifestó su intención de trabajar para conseguir el levantamiento de las sanciones internacionales impuestas a Irak hace diez años , cuando sus tropas invadieron Kuwait . </example>
        <example file="CESS-CAST-A/15021_20000218.tbf.xml" nodepath="12.5.4.1.1.1.1.1.1.1.0.0" sentencenodepath="12">Por_último , Ø animó a la sociedad vasca a que Ø se " movilice activamente " y Ø participe en las próximas elecciones generales , porque Ø vive un momento en el que " Ø tiene que hablar y no callar " , en_referencia_a la propuesta de <argset><head>abstención </head></argset>. </example>
        <example file="CESS-CAST-AA/24215_20001030.tbf.xml" nodepath="4.3.2.0.2.1.2.1.1.0" sentencenodepath="4">Cerca de 10 millones de los 22,9 millones de ciudadanos habilitados para votar acudieron a las urnas , lo que ratificó la tendencia histórica de <argset><specifier>una</specifier><head>abstención </head><reference_modifiers>cercana al 55_por_ciento en este tipo de jornadas electorales</reference_modifiers></argset>. </example>
        <example file="CESS-CAST-AA/5124_20000307.tbf.xml" nodepath="5.0.1.2.2.1.1.1.2.1.1.1.0" sentencenodepath="5">" Lo que pretende ETA es introducir el miedo para conseguir ese objetivo en este caso electoral de incrementar <argset><specifier>la</specifier><head>abstención </head></argset>. Pero yo estoy convencido de que Ø no lo va a conseguir " , insistió Ø . </example>
        <example file="CESS-CAST-P/32_20000801.tbf.xml" nodepath="1.3.1.2.5.1.1.0" sentencenodepath="1">Los ayuntamientos de Vitoria y Pamplona , además , suscribieron sendos escritos de condena por el crimen , de los que EH se desmarcó con <argset><argument argument="arg0" thematicrole="agt" type="spec">su</argument><head>abstención </head></argset>. </example>
        <example file="CESS-CAST-P/57_20000601_a.tbf.xml" nodepath="2.2.1.0" sentencenodepath="2">Maragall argumentó <argset><specifier>aquella</specifier><head>abstención </head></argset>en que Ø era un gesto de advertencia al Govern , al que Ø acusaba de haber incumplido sus compromisos sobre la renovación en los cargos de la Corporació_Catalana_de_Ràdio_i_Televisió ( CCRTV ) . </example>
        <example file="CESS-CAST-P/86_20010301.tbf.xml" nodepath="1.2.0.1.0" sentencenodepath="1">Los sindicatos de estudiantes promovieron <argset><specifier>la</specifier><head>abstención </head></argset>y la instalación de mesas alternativas para realizar un referéndum sobre diferentes cuestiones . </example>
      </examples>
    </frame>
  </sense>
</lexentry>
