<?xml version="1.0" encoding="UTF-8" standalone="no"?>
<!-- 

  ancoralex-2.0.3
       
			Copyright (C) 2007,2008,2009,2010,2011 CLiC - UB
			Centre de Llenguatge i Computació - Universitat de Barcelona
 
  This file is part of ancoralex-2.0.3.
 
  ancoralex-2.0.3 is free software and data: you can redistribute it and/or modify
  it under the terms of the GNU General Public License as published
  by the Free Software Foundation, either version 3 of the License,
  or (at your option) any later version.

  ancoralex-2.0.3 is distributed in the hope that it will be useful,
  but WITHOUT ANY WARRANTY; without even the implied warranty of
  MERCHANTABILITY or FITNESS FOR A PARTICULAR PURPOSE.  See the
  GNU General Public License for more details.
 
  You should have received a copy of the GNU General Public License
  along with ancoralex-2.0.3.  If not, see &lt;http://www.gnu.org/licenses/&gt;.
 
  Check a text in catalan explaining the terms of the license at http://www.softcatala.cat/wiki/GPL3.
  In spanish at http://www.viti.es/gnu/licenses/gpl.html
  
  The following paper must be cited when using verb lexicon: 

 * Aparicio, Juan, Mariona Taulé, M.Antònia Martí (2008) 'AnCora-Verb: A Lexical Resource for 
   the Semantic Annotation of Corpora'. Proceedings of 6th International Conference on Language 
   Resources and Evaluation. Marrakesh (Morocco).

  The following paper must be cited when using noun lexicon: 

 * Peris, Aina, Mariona Taulé (2011). AnCora-Nom: A Spanish lexicon of deverbal nominalizations. 
   Procesamiento del Lenguaje Natural, nº46, pp. 11-18.
 
 

 

-->

<lexentry lemma="abundancia" lng="es" origin="deverbal" type="noun">
  <sense cousin="no" denotation="result" id="1" lexicalized="no" originlemma="abundar" originlink="verb.abundar.1" wordnetsynset="16:10396003">
    <frame appearsinplural="no" type="default">
      <specifiers>
        <constituent frequency="2" postype="article" type="determiner"/>
      </specifiers>
      <reference_modifiers>
        <constituent frequency="1" type="S"/>
      </reference_modifiers>
      <examples>
        <example file="3LB-CAST/a12-1.tbf.xml" nodepath="10.2.0.4.1.1.1.1.1.1.1.0.1.0" sentencenodepath="10">Lo_suyo , lo de las ratas , no es la carroña pura y dura sino la vida regalada , el eterno banquete de sobras y residuos , el festín organizado a la sobra de <argset><specifier>la</specifier><head>abundancia </head></argset>y el hartazgo . </example>
        <example file="CESS-CAST-P/16_20000202.tbf.xml" nodepath="10.2.2.1.0" sentencenodepath="10">En la isla Ø crecerá entre carencias y precariedades y Ø echará_en_falta <argset><specifier>la</specifier><head>abundancia </head><reference_modifiers>que ahora ha podido conocer en casa de sus parientes</reference_modifiers></argset>. </example>
      </examples>
    </frame>
  </sense>
</lexentry>
