<?xml version="1.0" encoding="UTF-8" standalone="no"?>
<!-- 

  ancoralex-2.0.3
       
			Copyright (C) 2007,2008,2009,2010,2011 CLiC - UB
			Centre de Llenguatge i Computació - Universitat de Barcelona
 
  This file is part of ancoralex-2.0.3.
 
  ancoralex-2.0.3 is free software and data: you can redistribute it and/or modify
  it under the terms of the GNU General Public License as published
  by the Free Software Foundation, either version 3 of the License,
  or (at your option) any later version.

  ancoralex-2.0.3 is distributed in the hope that it will be useful,
  but WITHOUT ANY WARRANTY; without even the implied warranty of
  MERCHANTABILITY or FITNESS FOR A PARTICULAR PURPOSE.  See the
  GNU General Public License for more details.
 
  You should have received a copy of the GNU General Public License
  along with ancoralex-2.0.3.  If not, see &lt;http://www.gnu.org/licenses/&gt;.
 
  Check a text in catalan explaining the terms of the license at http://www.softcatala.cat/wiki/GPL3.
  In spanish at http://www.viti.es/gnu/licenses/gpl.html
  
  The following paper must be cited when using verb lexicon: 

 * Aparicio, Juan, Mariona Taulé, M.Antònia Martí (2008) 'AnCora-Verb: A Lexical Resource for 
   the Semantic Annotation of Corpora'. Proceedings of 6th International Conference on Language 
   Resources and Evaluation. Marrakesh (Morocco).

  The following paper must be cited when using noun lexicon: 

 * Peris, Aina, Mariona Taulé (2011). AnCora-Nom: A Spanish lexicon of deverbal nominalizations. 
   Procesamiento del Lenguaje Natural, nº46, pp. 11-18.
 
 

 

-->

<lexentry lemma="aceptación" lng="es" origin="deverbal" type="noun">
  <sense cousin="no" denotation="result" id="1" lexicalized="no" originlemma="aceptar" originlink="verb.aceptar.1" wordnetsynset="16:00117820+16:10039397">
    <frame appearsinplural="no" type="default">
      <argument argument="arg0" thematicrole="agt">
        <constituent frequency="1" preposition="de" type="sp"/>
        <constituent frequency="1" type="s.a"/>
      </argument>
      <specifiers>
        <constituent frequency="1" postype="article" type="determiner"/>
        <constituent frequency="1" type="void"/>
      </specifiers>
      <examples>
        <example file="CESS-CAST-P/141_19981202.tbf.xml" nodepath="4.5.3.2.1.0" sentencenodepath="4">Para el realizador y guionista , el protagonista masculino , Stéphane , " es muy interesante porque Ø encarna la tolerancia , <argset><specifier>la</specifier><head>aceptación </head><argument argument="arg0" function="cn" thematicrole="agt" type="sp">de los demás</argument></argset>" . </example>
        <example file="CESS-CAST-P/64_19990201.tbf.xml" nodepath="14.0.3.1.1.1.0.0" sentencenodepath="14">Cardoso , de 67 años , que asumió en enero pasado su segundo mandato consecutivo de cuatro años , tenía entonces un 42% de <argset><head>aceptación </head><argument argument="arg0" function="cn" thematicrole="agt" type="s.a">popular</argument></argset>y hasta el viernes pasado el índice había caído al 32% , el más bajo desde que Ø llegó al poder en 1995 . </example>
      </examples>
    </frame>
  </sense>
  <sense cousin="no" denotation="event" id="2" lexicalized="no" originlemma="aceptar" originlink="verb.aceptar.1" wordnetsynset="16:00117820">
    <frame appearsinplural="no" type="default">
      <argument argument="arg1" thematicrole="pat">
        <constituent frequency="2" preposition="de" type="sp"/>
        <constituent frequency="1" postype="possessive" type="determiner"/>
      </argument>
      <specifiers>
        <constituent frequency="2" postype="article" type="determiner"/>
        <constituent frequency="1" postype="possessive" type="determiner"/>
      </specifiers>
      <examples>
        <example file="CESS-CAST-A/11714_20000314.tbf.xml" nodepath="7.4.1.1.1.1.3.2.1.2.0" sentencenodepath="7">En el marco de esta estrategia marcada por la prudencia , el PP esperará a los movimientos que haga el consejero de Economía , Artur_Mas , desde la determinación de que cualquier apoyo popular dependerá de la " capacidad de diálogo y de llegar a acuerdos " que muestre CiU y de <argset>" <specifier>la</specifier>
            <head>aceptación </head>
            <argument argument="arg1" function="cn" thematicrole="pat" type="sp">de nuestra capacidad de influencia</argument>" </argset>. </example>
        <example file="CESS-CAST-A/13146_20000216.tbf.xml" nodepath="7.3.2.1.0.3.1.0" sentencenodepath="7">La fiscal Ceccaldi consideró que la petición española cumple todos los requisitos necesarios , por lo que Ø recomendó <argset><argument argument="arg1" thematicrole="pat" type="spec">su</argument><head>aceptación </head></argset>. </example>
        <example file="CESS-CAST-AA/20033_20000224.tbf.xml" nodepath="10.0.3.1.0" sentencenodepath="10">A_partir_de ahora , afirma Trias , primará <argset><specifier>la</specifier><head>aceptación </head><argument argument="arg1" function="cn" thematicrole="pat" type="sp">de las demandas de los nacionalistas</argument></argset>, y durante las últimas semanas el candidato y los dirigentes de la coalición han avanzado diversas hipótesis sobre su futura actuación en el Congreso . </example>
      </examples>
    </frame>
  </sense>
</lexentry>
