<?xml version="1.0" encoding="UTF-8" standalone="no"?>
<!-- 

  ancoralex-2.0.3
       
			Copyright (C) 2007,2008,2009,2010,2011 CLiC - UB
			Centre de Llenguatge i Computació - Universitat de Barcelona
 
  This file is part of ancoralex-2.0.3.
 
  ancoralex-2.0.3 is free software and data: you can redistribute it and/or modify
  it under the terms of the GNU General Public License as published
  by the Free Software Foundation, either version 3 of the License,
  or (at your option) any later version.

  ancoralex-2.0.3 is distributed in the hope that it will be useful,
  but WITHOUT ANY WARRANTY; without even the implied warranty of
  MERCHANTABILITY or FITNESS FOR A PARTICULAR PURPOSE.  See the
  GNU General Public License for more details.
 
  You should have received a copy of the GNU General Public License
  along with ancoralex-2.0.3.  If not, see &lt;http://www.gnu.org/licenses/&gt;.
 
  Check a text in catalan explaining the terms of the license at http://www.softcatala.cat/wiki/GPL3.
  In spanish at http://www.viti.es/gnu/licenses/gpl.html
  
  The following paper must be cited when using verb lexicon: 

 * Aparicio, Juan, Mariona Taulé, M.Antònia Martí (2008) 'AnCora-Verb: A Lexical Resource for 
   the Semantic Annotation of Corpora'. Proceedings of 6th International Conference on Language 
   Resources and Evaluation. Marrakesh (Morocco).

  The following paper must be cited when using noun lexicon: 

 * Peris, Aina, Mariona Taulé (2011). AnCora-Nom: A Spanish lexicon of deverbal nominalizations. 
   Procesamiento del Lenguaje Natural, nº46, pp. 11-18.
 
 

 

-->

<lexentry lemma="acierto" lng="es" origin="deverbal" type="noun">
  <sense cousin="no" denotation="result" id="1" lexicalized="no" originlemma="acertar" originlink="verb.acertar.2" wordnetsynset="16:03710668">
    <frame appearsinplural="yes" type="default">
      <argument argument="arg0" thematicrole="agt">
        <constituent frequency="1" postype="possessive" type="determiner"/>
        <constituent frequency="3" preposition="de" type="sp"/>
      </argument>
      <argument argument="argM" thematicrole="adv">
        <constituent frequency="1" preposition="de" type="sp"/>
      </argument>
      <specifiers>
        <constituent frequency="1" postype="r" type="determiner"/>
        <constituent frequency="4" type="void"/>
        <constituent frequency="4" postype="article" type="determiner"/>
        <constituent frequency="1" postype="indefinite" type="determiner"/>
        <constituent frequency="1" postype="possessive" type="determiner"/>
      </specifiers>
      <reference_modifiers>
        <constituent frequency="1" type="S"/>
      </reference_modifiers>
      <examples>
        <example file="3LB-CAST/a12-3.tbf.xml" nodepath="8.1.1.0.0.1.0" sentencenodepath="8">De algún modo , el bigote resume la esencia del bigotudo y a_veces Ø ni se molesta en resumirla y Ø la ofrece en su totalidad , como le ha ocurrido a Azkargorta , que en Bolivia es conocido por Bigotón : <argset><argument argument="arg0" thematicrole="agt" type="spec">sus</argument><head>aciertos </head></argset>y sus errores , sus éxitos y fracasos saldrán siempre de ahí , de su mágico bigotón . </example>
        <example file="3LB-CAST/d2-15.tbf.xml" nodepath="10.3.2.1.1.0" sentencenodepath="10">Hasta ahora el Depor ha estado disparando menos pero con <argset><specifier>más</specifier><head>acierto </head></argset>, tiro_a_tiro , mientras_que el Barcelona lo hacía a ráfagas de ametralladora , barriendo lo que se le ponía por delante , con un concepto brutal e indiscriminado de la puntería , uniendo concreción y volumen . </example>
        <example file="CESS-CAST-AA/25617_20000929.tbf.xml" nodepath="7.3.0.1.1.1.0.2.0.0" sentencenodepath="7">La excelente aportación de Sergio_Rodríguez , máximo anotador de su equipo con 24 puntos , tampoco fue suficiente para contrarrestar la mayor motivación y <argset><head>acierto </head></argset>del cinco vizcaíno que al_final tuvo en su pivot suplente Josu_González al jugador decisivo del encuentro . </example>
        <example file="CESS-CAST-AA/4633_20001207.tbf.xml" nodepath="4.2.0.1.1.0" sentencenodepath="4">Los Lakers , que tuvieron con Bryant la oportunidad de ganar el partido en el último tiro del tiempo reglamentario , fueron dominados por_completo por los Warriors en la prórroga y sólo <argset><specifier>el</specifier><head>acierto </head><argument argument="arg0" function="cn" thematicrole="agt" type="sp">de su jugador estrella</argument></argset>evitó que el marcador final fuese más favorable al equipo de Golden_State . </example>
        <example file="CESS-CAST-AA/4675_20000807.tbf.xml" nodepath="8.4.1.0" sentencenodepath="8">Pero el zurdo Neagle , que comenzó con dos triunfos brillantes a su llegada al equipo neoyorquino no pudo superar <argset><specifier>el</specifier><head>acierto </head><argument argument="arg0" function="cn" thematicrole="agt" type="sp">de Guillén que se convirtió en la gran estrella y lo dejó con la segunda derrota consecutiva</argument></argset>. </example>
        <example file="CESS-CAST-P/105_20000401.tbf.xml" nodepath="1.3.1.1.4.1.0" sentencenodepath="1">En Catalunya Ø estamos habituados a que la clase política nos recuerde <argset><specifier>el</specifier><head>acierto </head><reference_modifiers>que fue ceder al sector privado la construcción de esas autopistas que con tanta prosperidad y desarrollo económico - - europeo y diferencial , dicen - - nos han obsequiado muchos años a_cambio_de unas insignificantes pesetas cada_vez_que movemos el coche que esa misma prosperidad nos permite malpagar</reference_modifiers></argset>. </example>
        <example file="CESS-CAST-P/120_20000102.tbf.xml" nodepath="3.0.4.1.0.0" sentencenodepath="3">Y Ø lo hace con <argset><head>acierto </head></argset>: el resultado es una versión estilizada , conservadora en el mejor sentido del término , y Ø permite a los cantantes concentrarse en el plano vocal sin pedirles grandes exigencias dramáticas . </example>
        <example file="CESS-CAST-P/132_20010102.tbf.xml" nodepath="4.2.0.1.2.0.0.1.1.0.0" sentencenodepath="4">El montaje de Nats_Nus resulta irregular , con fragmentos de <argset><head>acierto </head></argset>y otros denunciables por su escasa imaginación y realización . </example>
        <example file="CESS-CAST-P/193_20010701.tbf.xml" nodepath="10.1.1.0" sentencenodepath="10">Para los actores , <argset><specifier>el</specifier><head>acierto </head><argument argument="arg0" function="cn" thematicrole="agt" type="sp">de los guionistas , el mismo Sluizer e Yvette_Biro ,</argument></argset>les está salvando de las dificultades . </example>
        <example file="CESS-CAST-P/36_20000501.tbf.xml" nodepath="55.3.1.0" sentencenodepath="55">La apuesta por Josep_Piqué en 1996 se ha demostrado <argset><specifier>todo un</specifier><head>acierto </head></argset>. </example>
        <example file="CESS-CAST-P/72_20000903.tbf.xml" nodepath="6.2.1.0.0" sentencenodepath="6">Su dominio en la primera parte careció del <argset><head>acierto </head><argument argument="argM" function="cn" thematicrole="adv" type="sp">del gol</argument></argset>, especialmente porque el Eibar apenas dejó resquicios defensivos . </example>
      </examples>
    </frame>
  </sense>
</lexentry>
