<?xml version="1.0" encoding="UTF-8" standalone="no"?>
<!-- 

  ancoralex-2.0.3
       
			Copyright (C) 2007,2008,2009,2010,2011 CLiC - UB
			Centre de Llenguatge i Computació - Universitat de Barcelona
 
  This file is part of ancoralex-2.0.3.
 
  ancoralex-2.0.3 is free software and data: you can redistribute it and/or modify
  it under the terms of the GNU General Public License as published
  by the Free Software Foundation, either version 3 of the License,
  or (at your option) any later version.

  ancoralex-2.0.3 is distributed in the hope that it will be useful,
  but WITHOUT ANY WARRANTY; without even the implied warranty of
  MERCHANTABILITY or FITNESS FOR A PARTICULAR PURPOSE.  See the
  GNU General Public License for more details.
 
  You should have received a copy of the GNU General Public License
  along with ancoralex-2.0.3.  If not, see &lt;http://www.gnu.org/licenses/&gt;.
 
  Check a text in catalan explaining the terms of the license at http://www.softcatala.cat/wiki/GPL3.
  In spanish at http://www.viti.es/gnu/licenses/gpl.html
  
  The following paper must be cited when using verb lexicon: 

 * Aparicio, Juan, Mariona Taulé, M.Antònia Martí (2008) 'AnCora-Verb: A Lexical Resource for 
   the Semantic Annotation of Corpora'. Proceedings of 6th International Conference on Language 
   Resources and Evaluation. Marrakesh (Morocco).

  The following paper must be cited when using noun lexicon: 

 * Peris, Aina, Mariona Taulé (2011). AnCora-Nom: A Spanish lexicon of deverbal nominalizations. 
   Procesamiento del Lenguaje Natural, nº46, pp. 11-18.
 
 

 

-->

<lexentry lemma="acompañamiento" lng="es" origin="deverbal" type="noun">
  <sense cousin="no" denotation="result" id="1" lexicalized="no" originlemma="acompañar" originlink="verb.acompañar.1" wordnetsynset="16:05433534+16:00530280">
    <frame appearsinplural="no" type="default">
      <argument argument="arg1" thematicrole="pat">
        <constituent frequency="1" preposition="de" type="sp"/>
      </argument>
      <specifiers>
        <constituent frequency="2" type="void"/>
      </specifiers>
      <reference_modifiers>
        <constituent frequency="1" type="S"/>
      </reference_modifiers>
      <examples>
        <example file="CESS-CAST-P/41_19991002.tbf.xml" nodepath="8.2.1.1.1.1.0.0" sentencenodepath="8">El Gobierno añadió en la ley de <argset><head>acompañamiento </head><argument argument="arg1" function="cn" thematicrole="pat" type="sp">de los Presupuestos_Generales_del_Estado para el año_2000</argument></argset>una nueva modificación de la ley del suelo de 1998 para que no_sólo los planes generales de ordenación urbana , sino_tambien los planes parciales en ambas ciudades , queden bajo el control del Ministerio_de_Fomento . </example>
        <example file="CESS-CAST-P/71_20001002_a.tbf.xml" nodepath="1.0.1.1.1.1.0.2.1.0.0" sentencenodepath="1">En el anexo al anteproyecto de ley de <argset><head>acompañamiento </head><reference_modifiers>aprobado el viernes por el Consejo_de_Ministros</reference_modifiers></argset>se incluye la nueva parrilla de tasas postales para el año próximo , en el que el sello interurbano para cartas de hasta 20 gramos pasa de 35 a 40 pesetas . </example>
      </examples>
    </frame>
  </sense>
</lexentry>
