<?xml version="1.0" encoding="UTF-8" standalone="no"?>
<!-- 

  ancoralex-2.0.3
       
			Copyright (C) 2007,2008,2009,2010,2011 CLiC - UB
			Centre de Llenguatge i Computació - Universitat de Barcelona
 
  This file is part of ancoralex-2.0.3.
 
  ancoralex-2.0.3 is free software and data: you can redistribute it and/or modify
  it under the terms of the GNU General Public License as published
  by the Free Software Foundation, either version 3 of the License,
  or (at your option) any later version.

  ancoralex-2.0.3 is distributed in the hope that it will be useful,
  but WITHOUT ANY WARRANTY; without even the implied warranty of
  MERCHANTABILITY or FITNESS FOR A PARTICULAR PURPOSE.  See the
  GNU General Public License for more details.
 
  You should have received a copy of the GNU General Public License
  along with ancoralex-2.0.3.  If not, see &lt;http://www.gnu.org/licenses/&gt;.
 
  Check a text in catalan explaining the terms of the license at http://www.softcatala.cat/wiki/GPL3.
  In spanish at http://www.viti.es/gnu/licenses/gpl.html
  
  The following paper must be cited when using verb lexicon: 

 * Aparicio, Juan, Mariona Taulé, M.Antònia Martí (2008) 'AnCora-Verb: A Lexical Resource for 
   the Semantic Annotation of Corpora'. Proceedings of 6th International Conference on Language 
   Resources and Evaluation. Marrakesh (Morocco).

  The following paper must be cited when using noun lexicon: 

 * Peris, Aina, Mariona Taulé (2011). AnCora-Nom: A Spanish lexicon of deverbal nominalizations. 
   Procesamiento del Lenguaje Natural, nº46, pp. 11-18.
 
 

 

-->

<lexentry lemma="acoso" lng="es" origin="deverbal" type="noun">
  <sense cousin="no" denotation="result" id="1" lexicalized="no" originlemma="acosar" originlink="verb.acosar.1" wordnetsynset="16:05590065">
    <frame appearsinplural="no" type="default">
      <argument argument="arg0" thematicrole="agt">
        <constituent frequency="2" preposition="de" type="sp"/>
        <constituent frequency="1" type="s.a"/>
      </argument>
      <argument argument="arg1" thematicrole="pat">
        <constituent frequency="1" type="s.a"/>
      </argument>
      <specifiers>
        <constituent frequency="3" postype="article" type="determiner"/>
        <constituent frequency="2" type="void"/>
        <constituent frequency="1" postype="indefinite" type="determiner"/>
      </specifiers>
      <reference_modifiers>
        <constituent frequency="1" type="s.a"/>
        <constituent frequency="1" type="S"/>
      </reference_modifiers>
      <examples>
        <example file="3LB-CAST/d2-5.tbf.xml" nodepath="11.1.2.1.1.1.0" sentencenodepath="11">En ese día aciago , Hristo no dejó de estar al lado de Romario , de defenderle ante <argset><specifier>el</specifier><head>acoso </head><reference_modifiers>un_tanto desconsiderado</reference_modifiers><argument argument="arg0" function="cn" thematicrole="agt" type="sp">de algún fotógrafo</argument></argset>. </example>
        <example file="3LB-CAST/r2-4.tbf.xml" nodepath="4.3.1.0" sentencenodepath="4">Negativa , los grandes de la banca española vivieron <argset><specifier>el</specifier><head>acoso </head><argument argument="arg0" function="cn" thematicrole="agt" type="sp">de ETA</argument></argset>a_comienzos_de la década de los ochenta . </example>
        <example file="3LB-CAST/r2-4.tbf.xml" nodepath="9.0.1.1.1.0.0" sentencenodepath="9">La situación de <argset><head>acoso </head></argset>finalizó tras la explosión de una bomba en las oficinas centrales que el antiguo Banco_de_Vizcaya , ahora BBV , tenía en la Gran_Vía bilbaína y que produjo tres muertos y numerosos heridos . </example>
        <example file="CESS-CAST-P/106_20020402.tbf.xml" nodepath="0.4.1.1.1.1.1.1.1.1.0.0" sentencenodepath="0">Teresa_Rivero , presidenta del Rayo , y el director general , su hijo Álvaro_Ruiz-Mateos , acusaron ayer al Gobierno de ser el promotor de la campaña de <argset><head>acoso </head><argument argument="arg1" function="cn" thematicrole="pat" type="s.a">arbitral</argument></argset>que sufre el club madrileño con_el_objetivo_de mandarlo a Segunda_División . </example>
        <example file="CESS-CAST-P/118_19991001.tbf.xml" nodepath="10.2.2.0.3.1.2.1.0" sentencenodepath="10">Ø Aumentó la presión sobre Guardiola , al que Ø asfixió , y nadie fue capaz ya en el Barça de romper con diagonales <argset><specifier>un</specifier><head>acoso </head><reference_modifiers>que provocaba que , una y otra vez , el cuero cayera en poder del Arsenal</reference_modifiers></argset>. </example>
        <example file="CESS-CAST-P/130_19991001.tbf.xml" nodepath="15.2.3.1.0" sentencenodepath="15">El capitán Manuel_Estiarte aumentó la diferencia , pero España tuvo que sufrir hasta la última jugada <argset><specifier>el</specifier><head>acoso </head><argument argument="arg0" function="cn" thematicrole="agt" type="s.a">australiano</argument></argset>. </example>
      </examples>
    </frame>
  </sense>
  <sense cousin="no" denotation="event" id="2" lexicalized="no" originlemma="acosar" originlink="verb.acosar.1" wordnetsynset="16:05590065">
    <frame appearsinplural="no" type="default">
      <argument argument="arg1" thematicrole="pat">
        <constituent frequency="2" preposition="a" type="sp"/>
      </argument>
      <specifiers>
        <constituent frequency="2" type="void"/>
      </specifiers>
      <examples>
        <example file="CESS-CAST-P/24_19981201.tbf.xml" nodepath="0.0.0.0" sentencenodepath="0"><argset><head>Acoso </head><argument argument="arg1" function="cn" thematicrole="pat" type="sp">al dictador chileno</argument></argset>. </example>
        <example file="CESS-CAST-P/91_19991002.tbf.xml" nodepath="0.2.1.2.2.1.0.1.2.3.1.1.1.0.0" sentencenodepath="0">Ramón_Calderón , uno de los líderes de la oposición a Lorenzo_Sanz , ha recibido varias amenazas telefónicas , entre ellas la de romperle las piernas si Ø mantiene su actitud de <argset><head>acoso </head><argument argument="arg1" function="cn" thematicrole="pat" type="sp">a la directiva madridista</argument></argset>. </example>
      </examples>
    </frame>
  </sense>
</lexentry>
