<?xml version="1.0" encoding="UTF-8" standalone="no"?>
<!-- 

  ancoralex-2.0.3
       
			Copyright (C) 2007,2008,2009,2010,2011 CLiC - UB
			Centre de Llenguatge i Computació - Universitat de Barcelona
 
  This file is part of ancoralex-2.0.3.
 
  ancoralex-2.0.3 is free software and data: you can redistribute it and/or modify
  it under the terms of the GNU General Public License as published
  by the Free Software Foundation, either version 3 of the License,
  or (at your option) any later version.

  ancoralex-2.0.3 is distributed in the hope that it will be useful,
  but WITHOUT ANY WARRANTY; without even the implied warranty of
  MERCHANTABILITY or FITNESS FOR A PARTICULAR PURPOSE.  See the
  GNU General Public License for more details.
 
  You should have received a copy of the GNU General Public License
  along with ancoralex-2.0.3.  If not, see &lt;http://www.gnu.org/licenses/&gt;.
 
  Check a text in catalan explaining the terms of the license at http://www.softcatala.cat/wiki/GPL3.
  In spanish at http://www.viti.es/gnu/licenses/gpl.html
  
  The following paper must be cited when using verb lexicon: 

 * Aparicio, Juan, Mariona Taulé, M.Antònia Martí (2008) 'AnCora-Verb: A Lexical Resource for 
   the Semantic Annotation of Corpora'. Proceedings of 6th International Conference on Language 
   Resources and Evaluation. Marrakesh (Morocco).

  The following paper must be cited when using noun lexicon: 

 * Peris, Aina, Mariona Taulé (2011). AnCora-Nom: A Spanish lexicon of deverbal nominalizations. 
   Procesamiento del Lenguaje Natural, nº46, pp. 11-18.
 
 

 

-->

<lexentry lemma="actuación" lng="es" origin="deverbal" type="noun">
  <sense cousin="no" denotation="result" id="1" lexicalized="no" originlemma="actuar" originlink="verb.actuar.1" wordnetsynset="16:00359430">
    <frame appearsinplural="yes" type="default">
      <argument argument="arg0" thematicrole="agt">
        <constituent frequency="16" preposition="de" type="sp"/>
        <constituent frequency="14" postype="possessive" type="determiner"/>
        <constituent frequency="3" type="s.a"/>
      </argument>
      <argument argument="argM" thematicrole="loc">
        <constituent frequency="11" preposition="en" type="sp"/>
        <constituent frequency="1" type="sp"/>
      </argument>
      <argument argument="argM" thematicrole="tmp">
        <constituent frequency="1" preposition="en" type="sp"/>
      </argument>
      <argument argument="argM" thematicrole="atr">
        <constituent frequency="1" preposition="como" type="sp"/>
      </argument>
      <argument argument="argM" thematicrole="fin">
        <constituent frequency="1" preposition="para" type="sp"/>
      </argument>
      <specifiers>
        <constituent frequency="28" postype="article" type="determiner"/>
        <constituent frequency="6" postype="demonstrative" type="determiner"/>
        <constituent frequency="7" postype="indefinite" type="determiner"/>
        <constituent frequency="15" type="void"/>
        <constituent frequency="1" postype="numeral" type="determiner"/>
        <constituent frequency="14" postype="possessive" type="determiner"/>
      </specifiers>
      <reference_modifiers>
        <constituent frequency="8" type="S"/>
        <constituent frequency="2" preposition="en" type="sp"/>
        <constituent frequency="19" type="s.a"/>
        <constituent frequency="1" preposition="desde" type="sp"/>
        <constituent frequency="1" preposition="a" type="sp"/>
        <constituent frequency="1" preposition="sobre" type="sp"/>
        <constituent frequency="2" type="sn"/>
        <constituent frequency="1" preposition="de" type="sp"/>
        <constituent frequency="1" preposition="con" type="sp"/>
        <constituent frequency="1" preposition="como" type="sp"/>
      </reference_modifiers>
      <examples>
        <example file="3LB-CAST/a15-6.tbf.xml" nodepath="2.2.1.1.1.1.0.1.0.1.1.0" sentencenodepath="2">Ø Es una forma de expresar disconformidad con <argset><specifier>la</specifier><head>actuación </head><argument argument="arg0" function="cn" thematicrole="agt" type="sp">del Gobierno</argument></argset>o con el Estado . </example>
        <example file="3LB-CAST/d1-8.tbf.xml" nodepath="4.1.1.1.1.0" sentencenodepath="4">Pero incluso con <argset><specifier>esa</specifier><head>actuación </head><argument argument="arg0" function="cn" thematicrole="agt" type="sp">del gallego</argument></argset>, el Madrid hubiera encajado más goles si los jugadores atléticos no se hubiesen mostrado blandos o egoístas , acaso confiados por la facilidad con la que Ø se desenvolvían entre unas líneas enemigas de desconcertante permeabilidad . </example>
        <example file="3LB-CAST/d2-7.tbf.xml" nodepath="1.0.1.0" sentencenodepath="1"><argset><argument argument="arg0" thematicrole="agt" type="spec">Su</argument><head>actuación </head></argset>ayer recordó viejos esplendores . </example>
        <example file="3LB-CAST/r2-11.tbf.xml" nodepath="11.5.2.0.1.1.1.0" sentencenodepath="11">Tampoco Ø lo creía de forma radical , aunque algunas de <argset><argument argument="arg0" thematicrole="agt" type="spec">sus</argument><head>actuaciones </head></argset>pudieran darlo a entender . </example>
        <example file="CESS-CAST-A/13476_20000120.tbf.xml" nodepath="0.2.3.5.1.1.0" sentencenodepath="0">El portavoz del PNV en el Congreso , Iñaki_Anasagasti , ha acusado hoy al PP y al PSOE de " manipular hechos lamentables " , en_referencia_a los miembros de estos partidos que sufren la violencia callejera , y Ø les ha pedido que Ø no hagan " carroñerismo " de <argset><specifier>unas</specifier><head>actuaciones </head><reference_modifiers>que su formación considera " intolerables "</reference_modifiers></argset>. </example>
        <example file="CESS-CAST-A/13703_20000518.tbf.xml" nodepath="12.1.1.0" sentencenodepath="12">Aunque los locales basaron su victoria en la fortaleza y la habilidad de sus delanteros , <argset><specifier>la</specifier><head>actuación </head><argument argument="arg0" function="cn" thematicrole="agt" type="sp">del defensa colombiano Mario_Yepes</argument></argset>fue vital para mantener la ventaja en el segundo tiempo . </example>
        <example file="CESS-CAST-A/13853_20000918.tbf.xml" nodepath="7.2.2.1.0" sentencenodepath="7">De no poder jugar Molina lo haría el camerunés Songo'o y es más problemática <argset><specifier>la</specifier><head>actuación </head><argument argument="arg0" function="cn" thematicrole="agt" type="sp">de Emerson</argument></argset>. </example>
        <example file="CESS-CAST-A/15021_20000218.tbf.xml" nodepath="2.5.1.2.2.4.1.1.1.0" sentencenodepath="2">La Cámara también aprobó hoy , con los votos de los grupos de la oposición , el rechazo del PNV y EA y la ausencia en las votaciones de EH , una iniciativa socialista en la que Ø instan al Ejecutivo autónomo a " extremar " <argset><argument argument="arg0" thematicrole="agt" type="spec">su</argument><head>actuación </head><reference_modifiers>en la lucha contra la violencia callejera</reference_modifiers></argset>. </example>
        <example file="CESS-CAST-A/15780_20000620.tbf.xml" nodepath="13.0.1.0.1.1.1.1.0" sentencenodepath="13">Pese_al malestar provocado por <argset><specifier>la</specifier><head>actuación </head><argument argument="arg0" function="cn" thematicrole="agt" type="sp">del Ejército ruso</argument><argument argument="argM" function="cn" thematicrole="loc" type="sp">en Chechenia</argument><reference_modifiers>, condenada en varias ocasiones por la UE</reference_modifiers></argset>, los Quince optaron sólo por tibias sanciones de castigo , mucho más testimoniales que efectivas . </example>
        <example file="CESS-CAST-A/15801_20000123.tbf.xml" nodepath="8.2.1.1" sentencenodepath="8">Ø Es <argset><argument argument="arg0" thematicrole="agt" type="spec">su</argument><reference_modifiers>mejor</reference_modifiers><head>actuación </head></argset>en el Abierto de Australia donde Ø no había pasado de la segunda ronda . </example>
        <example file="CESS-CAST-A/15931_20000320.tbf.xml" nodepath="0.2.2.1.3.1.2.1.0.4.1.1.0" sentencenodepath="0">El lehendakari del Gobierno_Vasco , Juan_José_Ibarretxe , lamentó hoy que en la actual situación política " sobra arrogancia " y faltan " mensajes más tolerantes " , y Ø abogó por que se recupere la defensa del interés general como " columna vertebral " de <argset><specifier>la</specifier><head>actuación </head><argument argument="arg0" function="cn" thematicrole="agt" type="sp">de los partidos</argument></argset>. </example>
        <example file="CESS-CAST-A/16223_20001020.tbf.xml" nodepath="6.2.7.4.1.1.1.1.0" sentencenodepath="6">Ø Reiteró que el PHN " no nos gusta " porque " Ø está vinculado única y exclusivamente a <argset><specifier>las</specifier><head>actuaciones </head><argument argument="argM" function="cn" thematicrole="loc" type="sp">en obra hidráulica</argument>, <argument argument="argM" function="cn" thematicrole="loc" type="sp">única y exclusivamente en una cuenca concreta , la del Ebro</argument></argset>" , en_lugar_de hacer " un diseño del conjunto del Estado " y de políticas " que favorezcan la sostenibilidad del sistema a medio y corto plazo " . </example>
        <example file="CESS-CAST-A/17037_20000423.tbf.xml" nodepath="14.2.2.1.0" sentencenodepath="14">El lehendakari puso_de_relieve que el PNV siempre ha guiado y Ø guiará <argset><argument argument="arg0" thematicrole="agt" type="spec">su</argument><head>actuación </head></argset>sobre dos principios básicos : " el respeto a la vida y a los derechos_humanos , y el respeto a la voluntad de la sociedad vasca " , lo cual , consideró Ø , " ningún otro partido puede decirlo " . </example>
        <example file="CESS-CAST-A/17142_20000321.tbf.xml" nodepath="1.2.0.1.1.1.0" sentencenodepath="1">La prensa deportiva fue crítica con <argset><specifier>la</specifier><head>actuación </head><argument argument="arg0" function="cn" thematicrole="agt" type="sp">del equipo que pese_a ganar 2-1 el partido de ida no deslumbró ante un país que no tiene tradición futbolística y que , empero , llegó a complicar al rival</argument></argset>. </example>
        <example file="CESS-CAST-A/18465_20001023.tbf.xml" nodepath="0.2.1.0" sentencenodepath="0">Las quince medallas conseguidas por el equipo español en la quinta jornada de los Juegos_de_Sydney han certificado <argset><specifier>la</specifier><head>actuación </head><reference_modifiers>más completa</reference_modifiers><argument argument="argM" function="cn" thematicrole="loc" type="sp">en los Paralímpicos</argument><reference_modifiers>desde el comienzo de la competición , que mantienen a los deportistas hispanos en la cúspide del medallero con cuarenta_y_cinco premios , sólo superados por el descollante papel del equipo anfitrión , Australia</reference_modifiers></argset>. </example>
        <example file="CESS-CAST-AA/19343_20000524.tbf.xml" nodepath="1.3.0.2.1.1.1.0.0" sentencenodepath="1">Según la diputada socialista , uno de los mayores errores ha sido limitar en la Ley_de_Hidrocarburos de 1998 la capacidad de <argset><head>actuación </head></argset>de los poderes públicos ante una estructura de la oferta de carácter oligopólico " propensa a ejercer su poder sobre minoristas y consumidores " , además_de establecer un esquema de órganos de defensa de la competencia de " reducidas atribuciones " y " escasa neutralidad y transparencia " . </example>
        <example file="CESS-CAST-AA/20018_20000127.tbf.xml" nodepath="2.3.5.0.1.1.0.0" sentencenodepath="2">En un comunicado , el consorcio eléctrico precisó que el pacto entre Endesa_España y Aguas_Barcelona , que fue suscrito en 1994 y que dio origen a la constitución de la sociedad Interagua , " no supone acuerdo de <argset><head>actuación </head><reference_modifiers>conjunta</reference_modifiers></argset>entre la Empresa_Metropolitana_de_Obras_Sanitarias ( EMOS ) y Enersis " . </example>
        <example file="CESS-CAST-AA/20018_20000127.tbf.xml" nodepath="4.0.5.0.1.1.0.0" sentencenodepath="4">" Según las informaciones recibidas de Endesa_España , matriz de Enersis , el acuerdo antes mencionado no constituye pacto de <argset><head>actuación </head><reference_modifiers>conjunta</reference_modifiers><argument argument="argM" function="cn" thematicrole="loc" type="sp">en Chile</argument></argset>, porque es evidente que Interagua no opera en este país " , subraya la nota . </example>
        <example file="CESS-CAST-AA/20033_20000224.tbf.xml" nodepath="10.2.3.1.1.1.1.1" sentencenodepath="10">A_partir_de ahora , afirma Trias , primará la aceptación de las demandas de los nacionalistas , y durante las últimas semanas el candidato y los dirigentes de la coalición han avanzado diversas hipótesis sobre <argset><argument argument="arg0" thematicrole="agt" type="spec">su</argument><reference_modifiers>futura</reference_modifiers><head>actuación </head><argument argument="argM" function="cn" thematicrole="loc" type="sp">en el Congreso</argument></argset>. </example>
        <example file="CESS-CAST-AA/20120_20000525.tbf.xml" nodepath="10.1.1.1" sentencenodepath="10">En cualquier caso , <argset><specifier>las</specifier><reference_modifiers>sucesivas</reference_modifiers><head>actuaciones </head><reference_modifiers>al alza</reference_modifiers><reference_modifiers>sobre los tipos del BCE</reference_modifiers><reference_modifiers>, cuatro desde el pasado noviembre ,</reference_modifiers></argset>no parecen haber contribuido hasta el momento a la recuperación de la moneda única , que sigue arrastrando el lastre del diferencial de tipos y de crecimiento entre la economía de la eurozona y la estadounidense . </example>
        <example file="CESS-CAST-AA/20165_20000224.tbf.xml" nodepath="1.3.0.1.3.1.0" sentencenodepath="1">" Ø No sabes cómo afrontar nuestro problema con los árbitros , si olvidarte olímpicamente de ellos o no hacerlo . Nos vuelve a tocar un árbitro que con nosotros ha sido bastante nefasto " , señaló Ferreira , quien recordó <argset><specifier>la</specifier><head>actuación </head><argument argument="arg0" function="cn" thematicrole="agt" type="sp">del colegiado madrileño</argument><argument argument="argM" function="cn" thematicrole="loc" type="sp">en dos partidos frente_a la Real_Sociedad y el de esta temporada contra el Racing</argument></argset>. </example>
        <example file="CESS-CAST-AA/20351_20000224.tbf.xml" nodepath="7.2.2.6.1.1.1" sentencenodepath="7">" El Colombiano " de Medellín tituló " ¡Qué_rajada! y Ø asegura que " La tranquilidad de los días previos se convirtió en gran preocupación luego_de <argset><specifier>la</specifier><reference_modifiers>pobrísima</reference_modifiers><head>actuación </head><argument argument="arg0" function="cn" thematicrole="agt" type="sp">de Nacional</argument><argument argument="argM" function="cn" thematicrole="loc" type="sp">en Santiago</argument></argset>. </example>
        <example file="CESS-CAST-AA/20351_20000224.tbf.xml" nodepath="11.2.2.5.2.1.5.2.2.1.0.1.0" sentencenodepath="11">El periódico " El_Heraldo " de Barranquilla , tituló " Goleado_Nacional " y Ø asegura que a_pesar_del resultado el portero Miguel_Calero se destacó , tras señalar que " la paliza pudo haber sido más amplia , de no ser por <argset><specifier>la</specifier><head>actuación </head><argument argument="arg0" function="cn" thematicrole="agt" type="sp">del portero Calero</argument></argset>y la ayuda que Ø recibió de los palos " . </example>
        <example file="CESS-CAST-AA/21176_20000626.tbf.xml" nodepath="7.5.2.0" sentencenodepath="7">Con apenas signos de los problemas en la espalda que le afectaron en la pasada semana , Sampras culminó su trabajo en una hora y 23 minutos <argset>, <specifier>una</specifier>
            <head>actuación </head>
            <reference_modifiers>que amplía su dominio en este torneo , en el que sólo ha perdido una vez en siete años</reference_modifiers>
          </argset>. </example>
        <example file="CESS-CAST-AA/2252_20000704.tbf.xml" nodepath="2.0.1.3.1.1.1" sentencenodepath="2">" El equipo de Doma español consiguió la clasificación para los Juegos_Olímpicos de Sydney tras <argset><specifier>una</specifier><reference_modifiers>excelente</reference_modifiers><head>actuación </head><argument argument="argM" function="cn" thematicrole="loc" type="sp">en los Juegos_Ecuestres_Mundiales_de_Roma</argument></argset>, pero el poderío del equipo alemán es tan claro que ... " , ha comentado a Efe Beatriz_Ferrer_Salat . </example>
        <example file="CESS-CAST-AA/24155_20000629.tbf.xml" nodepath="1.2.0.1.1.3.6.1.0" sentencenodepath="1">La pelea surgió después de que los representantes socialdemócratas y verdes pudieran constatar que algunos de los miembros cristianodemócratas de la comisión se habían reunido con Kohl en_vísperas_de cada sesión <argset>, <head>actuación </head>
            <reference_modifiers>que calificaron de altamente irregular</reference_modifiers>
          </argset>. </example>
        <example file="CESS-CAST-AA/25451_20000531.tbf.xml" nodepath="5.2.1.1.0.1.1.3.2.3.1.1.1.1.0.0" sentencenodepath="5">Las declaraciones de Wadhwani contradicen a las del propio gobernador del Banco_de_Inglaterra , Eddie_George , quien considera que la máxima autoridad monetaria cuenta con escaso margen de <argset><head>actuación </head></argset>para influir en los mercados financieros . </example>
        <example file="CESS-CAST-AA/2735_20000504.tbf.xml" nodepath="4.2.4.1.1" sentencenodepath="4">Ø Argumenta que están " pendientes <argset><specifier>las</specifier><reference_modifiers>presentes</reference_modifiers><head>actuaciones </head><reference_modifiers>de la práctica de diligencias esenciales para determinar la verdadera naturaleza " del caso y su participación en los hechos</reference_modifiers></argset>. </example>
        <example file="CESS-CAST-AA/3291_20000304.tbf.xml" nodepath="4.2.2.1.3.1.3.2.1.1.1.1.1.0" sentencenodepath="4">Fernández_Diaz ha anunciado que su formación seguirá " en_la_línea_de explicar lo que Ø ha conseguido en los últimos cuatro años " y Ø ha advertido de que el PP es la única fuerza política que cuenta con la credibilidad de <argset><argument argument="arg0" thematicrole="agt" type="spec">su</argument><head>actuación </head><argument argument="argM" function="cn" thematicrole="tmp" type="sp">en la pasada legislatura</argument></argset>. </example>
        <example file="CESS-CAST-AA/3502_20001106.tbf.xml" nodepath="4.2.1.3.4.1.0.1.1.1.0" sentencenodepath="4">El Grupo_Socialista ha presentado una enmienda específica a la disposición adicional primera , que se refiere al seguimiento de <argset><specifier>las</specifier><head>actuaciones </head></argset>, porque Ø no incluye a entes públicos dependientes del Ministerio_de_Fomento como el Gestor_de_Infraestructuras_Ferroviarias ( GIF ) , Aeropuertos_Españoles_y_Navegación_Aérea ( AENA ) o Puertos_del_Estado . </example>
        <example file="CESS-CAST-AA/3502_20001106.tbf.xml" nodepath="7.2.3.0.3.1.1.1.1.0.0" sentencenodepath="7">El portavoz socialista criticó también la " falta de planificación " del capítulo de infraestructuras y Ø se preguntó cómo es posible diseñar un programa de <argset><head>actuaciones </head><argument argument="argM" function="cn" thematicrole="loc" type="sp">en carreteras</argument></argset>sin debatir antes un Plan_Nacional_de_Seguridad_Vial o cómo se puede abordar un plan ferroviario sin_contar_con un nuevo contrato-programa de Renfe . </example>
        <example file="CESS-CAST-AA/6354_20000909.tbf.xml" nodepath="3.0.0.0.1.3.1.1" sentencenodepath="3">Vincent_Spadea , que tuvo <argset><argument argument="arg0" thematicrole="agt" type="spec">su</argument><reference_modifiers>mejor</reference_modifiers><head>actuación </head></argset>en un Grand_Slam en 1999 al alcanzar los cuartos de final del Abierto_de_Australia , ocupa actualmente el puesto 119 de la clasificación mundial y Ø no ha tenido una buena temporada , en la que Ø sólo ha ganado dos partidos . </example>
        <example file="CESS-CAST-AA/6482_20000710.tbf.xml" nodepath="13.0.1.1" sentencenodepath="13"><argset><specifier>La</specifier><reference_modifiers>peor</reference_modifiers><head>actuación </head><reference_modifiers>: Sin_duda la de Mark_Roberts , el especialista en streaking , que sonrojó a la rusa Anna_Kournikova en la pista 14 al saltar y desnudarse delante de ella en_cuanto escuchó la voz del juez de silla " bolas_nuevas "</reference_modifiers></argset>. </example>
        <example file="CESS-CAST-AA/8504_20001212.tbf.xml" nodepath="9.2.2.1.2.3.0.0" sentencenodepath="9">El diputado popular Jiménez_Suárez indicó que hay 16 empresas concesionarias de las autopistas de peaje , sobre las que tienen <argset><head>actuación </head></argset>" no_sólo la administración central , sino_también las administraciones regionales , en algunos casos " , por lo que " no se puede aceptar las reformas que pide el PSOE " . </example>
        <example file="CESS-CAST-AA/8842_20000210.tbf.xml" nodepath="0.2.2.4.2.1.0.1.0" sentencenodepath="0">El candidato del PSOE a la Presidencia_del_Gobierno , Joaquín_Almunia , criticó hoy la política exterior del PP y Ø dijo que Ø debería tener_en_cuenta " a las grandes empresas y al juez Garzón " , ya_que con <argset><argument argument="arg0" thematicrole="agt" type="spec">su</argument><head>actuación </head></argset>y el nuevo papel de España en el mundo se abren oportunidades económicas pero se generan riesgos . </example>
        <example file="CESS-CAST-AA/8842_20000210.tbf.xml" nodepath="1.2.1.4.1.1.1.0" sentencenodepath="1">Almunia , quien explicó el programa económico del PSOE en un acto organizado por el Colegio_de_Economistas de Madrid , insistió en que la política exterior de España debe diseñarse de forma diferente atendiendo a <argset><specifier>esas</specifier><head>actuaciones </head></argset>, ya_que Ø aseguró que hay riesgos para los intereses económicos españoles en países como Chile o Argentina y que puede haberlos en Perú , Venezuela o Brasil . </example>
        <example file="CESS-CAST-AA/9698_20000312.tbf.xml" nodepath="2.0.2.1.0" sentencenodepath="2">Flores destacó <argset><specifier>la</specifier><head>actuación </head><argument argument="arg0" function="cn" thematicrole="agt" type="sp">de Tamudo , autor de dos tantos ,</argument></argset>y Ø minimizó el hecho de que el Celta no haya contado con ocho jugadores de su plantilla , porque " Ø disponen de una plantilla de gran nivel " . </example>
        <example file="CESS-CAST-P/101_19991002.tbf.xml" nodepath="9.2.2.1.1.0" sentencenodepath="9">Ello permitirá programar los cambios para <argset><specifier>las 26</specifier><head>actuaciones </head><reference_modifiers>previstas</reference_modifiers></argset>. </example>
        <example file="CESS-CAST-P/101_19991002.tbf.xml" nodepath="12.0.1.1" sentencenodepath="12"><argset><argument argument="arg0" thematicrole="agt" type="spec">Su</argument><reference_modifiers>última</reference_modifiers><head>actuación </head></argset>fue en Mesura_per_mesura , de William_Shakespeare , en el TNC . </example>
        <example file="CESS-CAST-P/102_19981202.tbf.xml" nodepath="9.0.2.4.4.1.1.1.0.0" sentencenodepath="9">Los dos grupos pondrán_en_marcha " todas las medidas necesarias y Ø establecerán un diálogo abierto con sus empleados y sus representantes tan_pronto_como se hayan definido más los planes de <argset><head>actuación </head></argset>" , según el comunicado conjunto . </example>
        <example file="CESS-CAST-P/102_19991001.tbf.xml" nodepath="6.0.1.1.0" sentencenodepath="6">Con <argset><specifier>estas</specifier><head>actuaciones </head></argset>, D'Alema pretende reactivar la ralentizada economía italiana , promover el crecimiento del empleo y reducir el déficit público al 1,5% del producto interior bruto ( PIB ) . </example>
        <example file="CESS-CAST-P/102_19991001.tbf.xml" nodepath="9.2.1.1.1.0.0" sentencenodepath="9">Los recortes presupuestarios en la propia Administración italiana , así_como un conjunto de medidas , que se han anunciado pero que todavía no se han concretado , completarán el programa de <argset><head>actuación </head></argset>dirigido a reducir los niveles de endeudamiento actuales . </example>
        <example file="CESS-CAST-P/117_20010801.tbf.xml" nodepath="1.0.1.0" sentencenodepath="1"><argset><specifier>Esa</specifier><head>actuación </head><argument argument="argM" function="cn" thematicrole="loc" type="sp">en pleno casco antiguo</argument></argset>se completará con la habilitación de dos plazas circundantes . </example>
        <example file="CESS-CAST-P/124_20000102.tbf.xml" nodepath="2.3.1.0" sentencenodepath="2">Bonet no desvió <argset><argument argument="arg0" thematicrole="agt" type="spec">su</argument><head>actuación </head></argset>del trayecto ya descrito en sus otras citas barcelonesas de este año ( Auditori y Plaza_del_Rei ) : una mirada al este que sobrevuela el Mediterráneo ( Mallorca , Italia , Túnez , Grecia ) y avista costas indias de la mano de Shyam_Sunder . </example>
        <example file="CESS-CAST-P/130_19990502.tbf.xml" nodepath="9.0.1.1.0" sentencenodepath="9">De_hecho , <argset><argument argument="arg0" thematicrole="agt" type="spec">su</argument><head>actuación </head><argument argument="argM" function="cn" thematicrole="loc" type="sp">en Garatge</argument></argset>fue de las más concurridas y ni_siquiera un sonido enemigo impidió que Ø saliera de la plaza entre aplausos . </example>
        <example file="CESS-CAST-P/130_19991001.tbf.xml" nodepath="18.0.1.2.4.1.0" sentencenodepath="18">El portero Rollán , que ante Rusia tuvo <argset><specifier>una</specifier><head>actuación </head><reference_modifiers>discreta</reference_modifiers></argset>, se transformó en una muralla casi inexpugnable . </example>
        <example file="CESS-CAST-P/135_19991201_b.tbf.xml" nodepath="3.2.1.1.1.1.0.0" sentencenodepath="3">El concierto forma_parte de una serie de <argset><head>actuaciones </head><reference_modifiers>únicas</reference_modifiers><reference_modifiers>que diversos músicos catalanes realizarán esta temporada</reference_modifiers></argset>. </example>
        <example file="CESS-CAST-P/135_19991201_d.tbf.xml" nodepath="2.0.0.1.1.1.1.0.0" sentencenodepath="2">Tras una hora de <argset><head>actuación </head></argset>, Ø se sintió indispuesto y Ø se retiró detrás_del escenario . </example>
        <example file="CESS-CAST-P/136_20010102_b.tbf.xml" nodepath="8.2.1.0" sentencenodepath="8">Este montaje , que pasó en el 2000 por el Palau_de_la_Música , incluye <argset><specifier>las</specifier><head>actuaciones </head><argument argument="arg0" function="cn" thematicrole="agt" type="sp">de los grupos rumanos Taraf_de_Haïdouks y Fanfare_Ciocarlia , la cantante macedonia Esma_Redzepova y la formación india Los_Gitanos_de_Rajastán</argument></argset>. </example>
        <example file="CESS-CAST-P/142_20010302.tbf.xml" nodepath="2.0.2.1.0" sentencenodepath="2">Los hechos que motivaron la apertura del expediente al jugador del Espanyol , así_como <argset><specifier>las</specifier><head>actuaciones </head><reference_modifiers>realizadas ante las sospechas de que el pasaporte de Delio_Toledo sea ilegal</reference_modifiers></argset>, se encuentran desde ayer en la Fiscalía_de_Madrid . </example>
        <example file="CESS-CAST-P/146_19991001.tbf.xml" nodepath="13.1.1.0" sentencenodepath="13">Los sábados , <argset><specifier>las</specifier><head>actuaciones </head></argset>serán a las 17.30 horas . </example>
        <example file="CESS-CAST-P/146_19991001.tbf.xml" nodepath="17.2.2.1.0" sentencenodepath="17">La compañía sevillana Los_Baldivia presentará Soñando_espero , y Ø repetirá <argset><argument argument="arg0" thematicrole="agt" type="spec">su</argument><head>actuación </head></argset>el Sábado y el domingo , a_partir_de las 17.30 horas . </example>
        <example file="CESS-CAST-P/36_20000501.tbf.xml" nodepath="65.4.1.0" sentencenodepath="65">Pero Ø sólo podremos modificar <argset><specifier>la</specifier><head>actuación </head><argument argument="arg0" function="cn" thematicrole="agt" type="sp">de CiU</argument></argset>cuando el PSC deje de respaldar los planteamientos de los nacionalistas y Ø se sume sin complejos a la defensa de una sociedad bilingüe . </example>
        <example file="CESS-CAST-P/37_19990301.tbf.xml" nodepath="18.0.2.1.1.1.5.1.1.0" sentencenodepath="18">El impacto de los aludes en los Alpes y el hecho de que las explosiones de Salou no se vincularan con <argset><specifier>una</specifier><head>actuación </head><argument argument="arg0" function="cn" thematicrole="agt" type="s.a">terrorista</argument></argset>desviaron la atención informativa , según explicaron fuentes de los turoperadores de la zona . </example>
        <example file="CESS-CAST-P/38_19990902_e.tbf.xml" nodepath="1.3.1.2.4.1.1.1.0" sentencenodepath="1">El ex secretario general de la Presidència explica en L'ombra_del_poder sus experiencias en la Generalitat , de las que Ø recuerda que en <argset><specifier>muchas</specifier><head>actuaciones </head></argset>Ø actuó de " pararrayos " de Jordi_Pujol . </example>
        <example file="CESS-CAST-P/3_19990102.tbf.xml" nodepath="3.0.1.1.1" sentencenodepath="3">En <argset><argument argument="arg0" thematicrole="agt" type="spec">su</argument><reference_modifiers>última</reference_modifiers><head>actuación </head><argument argument="argM" function="cn" thematicrole="atr" type="sp">como presidente del Consejo_de_Economía</argument></argset>, el ministro austriaco , Rudolf_Edlinger , resaltó el jueves que " el momento es idóneo para la introducción del euro " , con un crecimiento sostenido , las cuentas públicas saneadas y una inflación muy baja . </example>
        <example file="CESS-CAST-P/41_20010502.tbf.xml" nodepath="1.0.1.0" sentencenodepath="1"><argset><specifier>Esta</specifier><head>actuación </head></argset>fue , según la comisión , incompatible con el cargo de presidente . </example>
        <example file="CESS-CAST-P/42_20020802.tbf.xml" nodepath="2.2.1.2.3.3.1.2.1.0.0" sentencenodepath="2">El problema es que las noches musicales de esta tele siempre riman igual : una pareja de presentadores simpatiquísimos ( ahora son Guillermo_Romero y Patricia_Betancort ) que mantienen diálogos surrealistas para dar entrada a <argset><head>actuaciones </head><reference_modifiers>con la música enlatada</reference_modifiers></argset>. </example>
        <example file="CESS-CAST-P/47_20000602.tbf.xml" nodepath="2.4.1.1.2.1.1.0" sentencenodepath="2">La tensión que enfrenta al PNV y al PP se disparó ayer con otro cruce de acusaciones a_cuenta_de <argset><specifier>la</specifier><head>actuación </head><argument argument="arg0" function="cn" thematicrole="agt" type="sp">del Ministerio_del_Interior</argument></argset>. </example>
        <example file="CESS-CAST-P/50_19991101.tbf.xml" nodepath="3.3.1.0" sentencenodepath="3">En esta zona de Manresa se están realizando <argset><specifier>otras</specifier><head>actuaciones </head><argument argument="argM" function="cn" thematicrole="fin" type="sp">para mejorar la circulación y la apertura de la ciudad al Eix_Transversal</argument><reference_modifiers>, como la prolongación de la calle de la Pau , el camino del Aigua y la mejora de la calle de la Concòrdia , que podría abrirse al tráfico este mes</reference_modifiers></argset>. </example>
        <example file="CESS-CAST-P/56_20000801_f.tbf.xml" nodepath="1.4.1.1.1.1.0.0" sentencenodepath="1">La Conselleria_de_Medi_Ambient ha aprobado el proyecto de ampliación de la red de abastecimiento de agua potable de Juncosa , por 73 millones , dentro_de un programa de <argset><head>actuaciones </head><reference_modifiers>urgentes</reference_modifiers></argset>. </example>
        <example file="CESS-CAST-P/56_20000801_k.tbf.xml" nodepath="1.3.2.1.0.1.1.1.0" sentencenodepath="1">Los últimos vecinos de los pisos situados en los números 2 , 4 , y 6 de la avenida de Can_Bordoll del barrio de Can_Roqueta de Sabadell , declarados en estado de ruina , fueron desalojados ayer por la mañana , sin resistencia , pero con críticas a <argset><specifier>la</specifier><head>actuación </head><argument argument="arg0" function="cn" thematicrole="agt" type="sp">del ayuntamiento , que inició inmediatamente el derribo de los edificios</argument></argset>. </example>
        <example file="CESS-CAST-P/56_20020402.tbf.xml" nodepath="3.4.1.1.0" sentencenodepath="3">En octubre_del_2000 , la Fiscalía_Anticorrupción se quejó de <argset><specifier>la</specifier><head>actuación </head><argument argument="arg0" function="cn" thematicrole="agt" type="sp">del Banco_de_España</argument><reference_modifiers>en el caso Privanza , un supuesto fraude que es investigado desde agosto de ese año</reference_modifiers></argset>. </example>
        <example file="CESS-CAST-P/66_20000601.tbf.xml" nodepath="5.2.1.2.0" sentencenodepath="5">El director del hospital aseguró que <argset><specifier>la</specifier>" <head>actuación </head><argument argument="arg0" function="cn" thematicrole="agt" type="s.a">médica</argument></argset>fue correcta " . </example>
        <example file="CESS-CAST-P/71_20010702.tbf.xml" nodepath="3.4.0.1.0" sentencenodepath="3">Desde el inicio de la marcha , en el triste escenario de los mayores golpes , el tema de conversación era <argset><specifier>la</specifier><head>actuación </head><argument argument="arg0" function="cn" thematicrole="agt" type="s.a">policial</argument></argset>y los recuerdos de guerra . </example>
        <example file="CESS-CAST-P/76_19981201.tbf.xml" nodepath="3.1.1.1.1.0.0" sentencenodepath="3">En_la_práctica , el ámbito de <argset><head>actuación </head></argset>de Ports_de_la_Generalitat es el de todos los puertos , pesqueros , industriales y deportivos , que existen en el litoral , a_excepción_de los puertos autónomos de Barcelona y Tarragona y el de Mataró , que gestiona un consorcio integrado por representantes de la Administración autonómica y de la municipal . </example>
        <example file="CESS-CAST-P/76_19981201.tbf.xml" nodepath="4.3.1.1.1.1.3.2.1.1.0.0" sentencenodepath="4">La nueva empresa tiene como objetivos fundamentales la creación de un frente portuario catalán que sirva para desarrollar <argset><head>actuaciones </head><reference_modifiers>comerciales e industriales</reference_modifiers><reference_modifiers>coordinadas entre los distintos puertos</reference_modifiers></argset>. </example>
        <example file="CESS-CAST-P/80_20000701.tbf.xml" nodepath="13.0.1.1.0" sentencenodepath="13">" <argset><specifier>Estas</specifier><head>actuaciones </head></argset>demuestran que Barcelona apuesta por el comercio de barrio " , afirma Narváez . </example>
        <example file="CESS-CAST-P/86_19990702.tbf.xml" nodepath="4.3.1.1" sentencenodepath="4">Los espontáneos se repartieron <argset><specifier>las</specifier><reference_modifiers>primeras</reference_modifiers><head>actuaciones </head></argset>mientras Ø esperaban a los Bomberos_de_Barcelona . </example>
        <example file="CESS-CAST-P/97_19991102.tbf.xml" nodepath="6.4.1.0" sentencenodepath="6">El grupo teatral de Canet ya preparó el año pasado <argset><specifier>dos</specifier><head>actuaciones </head><reference_modifiers>especiales</reference_modifiers></argset>para despedir 1998 . </example>
        <example file="CESS-CAST-P/98_20011101.tbf.xml" nodepath="1.0.1.0" sentencenodepath="1"><argset><specifier>La</specifier><head>actuación </head></argset>formaba_parte del ciclo La_capsa_de_música . </example>
      </examples>
    </frame>
  </sense>
</lexentry>
