<?xml version="1.0" encoding="UTF-8" standalone="no"?>
<!-- 

  ancoralex-2.0.3
       
			Copyright (C) 2007,2008,2009,2010,2011 CLiC - UB
			Centre de Llenguatge i Computació - Universitat de Barcelona
 
  This file is part of ancoralex-2.0.3.
 
  ancoralex-2.0.3 is free software and data: you can redistribute it and/or modify
  it under the terms of the GNU General Public License as published
  by the Free Software Foundation, either version 3 of the License,
  or (at your option) any later version.

  ancoralex-2.0.3 is distributed in the hope that it will be useful,
  but WITHOUT ANY WARRANTY; without even the implied warranty of
  MERCHANTABILITY or FITNESS FOR A PARTICULAR PURPOSE.  See the
  GNU General Public License for more details.
 
  You should have received a copy of the GNU General Public License
  along with ancoralex-2.0.3.  If not, see &lt;http://www.gnu.org/licenses/&gt;.
 
  Check a text in catalan explaining the terms of the license at http://www.softcatala.cat/wiki/GPL3.
  In spanish at http://www.viti.es/gnu/licenses/gpl.html
  
  The following paper must be cited when using verb lexicon: 

 * Aparicio, Juan, Mariona Taulé, M.Antònia Martí (2008) 'AnCora-Verb: A Lexical Resource for 
   the Semantic Annotation of Corpora'. Proceedings of 6th International Conference on Language 
   Resources and Evaluation. Marrakesh (Morocco).

  The following paper must be cited when using noun lexicon: 

 * Peris, Aina, Mariona Taulé (2011). AnCora-Nom: A Spanish lexicon of deverbal nominalizations. 
   Procesamiento del Lenguaje Natural, nº46, pp. 11-18.
 
 

 

-->

<lexentry lemma="adición" lng="es" origin="deverbal" type="noun">
  <sense cousin="no" denotation="event" id="1" lexicalized="no" originlemma="añadir" originlink="verb.añadir.1" wordnetsynset="16:00233991">
    <frame appearsinplural="no" type="default">
      <argument argument="arg1" thematicrole="pat">
        <constituent frequency="1" preposition="de" type="sp"/>
      </argument>
      <specifiers>
        <constituent frequency="1" postype="article" type="determiner"/>
      </specifiers>
      <reference_modifiers>
        <constituent frequency="1" type="s.a"/>
      </reference_modifiers>
      <examples>
        <example file="CESS-CAST-A/1592_20001203.tbf.xml" nodepath="6.2.2.1.4.4.1.0" sentencenodepath="6">" Ø Tenemos dificultades - prosiguió Pascual - para conseguir estos permisos de operación en diferentes aeropuertos " y Ø añadió que , aunque el ministro de Fomento , Francisco_Alvarez_Cascos , ha señalado que la suma de las dos compañías no supone <argset><specifier>la</specifier><head>adición </head><reference_modifiers>aritmética</reference_modifiers><argument argument="arg1" function="cn" thematicrole="pat" type="sp">de los permisos que poseen ambas</argument></argset>, " Ø estaremos atentos , dado_que Ø podría atentar a la libre competencia " . </example>
      </examples>
    </frame>
  </sense>
  <sense cousin="no" denotation="event" id="2" lexicalized="no" originlemma="añadir" originlink="verb.añadir.2" wordnetsynset="16:00233991">
    <frame appearsinplural="no" type="default">
      <argument argument="arg1" thematicrole="pat">
        <constituent frequency="1" postype="possessive" type="determiner"/>
      </argument>
      <argument argument="arg2">
        <constituent frequency="1" preposition="a" type="sp"/>
      </argument>
      <examples>
        <example file="3LB-CAST/dc3-7.tbf.xml" nodepath="6.3.0.2.1.1.0" sentencenodepath="6">Algunos de los metalomacrociclos anteriormente descritos han encontrado ya aplicaciones prácticas : <argset><argument argument="arg1" thematicrole="pat" type="spec">su</argument><head>adición </head><argument argument="arg2" function="cn" type="sp">a los - films - de materiales plásticos</argument></argset>les confiere la suficiente conductividad para evitar que Ø se carguen eléctricamente , evitando los serios problemas técnicos que ello conlleva . </example>
      </examples>
      <specifiers>
        <constituent frequency="1" postype="possessive" type="determiner"/>
      </specifiers>
    </frame>
  </sense>
  <sense cousin="no" denotation="underspecified" id="3" lexicalized="no" originlemma="añadir" originlink="verb.añadir.2" wordnetsynset="16:09904938">
    <frame appearsinplural="no" type="default">
      <argument argument="arg1" thematicrole="pat">
        <constituent frequency="1" preposition="de" type="sp"/>
        <constituent frequency="1" type="sp"/>
      </argument>
      <argument argument="arg2">
        <constituent frequency="1" preposition="a" type="sp"/>
      </argument>
      <argument argument="argM" thematicrole="adv">
        <constituent frequency="1" type="sp"/>
      </argument>
      <specifiers>
        <constituent frequency="2" postype="article" type="determiner"/>
      </specifiers>
      <examples>
        <example file="3LB-CAST/dc3-1.tbf.xml" nodepath="1.3.5.1.0" sentencenodepath="1">Es éste un término tomado de los semiconductores metálicos de modo un_tanto libre , pues en los polímeros orgánicos conductores Ø exige <argset><specifier>la</specifier><head>adición </head><argument argument="arg1" function="cn" thematicrole="pat" type="sp">de cantidades notables de - agente dopante -</argument><argument argument="argM" function="cn" thematicrole="adv" type="sp">, a_veces con importantes cambios estructurales en el polímero</argument></argset>. </example>
        <example file="3LB-CAST/dc3-1.tbf.xml" nodepath="9.2.1.0" sentencenodepath="9">La primera , y más simple , solución en este sentido fue <argset><specifier>la</specifier><head>adición </head><argument argument="arg2" function="cn" type="sp">a un polímero , un plástico ,</argument><argument argument="arg1" function="cn" thematicrole="pat" type="sp">de fibrillas o partículas metálicas o de otra sustancia conductora , como el grafito</argument></argset>. </example>
      </examples>
    </frame>
  </sense>
</lexentry>
