<?xml version="1.0" encoding="UTF-8" standalone="no"?>
<!-- 

  ancoralex-2.0.3
       
			Copyright (C) 2007,2008,2009,2010,2011 CLiC - UB
			Centre de Llenguatge i Computació - Universitat de Barcelona
 
  This file is part of ancoralex-2.0.3.
 
  ancoralex-2.0.3 is free software and data: you can redistribute it and/or modify
  it under the terms of the GNU General Public License as published
  by the Free Software Foundation, either version 3 of the License,
  or (at your option) any later version.

  ancoralex-2.0.3 is distributed in the hope that it will be useful,
  but WITHOUT ANY WARRANTY; without even the implied warranty of
  MERCHANTABILITY or FITNESS FOR A PARTICULAR PURPOSE.  See the
  GNU General Public License for more details.
 
  You should have received a copy of the GNU General Public License
  along with ancoralex-2.0.3.  If not, see &lt;http://www.gnu.org/licenses/&gt;.
 
  Check a text in catalan explaining the terms of the license at http://www.softcatala.cat/wiki/GPL3.
  In spanish at http://www.viti.es/gnu/licenses/gpl.html
  
  The following paper must be cited when using verb lexicon: 

 * Aparicio, Juan, Mariona Taulé, M.Antònia Martí (2008) 'AnCora-Verb: A Lexical Resource for 
   the Semantic Annotation of Corpora'. Proceedings of 6th International Conference on Language 
   Resources and Evaluation. Marrakesh (Morocco).

  The following paper must be cited when using noun lexicon: 

 * Peris, Aina, Mariona Taulé (2011). AnCora-Nom: A Spanish lexicon of deverbal nominalizations. 
   Procesamiento del Lenguaje Natural, nº46, pp. 11-18.
 
 

 

-->

<lexentry lemma="admisión" lng="es" origin="deverbal" type="noun">
  <sense cousin="no" denotation="event" id="1" lexicalized="no" originlemma="admitir" originlink="verb.admitir.1" wordnetsynset="16:cs1+16:00810466+16:04031707">
    <frame appearsinplural="no" type="default">
      <argument argument="arg1" thematicrole="pat">
        <constituent frequency="5" preposition="de" type="sp"/>
        <constituent frequency="1" postype="possessive" type="determiner"/>
      </argument>
      <argument argument="argM" thematicrole="adv">
        <constituent frequency="1" type="s.a"/>
      </argument>
      <argument argument="argM" thematicrole="fin">
        <constituent frequency="3" preposition="a" type="sp"/>
        <constituent frequency="1" preposition="en" type="sp"/>
      </argument>
      <specifiers>
        <constituent frequency="5" postype="article" type="determiner"/>
        <constituent frequency="1" postype="possessive" type="determiner"/>
      </specifiers>
      <examples>
        <example file="CESS-CAST-A/11811_20000516.tbf.xml" nodepath="9.0.1.0" sentencenodepath="9"><argset><specifier>La</specifier><head>admisión </head><argument argument="argM" function="cn" thematicrole="adv" type="s.a">oficial</argument><argument argument="arg1" function="cn" thematicrole="pat" type="sp">de la " irregularidad "</argument></argset>supone una grave contradicción para la imagen exterior de los comicios pues Díaz había negado , pocas horas antes y ante las cámaras de televisión , que sus hombres hubieran estado despojando de las cédulas a ciudadanos de tez oscura . </example>
        <example file="CESS-CAST-A/1617_20000703.tbf.xml" nodepath="7.2.3.1.1.3.1.1.0" sentencenodepath="7">En ese momento , los funcionarios de asilo empiezan el estudio del expediente del solicitante y en un período de tres días Ø adoptan una resolución , que puede ser tanto <argset><specifier>la</specifier><head>admisión </head><argument argument="argM" function="cn" thematicrole="fin" type="sp">a trámite</argument><argument argument="arg1" function="cn" thematicrole="pat" type="sp">de la petición de asilo político</argument></argset>como su denegación . </example>
        <example file="CESS-CAST-A/1617_20000703.tbf.xml" nodepath="8.0.1.1.1.1.1.1.0" sentencenodepath="8">En el caso de que <argset><specifier>la</specifier><head>admisión </head><argument argument="argM" function="cn" thematicrole="fin" type="sp">a trámite</argument><argument argument="arg1" function="cn" thematicrole="pat" type="sp">de la solicitud de asilo</argument></argset>sea denegada , el demandante puede requerir una revisión de su caso , que es estudiado en un plazo de dos días . </example>
        <example file="CESS-CAST-A/1617_20000703.tbf.xml" nodepath="9.1.2.0.2.1.0" sentencenodepath="9">Agotado este plazo , los funcionarios de asilo comunican su decisión y , si <argset><specifier>la</specifier><head>admisión </head><argument argument="argM" function="cn" thematicrole="fin" type="sp">a trámite</argument><argument argument="arg1" function="cn" thematicrole="pat" type="sp">de la petición de asilo</argument></argset>es denegada de_nuevo , se aplica la Ley_de_Extranjería , lo que puede llevar al retorno del solicitante a su país de origen o a su entrada en España por razones humanitarias . </example>
        <example file="CESS-CAST-AA/2232_20001103.tbf.xml" nodepath="6.0.1.0" sentencenodepath="6"><argset><argument argument="arg1" thematicrole="pat" type="spec">Su</argument><head>admisión </head></argset>volvió a generar preguntas sobre el pasado del político , quien ha evitado decir con claridad si Ø consumió en el pasado drogas , aunque Ø sí asegura que Ø no lo ha hecho en los últimos 25 años . </example>
        <example file="CESS-CAST-AA/6582_20001209.tbf.xml" nodepath="5.3.1.3.1.2.1.1.0" sentencenodepath="5">26_de_julio . - El líder laborista supera tres mociones de censura de la oposición de_derechas , una de ellas por <argset><specifier>la</specifier><head>admisión </head><argument argument="arg1" function="cn" thematicrole="pat" type="sp">de un diputado de la minoría árabe</argument><argument argument="argM" function="cn" thematicrole="fin" type="sp">en la comisión más importante del Parlamento</argument></argset>. </example>
      </examples>
    </frame>
  </sense>
</lexentry>
