<?xml version="1.0" encoding="UTF-8" standalone="no"?>
<!-- 

  ancoralex-2.0.3
       
			Copyright (C) 2007,2008,2009,2010,2011 CLiC - UB
			Centre de Llenguatge i Computació - Universitat de Barcelona
 
  This file is part of ancoralex-2.0.3.
 
  ancoralex-2.0.3 is free software and data: you can redistribute it and/or modify
  it under the terms of the GNU General Public License as published
  by the Free Software Foundation, either version 3 of the License,
  or (at your option) any later version.

  ancoralex-2.0.3 is distributed in the hope that it will be useful,
  but WITHOUT ANY WARRANTY; without even the implied warranty of
  MERCHANTABILITY or FITNESS FOR A PARTICULAR PURPOSE.  See the
  GNU General Public License for more details.
 
  You should have received a copy of the GNU General Public License
  along with ancoralex-2.0.3.  If not, see &lt;http://www.gnu.org/licenses/&gt;.
 
  Check a text in catalan explaining the terms of the license at http://www.softcatala.cat/wiki/GPL3.
  In spanish at http://www.viti.es/gnu/licenses/gpl.html
  
  The following paper must be cited when using verb lexicon: 

 * Aparicio, Juan, Mariona Taulé, M.Antònia Martí (2008) 'AnCora-Verb: A Lexical Resource for 
   the Semantic Annotation of Corpora'. Proceedings of 6th International Conference on Language 
   Resources and Evaluation. Marrakesh (Morocco).

  The following paper must be cited when using noun lexicon: 

 * Peris, Aina, Mariona Taulé (2011). AnCora-Nom: A Spanish lexicon of deverbal nominalizations. 
   Procesamiento del Lenguaje Natural, nº46, pp. 11-18.
 
 

 

-->

<lexentry lemma="administración" lng="es" origin="deverbal" type="noun">
  <sense cousin="no" denotation="result" id="1" lexicalized="no" originlemma="administrar" originlink="verb.administrar.1" wordnetsynset="16:06188759+16:02808632+16:06071657">
    <frame appearsinplural="yes" type="default">
      <argument argument="arg0" thematicrole="agt">
        <constituent frequency="1" postype="possessive" type="determiner"/>
        <constituent frequency="3" preposition="de" type="sp"/>
      </argument>
      <argument argument="arg1" thematicrole="pat">
        <constituent frequency="4" preposition="de" type="sp"/>
        <constituent frequency="7" type="s.a"/>
      </argument>
      <specifiers>
        <constituent frequency="15" type="void"/>
        <constituent frequency="29" postype="article" type="determiner"/>
        <constituent frequency="2" postype="numeral" type="determiner"/>
        <constituent frequency="2" postype="indefinite" type="determiner"/>
        <constituent frequency="1" postype="demonstrative" type="determiner"/>
        <constituent frequency="1" postype="possessive" type="determiner"/>
      </specifiers>
      <reference_modifiers>
        <constituent frequency="9" type="s.a"/>
        <constituent frequency="1" preposition="en" type="sp"/>
      </reference_modifiers>
      <examples>
        <example file="3LB-CAST/104_c-1.tbf.xml" nodepath="5.3.1.1.2.4.1.1.4.0" sentencenodepath="5">Pujol urgió la necesidad de esta medida legal durante una cena organizada anoche por la patronal de la pequeña y mediana empresa , Pimec-Sefes , en la que Ø también advirtió a <argset>los empresarios , sindicatos y <head>administraciones </head>
          </argset>a que Ø cumplan con la normativa laboral en_materia_de prevención de la siniestralidad . </example>
        <example file="3LB-CAST/104_c-1.tbf.xml" nodepath="10.3.1.0.4.0" sentencenodepath="10">En este sentido , Ø instó a <argset>empresarios , sindicatos y <head>administraciones </head>
          </argset>a " cumplir la ley " de prevención de riesgos en el trabajo ya_que , a su juicio , " Ø no vamos bien en lo que respecta a la siniestralidad " . </example>
        <example file="3LB-CAST/2000060111_5-2.tbf.xml" nodepath="5.2.2.0.1.4.1.0.2.1.0.1.3.1.1.1" sentencenodepath="5">Gutiérrez no se arrepiente de haber participado en la insurrección contra Mahuad y Ø está seguro que la actitud de los oficiales se debió al elevado grado de corrupción que Ø dice hubo durante <argset><specifier>la</specifier><reference_modifiers>anterior</reference_modifiers><head>administración </head></argset>. </example>
        <example file="3LB-CAST/211_C-1.tbf.xml" nodepath="2.3.4.1.1.3.1.2.6.6.1.1.1.1.1.1.2.1.0" sentencenodepath="2">En la puerta de la casa presidencial , Banzer dijo que Ø recibió de Sánchez_de_Lozada un documento en el que el MNR resumió sus principales preocupaciones , de las que Ø sólo reveló algunas , porque antes Ø las comunicará a los demás socios de la coalición que respalda <argset><argument argument="arg0" thematicrole="agt" type="spec">su</argument><head>administración </head></argset>. </example>
        <example file="CESS-CAST-A/12547_20000119.tbf.xml" nodepath="6.3.1.1.1.1.2.0.3.1.0.0.0" sentencenodepath="6">Desde IU se va a impulsar la creación de un consorcio que se denominará Iperea ( Instituciones_por_las_Energías_Renovables_de_Andalucía ) , que integrará a <argset><head>administraciones </head><reference_modifiers>locales</reference_modifiers>y universidades </argset>, y que pretende alcanzar para el 2004 un 15_por_ciento de consumo con energías alternativas , " tal_y_como propone la UE " . </example>
        <example file="CESS-CAST-A/12812_20001116.tbf.xml" nodepath="9.0.0.1.0" sentencenodepath="9"><argset><specifier>La</specifier><head>administración </head><argument argument="arg0" function="cn" thematicrole="agt" type="sp">de Clinton</argument></argset>anunció que EEUU apoyará el Tratado_de_Prohibición en el año_2006 , siempre_que Ø encuentre un arma alternativa , recordó HI . </example>
        <example file="CESS-CAST-A/12873_20000819.tbf.xml" nodepath="3.2.1.1.2.1.1.4.2.1.1.4.0.0.1.0" sentencenodepath="3">La grúa Titán trabaja en el re-flotamiento de la nave , operación que no ha afectado el tránsito normal de barcos por la vía acuática , según la ACP , que el pasado 31_de_diciembre asumió <argset><specifier>la</specifier><head>administración </head></argset>y mantenimiento de la ruta interoceánica , en sustitución de la estadounidense Comisión_del_Canal_de_Panamá . </example>
        <example file="CESS-CAST-A/13968_20000317.tbf.xml" nodepath="10.4.1.2.1.1.0.1.1.0.1.1.1.0" sentencenodepath="10">Con este discurso claramente " electoralista " , coinciden en apuntar hoy los analistas , Jospin dio un golpe de timón al despojarse de su talante de " gestor ortodoxo " del Estado y erigirse en repartidor de millardos para <argset><specifier>la</specifier><head>administración </head><reference_modifiers>pública</reference_modifiers></argset>. </example>
        <example file="CESS-CAST-A/15197_20000823.tbf.xml" nodepath="0.0.1.2.1.1.0" sentencenodepath="0">Un error mecanográfico de <argset><specifier>la</specifier><head>administración </head><argument argument="arg1" function="cn" thematicrole="pat" type="sp">del Werder_Bremen</argument></argset>puede costar caro al club alemán , al que el NK_Zagreb pide 3,8 millones de marcos más de lo que fue acordado entre los clubes por el traspaso de Ivica_Banovic . </example>
        <example file="CESS-CAST-A/17655_20000125.tbf.xml" nodepath="4.0.0.2.1.1.1.1.1.0" sentencenodepath="4">Sin_embargo y contra toda previsión de <argset><specifier>la</specifier><head>administración </head></argset>, en los últimos seis años el desempleo ha crecido de manera alarmante y hoy Ø alcanza a más del 30_por_ciento de la población activa . </example>
        <example file="CESS-CAST-A/18485_20000724.tbf.xml" nodepath="2.2.4.1.1.1.1.0" sentencenodepath="2">La consejera dijo que en el encuentro se puso_de_manifiesto la voluntad de <argset><specifier>ambas</specifier><head>administraciones </head></argset>de establecer una " relación fluida " para el tratamiento de todos los asuntos planteados , que son " absolutamente prioritarios " y de " vital importancia " para el desarrollo de Andalucía , aunque no hubo compromisos concretos respecto_a plazos . </example>
        <example file="CESS-CAST-AA/20018_20000127.tbf.xml" nodepath="8.2.4.2.0.3.0.1.1.1.1.0.1.1.1.1.1.0.1.1.0.0" sentencenodepath="8">Endesa_España , en_tanto , controla en Chile al principal grupo eléctrico ( ENERSIS ) y paralelamente Ø tiene un 11_por_ciento del capital de Aguas_Barcelona , lo que le da derecho a contar con tres de los quince miembros del consejo de <argset><head>administración </head></argset>de la compañía . </example>
        <example file="CESS-CAST-AA/20443_20000128.tbf.xml" nodepath="3.5.3.1.0.4.1.1.0" sentencenodepath="3">Este , añadió Ø , " está por_encima_de otras consideraciones " , por lo que , aunque el caso de Elián sea " sensible políticamente , Ø creo que <argset><specifier>la</specifier><head>administración </head><argument argument="arg1" function="cn" thematicrole="pat" type="s.a">norteamericana</argument></argset>está haciendo lo que Ø tiene que hacer al_respecto " . </example>
        <example file="CESS-CAST-AA/2137_20000704.tbf.xml" nodepath="11.0.0.1.0" sentencenodepath="11"><argset><specifier>La propia</specifier><head>administración </head><argument argument="arg0" function="cn" thematicrole="agt" type="sp">de Miyazawa</argument></argset>se vio sacudida en 1992 por escándalos de corrupción y sobornos y el año siguiente , aún bajo su presidencia , el Partido_Liberal_Democratico ( PLD ) sufrió una derrota electoral que dio origen al único paréntesis en los 38 años de gobierno ininterrumpido desde su fundación . </example>
        <example file="CESS-CAST-AA/23278_20001129.tbf.xml" nodepath="3.4.3.2.1.4.1.1.0" sentencenodepath="3">José_Manuel_Muñiz explicó además a Franz_Fischler que es necesario " mitigar la creciente carga de escepticismo e incluso de negatividad que se nota en el sector pesquero hacia <argset><specifier>la</specifier><head>administración </head><argument argument="arg1" function="cn" thematicrole="pat" type="s.a">comunitaria</argument></argset>" , por lo que Ø abogó por crear instrumentos de colaboración entre las autoridades y las organizaciones pesqueras profesionales . </example>
        <example file="CESS-CAST-AA/24215_20001030.tbf.xml" nodepath="3.0.1.0" sentencenodepath="3"><argset><specifier>Ninguna</specifier><head>administración </head><argument argument="arg1" function="cn" thematicrole="pat" type="s.a">regional</argument></argset>obtuvo el partido gubernamental en los comicios del domingo , convocados para elegir gobernadores en 30 de los 32 departamentos del país , alcaldes en 965 de los 1.092 municipios , 502 diputados regionales y 12.118 concejales municipales . </example>
        <example file="CESS-CAST-AA/24674_20001130.tbf.xml" nodepath="0.2.2.3.1.0" sentencenodepath="0">El secretario general del PP , Javier_Arenas , expresó hoy su satisfacción por la concesión de un crédito de 1.000 millones de pesetas a las Minas_de_Río_Tinto_Sociedad_Anónima_Laboral , y Ø deseó que " igual_que ha hecho el Gobierno de España , <argset><specifier>el resto de las</specifier><head>administraciones </head></argset>se impliquen a_fondo " . </example>
        <example file="CESS-CAST-AA/24674_20001130.tbf.xml" nodepath="3.0.4.1.1.1.0" sentencenodepath="3">" Ø Llevábamos mucho tiempo hablando con <argset><specifier>las</specifier><head>administraciones </head></argset>para que esto fuera una realidad y porque Ø siempre nos hemos sentido extraordinariamente cerca de los mineros de Río_Tinto " , explicó Arenas , quien recordó que en el pasado Ø ha tenido " el honor y la satisfacción " de acompañar a los trabajadores de la mina . </example>
        <example file="CESS-CAST-AA/24674_20001130.tbf.xml" nodepath="4.2.2.1.1.0" sentencenodepath="4">Ø Señaló que Ø tiene la esperanza de que este crédito sirva para solucionar el problema , aunque Ø precisó que existen " circunstancias externas " que condicionan la actividad minera en Huelva y Ø dijo que <argset><specifier>el resto de las</specifier><head>administraciones </head></argset>se deben implicar de la misma forma que lo ha hecho el Gobierno central . </example>
        <example file="CESS-CAST-AA/24822_20001030.tbf.xml" nodepath="1.2.3.1.1.1.0.1.2.1.1.1.0.1.1.0" sentencenodepath="1">Esta es una de las propuestas del plan , que la consejera de Obras_Públicas , Concepción_Gutiérrez , y la directora general de Ordenación_del_Territorio , Josefina_Cruz , presentaron hoy , y a_partir_de ahora se abre la fase de consulta con los trece alcaldes de la comarca de Doñana afectados por dicho plan , así_como con los representantes de <argset><specifier>la</specifier><head>administración </head><reference_modifiers>central</reference_modifiers></argset>y de las diputaciones de Sevilla y Huelva . </example>
        <example file="CESS-CAST-AA/2505_20001004.tbf.xml" nodepath="7.2.1.0.2.2.2.1.1.1.1.1.0" sentencenodepath="7">Fuentes de la oposición aseguran que numerosos obreros de diferentes fábricas y empresas , así_como en el centro médico y en algunos sectores de <argset><specifier>la</specifier><head>administración </head></argset>, se han declarado en paro . </example>
        <example file="CESS-CAST-AA/2735_20000504.tbf.xml" nodepath="6.0.3.1.1.1.0.1.1.0.0" sentencenodepath="6">El juez Manuel_García_Castellón ordenó el pasado 22_de_diciembre la destitución del consejo de <argset><head>administración </head></argset>del Atlético_de_Madrid y Ø nombró a un administrador judicial . </example>
        <example file="CESS-CAST-AA/3976_20000108.tbf.xml" nodepath="8.2.1.1.1.1.1.0" sentencenodepath="8">El ministro afirmó que el respaldo de <argset><specifier>la</specifier><head>administración </head><argument argument="arg1" function="cn" thematicrole="pat" type="s.a">estadounidense</argument></argset>confirma los esfuerzos que efectúa el Gobierno por superar la crisis económica que ha sido calificada como una de las peores de su historia . </example>
        <example file="CESS-CAST-AA/5255_20000110.tbf.xml" nodepath="1.3.1.1.1.1.0.0" sentencenodepath="1">La nueva identidad corporativa ha sido aprobada hoy por los consejos de <argset><head>administración </head></argset>del BBV y Argentaria , entidades que este mes ejecutarán su fusión , de_forma_que Ø podrían comenzar a cotizar en bolsa como un solo banco el próximo 31_de_enero . </example>
        <example file="CESS-CAST-AA/5498_20000307.tbf.xml" nodepath="1.2.1.0.1.1.1.0" sentencenodepath="1">La reciente dimisión del ministro de Trabajo , Manuel_Pimentel , que se comprometió a agilizar la tramitación de los fondos , ha dejado sin interlocutores en <argset><specifier>la</specifier><head>administración </head><reference_modifiers>central</reference_modifiers></argset>a los responsables de MRT , que temen una nueva paralización en la concesión del crédito , según declaró el presidente del comité de empresa , Ricardo_Gallego . </example>
        <example file="CESS-CAST-AA/5606_20000207.tbf.xml" nodepath="4.3.1.1.3.1.1.0" sentencenodepath="4">El plazo de 18 meses para que el consorcio TBS vendiese el control de la CRT expiró el pasado viernes , razón por la cual el grupo salió de <argset><specifier>la</specifier><head>administración </head><argument argument="arg1" function="cn" thematicrole="pat" type="sp">de la empresa</argument></argset>el Sábado último , tras acatar una orden de la Agencia_Nacional_de_Telecomunicaciones ( Anatel ) , órgano que regula el sector . </example>
        <example file="CESS-CAST-AA/6438_20000608.tbf.xml" nodepath="0.2.2.1.1.1.1.0" sentencenodepath="0">La esposa del presidente del Gobierno , Ana_Botella , ha pedido hoy a las mujeres que Ø aumenten la natalidad " para lograr que España no sea una sociedad cada vez más envejecida " y Ø ha reclamado más atención de <argset><specifier>las</specifier><head>administraciones </head><reference_modifiers>públicas</reference_modifiers></argset>, con_el_fin_de hacer compatible el trabajo de la mujer y su función como madre . </example>
        <example file="CESS-CAST-AA/8504_20001212.tbf.xml" nodepath="9.2.2.1.2.4.2.1.0" sentencenodepath="9">El diputado popular Jiménez_Suárez indicó que hay 16 empresas concesionarias de las autopistas de peaje , sobre las que tienen actuación " no_sólo <argset><specifier>la</specifier><head>administración </head><reference_modifiers>central</reference_modifiers>, </argset>sino_también las administraciones regionales , en algunos casos " , por lo que " no se puede aceptar las reformas que pide el PSOE " . </example>
        <example file="CESS-CAST-AA/8504_20001212.tbf.xml" nodepath="9.2.2.1.2.4.4.1.0" sentencenodepath="9">El diputado popular Jiménez_Suárez indicó que hay 16 empresas concesionarias de las autopistas de peaje , sobre las que tienen actuación " no_sólo la administración central , sino_también <argset><specifier>las</specifier><head>administraciones </head><argument argument="arg1" function="cn" thematicrole="pat" type="s.a">regionales</argument><reference_modifiers>, en algunos casos</reference_modifiers></argset>" , por lo que " no se puede aceptar las reformas que pide el PSOE " . </example>
        <example file="CESS-CAST-AA/9294_20000512.tbf.xml" nodepath="3.1.4.2.1.2.1.0.1.0" sentencenodepath="3">para Méndez la reducción de la jornada laboral a 35 horas semanales , el cumplimiento de la Ley_de_Prevención_de_Riesgos_Laborales por_parte_de los empresarios y " mejorar los mecanismos de coordinación entre <argset><specifier>las</specifier><head>administraciones </head><argument argument="arg1" function="cn" thematicrole="pat" type="s.a">autonómicas</argument></argset>y el Gobierno " son fines prioritarios para tratar en esta negociación . </example>
        <example file="CESS-CAST-AA/9923_20001114.tbf.xml" nodepath="10.0.3.2.1.1.2.1.1.1.0.1.0" sentencenodepath="10">Durante esta reunión , Lagos trató sobre la futura cooperación de Chile cuando Timor_Oriental esté mejor estructurado y de la voluntad de su Gobierno de colaborar en <argset><specifier>la</specifier><head>administración </head><reference_modifiers>política</reference_modifiers></argset>, la formación de los partidos y la construcción del proceso de paz , declaró a EFE Diego_Velasco_Von_Pilgrimm , consejero de la Embajada_de_Chile en Yakarta , quien acompañó en su visita al presidente . </example>
        <example file="CESS-CAST-P/115_20010801.tbf.xml" nodepath="0.3.4.1.1.0" sentencenodepath="0">La ONG ecologista Mediterrània anunció ayer que Ø se movilizará si <argset><specifier>las</specifier><head>administraciones </head><argument argument="arg1" function="cn" thematicrole="pat" type="s.a">públicas</argument></argset>no garantizan la conservación de la desembocadura del Francolí en Tarragona . </example>
        <example file="CESS-CAST-P/124_20010201.tbf.xml" nodepath="1.0.1.1.0" sentencenodepath="1">Si <argset><specifier>estas</specifier><head>administraciones </head></argset>no quieren adquirirlas Ø se subastarán . </example>
        <example file="CESS-CAST-P/129_20000702.tbf.xml" nodepath="0.2.1.2.1.1.1.1.0.0" sentencenodepath="0">Gary_D._Eppen , vicedecano de la Graduate_School_of_Business_de_la_Universidad_de_Chicago , inaugurará el séptimo programa de su máster en <argset><head>administración </head><argument argument="arg1" function="cn" thematicrole="pat" type="sp">de empresas</argument></argset>, que se realiza en el campus europeo situado en Barcelona . </example>
        <example file="CESS-CAST-P/146_19990702.tbf.xml" nodepath="2.0.0.0.0.2.1.1.0.1.1.0.0" sentencenodepath="2">Cofundador y miembro del consejo de <argset><head>administración </head><argument argument="arg1" function="cn" thematicrole="pat" type="sp">de Ona_Catalana</argument></argset>desde su creación , Puigbó dirigió el diseño de la parrilla y de los informativos de esta cadena que , con 18 frecuencias , es la primera radio privada de Catalunya . </example>
        <example file="CESS-CAST-P/158_20010502.tbf.xml" nodepath="0.4.1.1.5.1.0.1.1.0.0" sentencenodepath="0">El Recreativo_de_Huelva , cuarto clasificado de Segunda_División , se plantea retirarse de la competición por los numerosos errores arbitrales que , a_juicio_de sus rectores , Ø está sufriendo , razón por la que su presidente , José_España , elevará hoy esta propuesta al consejo de <argset><head>administración </head></argset>. </example>
        <example file="CESS-CAST-P/17_20000102.tbf.xml" nodepath="20.3.2.1.2.2.1.1.1.1.0.2.1.1.1.1.1.1.0.1.1.0.0" sentencenodepath="20">Los condicionantes que Convergència_i_Unió tiene con el Partido_Popular , como Ø ya se ha visto de_sobras , han hecho que se rompieran o bloquearan en las últimas semanas otros posibles acuerdos , como por_ejemplo la celebración del pleno del Parlament que tenía que nombrar a los miembros del consejo de <argset><head>administración </head></argset>de la CCRTV y encarrilar la discusión del Presupuesto para el 2000 . </example>
        <example file="CESS-CAST-P/18_19990701.tbf.xml" nodepath="14.0.1.0" sentencenodepath="14"><argset><specifier>La</specifier><head>administración </head><argument argument="arg0" function="cn" thematicrole="agt" type="sp">de la Unión_Europea ( UE )</argument></argset>tampoco ha demostrado hasta el momento , en este caso de los candidatos a especialistas médicos de_facto , una excelente capacidad de previsión ni de resolución . </example>
        <example file="CESS-CAST-P/19_19990602_a.tbf.xml" nodepath="69.2.3.1.1.1.3.1.1.0" sentencenodepath="69">Ø Creo que Ø deben preguntarse si el escrutinio al que Ø someten a <argset><specifier>las</specifier><head>administraciones </head></argset>es el correcto . </example>
        <example file="CESS-CAST-P/30_20010701.tbf.xml" nodepath="0.2.0.0.1.0" sentencenodepath="0">Los animalistas españoles venimos denunciando el maltrato de los animales destinados al consumo desde hace años , pero <argset><specifier>las</specifier><head>administraciones </head></argset>no nos toman_en_cuenta ; al_contrario , Ø resultamos molestos . </example>
        <example file="CESS-CAST-P/39_20000702.tbf.xml" nodepath="0.0.1.1.1.0.0" sentencenodepath="0">El consejo de <argset><head>administración </head></argset>de Telefónica aplazó el debate sobre la continuidad de Juan_Villalonga hasta que la Comisión_Nacional_del_Mercado_de_Valores concluya la investigación para aclarar si éste utilizó información privilegiada en operaciones bursátiles . </example>
        <example file="CESS-CAST-P/52_20011201.tbf.xml" nodepath="2.2.1.3.2.2.1.0.2.1.1.0" sentencenodepath="2">El lehendakari , Juan_José_Ibarretxe , advirtió de que la prórroga unilateral supone " la ruptura " del pacto institucional entre <argset><specifier>ambas</specifier><head>administraciones </head></argset>, aunque Ø reclamó " seguir hablando " . </example>
        <example file="CESS-CAST-P/55_20000903.tbf.xml" nodepath="11.2.3.1.1.2.3.3.4.1.1.2.1.1.0" sentencenodepath="11">Al número 120 , por_lo_tanto , le aguardan al_menos varios meses en_blanco , pero , en cualquier caso , se trata de un caramelo en pleno corazón de la ciudad que fuentes municipales sostienen que sería muy caro de comprar , aunque Ø fuera con el esfuerzo conjunto de <argset><specifier>las dos</specifier><head>administraciones </head></argset>. </example>
        <example file="CESS-CAST-P/56_20000801_a.tbf.xml" nodepath="8.0.2.0.1.1.1.0" sentencenodepath="8">" Ha existido comprensión por_parte_de <argset><specifier>las</specifier><head>administraciones </head></argset>, lo que ha facilitado que no se destruyeran unos empleos muy importantes en la zona " , destacó ayer Raül_Navarro , subdelegado del Gobierno en Tarragona , durante la firma del acuerdo que permitirá la reapertura . </example>
        <example file="CESS-CAST-P/57_20000601_a.tbf.xml" nodepath="3.2.3.1.1.1.1.1.1.0.1.1.0.0" sentencenodepath="3">Los cambios reclamados por los socialistas aún no se han producido , pero Maragall justificó su cambio de posición en que en la reunión del consejo de <argset><head>administración </head></argset>de la CCRTV , celebrada anteayer , se pudo observar un ambiente muy positivo . </example>
        <example file="CESS-CAST-P/57_20000601_a.tbf.xml" nodepath="5.3.1.0.4.0.1.1.1.1.0.1.1.0.0" sentencenodepath="5">Además , Ø dijo tener " confianza total " en los componentes del consejo de <argset><head>administración </head></argset>y en las decisiones que éstos puedan tomar . </example>
        <example file="CESS-CAST-P/75_19981202.tbf.xml" nodepath="2.3.1.1.1.3.1.1.3.0.0" sentencenodepath="2">La Carta también abre la posibilidad de que se asuman todas aquellas competencias que no detenten <argset><head>administraciones </head><reference_modifiers>superiores</reference_modifiers></argset>. </example>
        <example file="CESS-CAST-P/81_20000201.tbf.xml" nodepath="1.2.1.1.0" sentencenodepath="1">La nueva ley de extranjería , que entra hoy en vigor , ha pillado a <argset><specifier>las</specifier><head>administraciones </head></argset>con parte de los deberes sin hacer . </example>
        <example file="CESS-CAST-P/93_20010701.tbf.xml" nodepath="7.1.3.3.1.1.1.1.0.0" sentencenodepath="7">Walter_Joosten , director general de la compañía , explica que Metales_y_Derivados " es una típica empresa familiar catalana que en los últimos años ha evolucionado : nadie de la familia participa en los cargos directivos , Ø ha fichado profesionales externos para el consejo de <argset><head>administración </head></argset>y Ø está volcada a los mercados exteriores " . </example>
        <example file="CESS-CAST-P/96_19990601.tbf.xml" nodepath="10.5.1.1.1.0" sentencenodepath="10">Aun así , Según Ø manifestó , esa construcción " está bloqueada en <argset><specifier>otras</specifier><head>administraciones </head></argset>" . </example>
      </examples>
    </frame>
  </sense>
  <sense cousin="no" denotation="event" id="2" lexicalized="no" originlemma="administrar" originlink="verb.administrar.1" wordnetsynset="16:00736489">
    <frame appearsinplural="no" type="default">
      <argument argument="arg1" thematicrole="pat">
        <constituent frequency="1" preposition="de" type="sp"/>
      </argument>
      <specifiers>
        <constituent frequency="1" postype="article" type="determiner"/>
      </specifiers>
      <examples>
        <example file="CESS-CAST-AA/9462_20000115.tbf.xml" nodepath="11.3.2.1.1.1.1.1.0.1.1.1.1.0.1.2.1.1.0" sentencenodepath="11">Además , Portillo anunció la disolución del Estado_Mayor_Presidencial ( EMP ) y su órgano de inteligencia , y el desmantelamiento de los poderes paralelos a las instituciones responsables de las investigaciones criminales y de <argset><specifier>la</specifier><head>administración </head><argument argument="arg1" function="cn" thematicrole="pat" type="sp">de Justicia</argument></argset>que impiden la correcta aplicación de la ley . </example>
      </examples>
    </frame>
  </sense>
  <sense cousin="no" denotation="underspecified" id="3" lexicalized="no" originlemma="administrar" originlink="verb.administrar.1" wordnetsynset="16:06201180">
    <frame appearsinplural="no" type="default">
      <argument argument="arg1" thematicrole="pat">
        <constituent frequency="1" preposition="de" type="sp"/>
      </argument>
      <specifiers>
        <constituent frequency="1" type="void"/>
      </specifiers>
      <examples>
        <example file="CESS-CAST-P/128_20001001.tbf.xml" nodepath="0.0.1.1.1.0.0" sentencenodepath="0">El consejo de <argset><head>administración </head><argument argument="arg1" function="cn" thematicrole="pat" type="sp">de Enagás</argument></argset>ha nombrado a Guzmán_Solana presidente ejecutivo de la compañía en_sustitución_de Antoni_Brufau , que ha renunciado al cargo . </example>
      </examples>
    </frame>
  </sense>
  <sense alternativelemma="administración_de_lotería" cousin="no" denotation="underspecified" id="4" lexicalizationtype="nominal" lexicalized="yes" originlemma="administrar" originlink="verb.administrar.1" wordnetsynset="16:06201180">
    <frame appearsinplural="no" type="default">
      <argument argument="argL">
        <constituent frequency="1" preposition="de" type="sp"/>
      </argument>
      <specifiers>
        <constituent frequency="1" postype="article" type="determiner"/>
      </specifiers>
      <examples>
        <example file="CESS-CAST-P/105_20000401.tbf.xml" nodepath="3.0.1.2.3.2.1.0.2.1.0" sentencenodepath="3">Las concesionarias que graciosamente mantienen y explotan estas vías - - el equivalente rodado del estanco o <argset><specifier>la</specifier><head>administración </head><argument argument="argL" function="cn" type="sp">de lotería</argument></argset>de antaño - - jamás pierden . </example>
      </examples>
    </frame>
  </sense>
</lexentry>
