<?xml version="1.0" encoding="UTF-8" standalone="no"?>
<!-- 

  ancoralex-2.0.3
       
			Copyright (C) 2007,2008,2009,2010,2011 CLiC - UB
			Centre de Llenguatge i Computació - Universitat de Barcelona
 
  This file is part of ancoralex-2.0.3.
 
  ancoralex-2.0.3 is free software and data: you can redistribute it and/or modify
  it under the terms of the GNU General Public License as published
  by the Free Software Foundation, either version 3 of the License,
  or (at your option) any later version.

  ancoralex-2.0.3 is distributed in the hope that it will be useful,
  but WITHOUT ANY WARRANTY; without even the implied warranty of
  MERCHANTABILITY or FITNESS FOR A PARTICULAR PURPOSE.  See the
  GNU General Public License for more details.
 
  You should have received a copy of the GNU General Public License
  along with ancoralex-2.0.3.  If not, see &lt;http://www.gnu.org/licenses/&gt;.
 
  Check a text in catalan explaining the terms of the license at http://www.softcatala.cat/wiki/GPL3.
  In spanish at http://www.viti.es/gnu/licenses/gpl.html
  
  The following paper must be cited when using verb lexicon: 

 * Aparicio, Juan, Mariona Taulé, M.Antònia Martí (2008) 'AnCora-Verb: A Lexical Resource for 
   the Semantic Annotation of Corpora'. Proceedings of 6th International Conference on Language 
   Resources and Evaluation. Marrakesh (Morocco).

  The following paper must be cited when using noun lexicon: 

 * Peris, Aina, Mariona Taulé (2011). AnCora-Nom: A Spanish lexicon of deverbal nominalizations. 
   Procesamiento del Lenguaje Natural, nº46, pp. 11-18.
 
 

 

-->

<lexentry lemma="adquisición" lng="es" origin="deverbal" type="noun">
  <sense cousin="no" denotation="result" id="1" lexicalized="no" originlemma="adquirir" originlink="verb.adquirir.1" wordnetsynset="16:00047517">
    <frame appearsinplural="yes" type="default">
      <argument argument="arg0" thematicrole="agt">
        <constituent frequency="1" preposition="entre" type="sp"/>
      </argument>
      <argument argument="arg1" foundincorporated="yes" thematicrole="pat">
        <constituent frequency="1" preposition="de" type="sp"/>
      </argument>
      <specifiers>
        <constituent frequency="1" postype="indefinite" type="determiner"/>
        <constituent frequency="3" type="void"/>
        <constituent frequency="2" postype="article" type="determiner"/>
        <constituent frequency="1" postype="numeral" type="determiner"/>
      </specifiers>
      <reference_modifiers>
        <constituent frequency="1" type="s.a"/>
      </reference_modifiers>
      <examples>
        <example file="3LB-CAST/e2-1.tbf.xml" nodepath="3.3.0.1.0" sentencenodepath="3">Por_otra_parte la cultura podía ser <argset><specifier>una</specifier><head>adquisición </head><reference_modifiers>acumulativa</reference_modifiers>, </argset>esto_es , una - herencia social - . </example>
        <example file="CESS-CAST-A/13928_20000317.tbf.xml" nodepath="12.2.1.1.1.1.3.1.1.3.5.1.1.0.0.2.0" sentencenodepath="12">Fuentes del sector han expresado su extrañeza sobre la viabilidad futura de Rover en_manos_de una entidad financiera ajena al sector del automóvil , que hasta ahora se ha dedicado a asesorar <argset>fusiones y <head>adquisiciones </head>
            <argument argument="arg0" function="cn" thematicrole="agt" type="sp">, entre otras actividades</argument>
          </argset>. </example>
        <example file="CESS-CAST-A/17909_20000222.tbf.xml" nodepath="2.0.1.3.1.1.1.1.1.3.2.0.2.0" sentencenodepath="2">" Ø No estamos en la época en la que para que los empresarios tomaran acuerdos o Ø decidieran <argset>fusiones o <head>adquisiciones </head>
          </argset>se pasaba por el poder político y a_veces , incluso , por la financiación del PSOE , sino_que ahora las decisiones las toman los empresarios cuando y como Ø les parece , pero Ø están sometidas a las reglas de la competencia como el resto de los ciudadanos " , advirtió Rato . </example>
        <example file="CESS-CAST-P/109_19990502.tbf.xml" nodepath="0.0.1.1.0" sentencenodepath="0">Con <argset><specifier>la</specifier><head>adquisición </head><argument argument="arg1" function="cn" thematicrole="pat" type="sp">de YPF</argument></argset>, Repsol conseguirá equilibrar sus áreas de negocio , al aumentar la actividad de extracción . </example>
        <example file="CESS-CAST-P/53_20010802.tbf.xml" nodepath="1.4.2.1.1.2.1.0.0" sentencenodepath="1">El grupo Agnelli ha protagonizado recientemente una de las operaciones más importantes de la economía italiana , al lanzar una oferta pública de <argset><head>adquisición </head></argset>( OPA ) sobre el grupo industrial Montedison , con la colaboración de la francesa Electricité_de_France . </example>
        <example file="CESS-CAST-P/5_20010302.tbf.xml" nodepath="3.0.1.0" sentencenodepath="3"><argset><specifier>Ambas</specifier><head argument="arg1" thematicrole="pat">adquisiciones </head></argset>tuvieron un coste elevado . </example>
        <example file="CESS-CAST-P/66_20011202.tbf.xml" nodepath="6.0.1.0" sentencenodepath="6"><argset><specifier>La</specifier><head>adquisición </head></argset>incluye el hotel ( un cinco estrellas de gran lujo ) , un espacio de oficinas anexo y las antiguas galerías comerciales de Sogo - - que ahora albergan la sede del Casino_de_Barcelona - - . </example>
      </examples>
    </frame>
  </sense>
  <sense cousin="no" denotation="event" id="2" lexicalized="no" originlemma="adquirir" originlink="verb.adquirir.1" wordnetsynset="16:00047517">
    <frame appearsinplural="no" type="default">
      <argument argument="arg0" thematicrole="agt">
        <constituent frequency="1" preposition="por" type="sp"/>
      </argument>
      <argument argument="arg1" thematicrole="pat">
        <constituent frequency="1" postype="possessive" type="determiner"/>
        <constituent frequency="2" preposition="de" type="sp"/>
      </argument>
      <argument argument="argM" thematicrole="tmp">
        <constituent frequency="1" preposition="en" type="sp"/>
      </argument>
      <argument argument="argM" thematicrole="loc">
        <constituent frequency="1" preposition="en" type="sp"/>
      </argument>
      <specifiers>
        <constituent frequency="1" postype="indefinite" type="determiner"/>
        <constituent frequency="2" postype="article" type="determiner"/>
        <constituent frequency="1" postype="possessive" type="determiner"/>
      </specifiers>
      <reference_modifiers>
        <constituent frequency="1" type="s.a"/>
        <constituent frequency="1" type="S"/>
      </reference_modifiers>
      <examples>
        <example file="CESS-CAST-A/13928_20000317.tbf.xml" nodepath="2.3.1.2.1.2.1.1.0" sentencenodepath="2">BMW ha puesto_en_marcha esta operación para desprenderse de Rover tras sufrir pérdidas del_orden_de los 3.150 millones de euros desde <argset><argument argument="arg1" thematicrole="pat" type="spec">su</argument><head>adquisición </head><argument argument="argM" function="cn" thematicrole="tmp" type="sp">en 1994</argument></argset>. </example>
        <example file="CESS-CAST-A/13928_20000317.tbf.xml" nodepath="17.3.1.1.1.1.1.1.1.1" sentencenodepath="17">Milberg aseguró que " BMW no está en venta " al responder a las preguntas sobre <argset><specifier>una</specifier><reference_modifiers>posible</reference_modifiers><head>adquisición </head><argument argument="arg0" function="cn" thematicrole="agt" type="sp">por otros grupos automovilísticos</argument><reference_modifiers>, como indicaban los rumores en el sector</reference_modifiers></argset>. </example>
        <example file="CESS-CAST-AA/5394_20001207.tbf.xml" nodepath="4.2.3.3.1.0.1.3.1.1.2.3.1.0" sentencenodepath="4">Calderón manifestó que Ø desconoce cuándo fallará la justicia mexicana respecto_al amparo que presentó la empresa contra una resolución de la Comisión_Federal_de_Competencia que le negó <argset><specifier>la</specifier><head>adquisición </head><argument argument="arg1" function="cn" thematicrole="pat" type="sp">de los activos de la inglesa Cadbury</argument><argument argument="argM" function="cn" thematicrole="loc" type="sp">en México</argument></argset>. </example>
        <example file="CESS-CAST-P/63_20020202.tbf.xml" nodepath="2.2.1.1.0" sentencenodepath="2">Telefónica llegó a proponer que <argset><specifier>la</specifier><head>adquisición </head><argument argument="arg1" function="cn" thematicrole="pat" type="sp">de la única plataforma digital terrestre española</argument></argset>se hiciera de forma gratuita , lo que fue rechazado por sus dueños . </example>
      </examples>
    </frame>
  </sense>
</lexentry>
