<?xml version="1.0" encoding="UTF-8" standalone="no"?>
<!-- 

  ancoralex-2.0.3
       
			Copyright (C) 2007,2008,2009,2010,2011 CLiC - UB
			Centre de Llenguatge i Computació - Universitat de Barcelona
 
  This file is part of ancoralex-2.0.3.
 
  ancoralex-2.0.3 is free software and data: you can redistribute it and/or modify
  it under the terms of the GNU General Public License as published
  by the Free Software Foundation, either version 3 of the License,
  or (at your option) any later version.

  ancoralex-2.0.3 is distributed in the hope that it will be useful,
  but WITHOUT ANY WARRANTY; without even the implied warranty of
  MERCHANTABILITY or FITNESS FOR A PARTICULAR PURPOSE.  See the
  GNU General Public License for more details.
 
  You should have received a copy of the GNU General Public License
  along with ancoralex-2.0.3.  If not, see &lt;http://www.gnu.org/licenses/&gt;.
 
  Check a text in catalan explaining the terms of the license at http://www.softcatala.cat/wiki/GPL3.
  In spanish at http://www.viti.es/gnu/licenses/gpl.html
  
  The following paper must be cited when using verb lexicon: 

 * Aparicio, Juan, Mariona Taulé, M.Antònia Martí (2008) 'AnCora-Verb: A Lexical Resource for 
   the Semantic Annotation of Corpora'. Proceedings of 6th International Conference on Language 
   Resources and Evaluation. Marrakesh (Morocco).

  The following paper must be cited when using noun lexicon: 

 * Peris, Aina, Mariona Taulé (2011). AnCora-Nom: A Spanish lexicon of deverbal nominalizations. 
   Procesamiento del Lenguaje Natural, nº46, pp. 11-18.
 
 

 

-->

<lexentry lemma="advertencia" lng="es" origin="deverbal" type="noun">
  <sense cousin="no" denotation="result" id="1" lexicalized="no" originlemma="advertir" originlink="verb.advertir.1" wordnetsynset="16:05395993">
    <frame appearsinplural="no" type="default">
      <argument argument="arg1" thematicrole="pat">
        <constituent frequency="1" preposition="de" type="sp"/>
      </argument>
      <specifiers>
        <constituent frequency="1" postype="article" type="determiner"/>
      </specifiers>
      <examples>
        <example file="CESS-CAST-P/28_20010102.tbf.xml" nodepath="10.3.1.1.0" sentencenodepath="10">Uno de los negociadores palestinos , Ahmed_Karei , acompañaba estas declaraciones con <argset><specifier>la</specifier><head>advertencia </head><argument argument="arg1" function="cn" thematicrole="pat" type="sp">de que si no se producen cambios en la propuesta de paz de Clinton , " no será posible lograr un acuerdo de paz en el futuro cercano "</argument></argset>. </example>
      </examples>
    </frame>
  </sense>
  <sense cousin="no" denotation="result" id="2" lexicalized="no" originlemma="advertir" originlink="verb.advertir.2" wordnetsynset="16:05395993+16:05395080">
    <frame appearsinplural="yes" type="default">
      <argument argument="arg0" thematicrole="agt">
        <constituent frequency="1" type="s.a"/>
      </argument>
      <argument argument="arg1" foundincorporated="yes" thematicrole="pat"/>
      <specifiers>
        <constituent frequency="2" type="void"/>
        <constituent frequency="3" postype="article" type="determiner"/>
        <constituent frequency="1" postype="indefinite" type="determiner"/>
        <constituent frequency="1" postype="demonstrative" type="determiner"/>
      </specifiers>
      <reference_modifiers>
        <constituent frequency="1" type="s.a"/>
        <constituent frequency="1" type="S"/>
      </reference_modifiers>
      <examples>
        <example file="3LB-CAST/e1-1.tbf.xml" nodepath="1.2.0.2.2.1.0.0" sentencenodepath="1">De ZZNM se habla mucho , su leyenda es utilizada como metáfora o como <argset><head>advertencia </head></argset>, enriquecida con episodios modernos , pero la novela de ZZNM es comparativamente muy poco leída . </example>
        <example file="3LB-CAST/e1-1.tbf.xml" nodepath="9.5.4.1.0.0.0" sentencenodepath="9">El protagonista de la tragedia , sobre_todo en ZZNM , se caracteriza esencialmente porque Ø no escucha <argset><specifier>las</specifier><head argument="arg1" thematicrole="pat">advertencias </head>o súplicas de quienes le rodean : " Oh , tú , que nunca oyes " , " tú , obstinado , que no reparas en lo que Ø te dicen " , tales son algunas de las más usuales invocaciones que se le hacen </argset>. </example>
        <example file="3LB-CAST/t3-5.tbf.xml" nodepath="5.0.2.1.0" sentencenodepath="5">Ginés comprendía <argset><specifier>la</specifier><head>advertencia </head></argset>y Ø pugnaba por alejarse de la tentación de muerte . </example>
        <example file="CESS-CAST-P/22_20000302.tbf.xml" nodepath="3.1.0.2.1.1.0" sentencenodepath="3">A la salida del Elíseo y contrariamente a su costumbre , Jospin intentó minimizar <argset><specifier>la</specifier><head>advertencia </head><argument argument="arg0" function="cn" thematicrole="agt" type="s.a">presidencial</argument></argset>y Ø subrayó : " Hubo una comunicación del ministro de Asuntos_Exteriores , una frase mía y una del presidente " . </example>
        <example file="CESS-CAST-P/26_20000802.tbf.xml" nodepath="1.3.1.1" sentencenodepath="1">El presidente francés , el gaullista Jacques_Chirac , lanzó ayer <argset><specifier>una</specifier><reference_modifiers>seria</reference_modifiers><head>advertencia </head></argset>al Gobierno socialista de Lionel_Jospin , al afirmar que las reformas preconizadas para Córcega no deben cuestionar la unidad del país . </example>
        <example file="CESS-CAST-P/28_20010102.tbf.xml" nodepath="4.0.1.0" sentencenodepath="4"><argset><specifier>Estas</specifier><head>advertencias </head><reference_modifiers>, que coincidieron con una decisión del Gobierno de endurecer el regreso de los refugiados palestinos ,</reference_modifiers></argset>forman_parte de la estrategia israelí de presionar a los palestinos para que Ø acepten la propuesta de Bill_Clinton . </example>
        <example file="CESS-CAST-P/57_20000601_a.tbf.xml" nodepath="2.3.1.3.1.1.1.0.0" sentencenodepath="2">Maragall argumentó aquella abstención en que Ø era un gesto de <argset><head>advertencia </head></argset>al Govern , al que Ø acusaba de haber incumplido sus compromisos sobre la renovación en los cargos de la Corporació_Catalana_de_Ràdio_i_Televisió ( CCRTV ) . </example>
      </examples>
    </frame>
  </sense>
</lexentry>
