<?xml version="1.0" encoding="UTF-8" standalone="no"?>
<!-- 

  ancoralex-2.0.3
       
			Copyright (C) 2007,2008,2009,2010,2011 CLiC - UB
			Centre de Llenguatge i Computació - Universitat de Barcelona
 
  This file is part of ancoralex-2.0.3.
 
  ancoralex-2.0.3 is free software and data: you can redistribute it and/or modify
  it under the terms of the GNU General Public License as published
  by the Free Software Foundation, either version 3 of the License,
  or (at your option) any later version.

  ancoralex-2.0.3 is distributed in the hope that it will be useful,
  but WITHOUT ANY WARRANTY; without even the implied warranty of
  MERCHANTABILITY or FITNESS FOR A PARTICULAR PURPOSE.  See the
  GNU General Public License for more details.
 
  You should have received a copy of the GNU General Public License
  along with ancoralex-2.0.3.  If not, see &lt;http://www.gnu.org/licenses/&gt;.
 
  Check a text in catalan explaining the terms of the license at http://www.softcatala.cat/wiki/GPL3.
  In spanish at http://www.viti.es/gnu/licenses/gpl.html
  
  The following paper must be cited when using verb lexicon: 

 * Aparicio, Juan, Mariona Taulé, M.Antònia Martí (2008) 'AnCora-Verb: A Lexical Resource for 
   the Semantic Annotation of Corpora'. Proceedings of 6th International Conference on Language 
   Resources and Evaluation. Marrakesh (Morocco).

  The following paper must be cited when using noun lexicon: 

 * Peris, Aina, Mariona Taulé (2011). AnCora-Nom: A Spanish lexicon of deverbal nominalizations. 
   Procesamiento del Lenguaje Natural, nº46, pp. 11-18.
 
 

 

-->

<lexentry lemma="afecto" lng="es" origin="deverbal" type="noun">
  <sense cousin="yes" denotation="result" id="1" lexicalized="no" originlemma="querer" originlink="verb.querer.2" wordnetsynset="16:05578595+16:03650658">
    <frame appearsinplural="no" type="default">
      <argument argument="arg0" thematicrole="agt">
        <constituent frequency="1" postype="possessive" type="determiner"/>
      </argument>
      <specifiers>
        <constituent frequency="3" postype="article" type="determiner"/>
        <constituent frequency="1" postype="possessive" type="determiner"/>
      </specifiers>
      <reference_modifiers>
        <constituent frequency="1" type="s.a"/>
        <constituent frequency="1" type="S"/>
      </reference_modifiers>
      <examples>
        <example file="3LB-CAST/111_C-3.tbf.xml" nodepath="13.6.1.3.1.0" sentencenodepath="13">Este también lo ganó Fox , según la mayoría de las encuestas difundidas por empresas consultoras profesionales , aunque algunos medios de prensa no ocultaron <argset><argument argument="arg0" thematicrole="agt" type="spec">su</argument><head>afecto </head></argset>a los diferentes candidatos y Ø los declararon ganadores por_igual . </example>
        <example file="3LB-CAST/t1-6.tbf.xml" nodepath="2.2.3.1.1.4.1.1" sentencenodepath="2">Ella lo había sentido salir de su cuerpo con el alivio de liberarse de algo que no era suyo , y Ø había sufrido el espanto de sí misma al comprobar que Ø no sentía <argset><specifier>el</specifier><reference_modifiers>menor</reference_modifiers><head>afecto </head></argset>por aquel repente a los quince días , y Ø siguió por varios años con el músico mayor del seminario , cuyo aliento de sepulturero distorsionaba los arpegios . </example>
        <example file="CESS-CAST-AA/4842_20000606.tbf.xml" nodepath="4.0.4.1.0" sentencenodepath="4">En todos estos lugares Don_Felipe comprobó en la calle <argset><specifier>el</specifier><head>afecto </head><reference_modifiers>con que es recibido en esta tierra</reference_modifiers></argset>, en_tanto_que en los despachos Ø conoció los proyectos con los que los turolenses preparan su futuro . </example>
        <example file="CESS-CAST-P/20_19991202.tbf.xml" nodepath="11.1.4.5.0.1.0.4.1.0" sentencenodepath="11">Jordi_Pujol quiere contentar a todos , incluso a la familia : " Ø Estoy al_servicio_de Catalunya desde que Ø tenía 16 años . No se puede estar 53 años al_pie_del_cañón sin el apoyo , la comprensión y <argset><specifier>el</specifier><head>afecto </head></argset>de los tuyos , y sin compartir momentos buenos pero también malos " . </example>
      </examples>
    </frame>
  </sense>
</lexentry>
