<?xml version="1.0" encoding="UTF-8" standalone="no"?>
<!-- 

  ancoralex-2.0.3
       
			Copyright (C) 2007,2008,2009,2010,2011 CLiC - UB
			Centre de Llenguatge i Computació - Universitat de Barcelona
 
  This file is part of ancoralex-2.0.3.
 
  ancoralex-2.0.3 is free software and data: you can redistribute it and/or modify
  it under the terms of the GNU General Public License as published
  by the Free Software Foundation, either version 3 of the License,
  or (at your option) any later version.

  ancoralex-2.0.3 is distributed in the hope that it will be useful,
  but WITHOUT ANY WARRANTY; without even the implied warranty of
  MERCHANTABILITY or FITNESS FOR A PARTICULAR PURPOSE.  See the
  GNU General Public License for more details.
 
  You should have received a copy of the GNU General Public License
  along with ancoralex-2.0.3.  If not, see &lt;http://www.gnu.org/licenses/&gt;.
 
  Check a text in catalan explaining the terms of the license at http://www.softcatala.cat/wiki/GPL3.
  In spanish at http://www.viti.es/gnu/licenses/gpl.html
  
  The following paper must be cited when using verb lexicon: 

 * Aparicio, Juan, Mariona Taulé, M.Antònia Martí (2008) 'AnCora-Verb: A Lexical Resource for 
   the Semantic Annotation of Corpora'. Proceedings of 6th International Conference on Language 
   Resources and Evaluation. Marrakesh (Morocco).

  The following paper must be cited when using noun lexicon: 

 * Peris, Aina, Mariona Taulé (2011). AnCora-Nom: A Spanish lexicon of deverbal nominalizations. 
   Procesamiento del Lenguaje Natural, nº46, pp. 11-18.
 
 

 

-->

<lexentry lemma="agresión" lng="es" origin="deverbal" type="noun">
  <sense cousin="no" denotation="result" id="1" lexicalized="no" originlemma="agredir" originlink="verb.agredir.1" wordnetsynset="16:00619453">
    <frame appearsinplural="yes" type="default">
      <argument argument="arg0" thematicrole="agt">
        <constituent frequency="2" preposition="entre" type="sp"/>
        <constituent frequency="2" preposition="de" type="sp"/>
        <constituent frequency="1" preposition="por_parte_de" type="sp"/>
      </argument>
      <argument argument="arg1" thematicrole="pat">
        <constituent frequency="2" preposition="contra" type="sp"/>
        <constituent frequency="1" preposition="a" type="sp"/>
      </argument>
      <argument argument="argM" thematicrole="mnr">
        <constituent frequency="1" type="s.a"/>
      </argument>
      <specifiers>
        <constituent frequency="13" postype="article" type="determiner"/>
        <constituent frequency="2" postype="demonstrative" type="determiner"/>
        <constituent frequency="7" type="void"/>
        <constituent frequency="4" postype="indefinite" type="determiner"/>
      </specifiers>
      <reference_modifiers>
        <constituent frequency="3" type="S"/>
        <constituent frequency="3" type="s.a"/>
        <constituent frequency="1" preposition="de" type="sp"/>
      </reference_modifiers>
      <examples>
        <example file="3LB-CAST/2000060211_6-3.tbf.xml" nodepath="2.2.1.1.0" sentencenodepath="2">El gobernador , que se caracteriza por su fuerte temperamento , respondió a <argset><specifier>las</specifier><head>agresiones </head></argset>con gritos y empujones , mientras sus guardaespaldas trataban penosamente de conducirlo hacia su automóvil oficial . </example>
        <example file="CESS-CAST-AA/23030_20000228.tbf.xml" nodepath="20.1.1.0" sentencenodepath="20">" <argset><specifier>Esta</specifier><head>agresión </head></argset>ha demostrado que el primer ministro francés no_sólo ha perdido un tanto en la batalla que le enfrenta a Chirac , sino_que Ø se ha visto desbordado por las consecuencias de su propia acción " . </example>
        <example file="CESS-CAST-AA/23199_20000927.tbf.xml" nodepath="3.2.1.2.0.1.1.1.1.0" sentencenodepath="3">El jugador de la cantera canaria Paquito , que no ha actuado esta temporada como titular , opinó que Ø es momento de olvidar <argset><specifier>la</specifier><head>agresión </head><argument argument="arg0" function="cn" thematicrole="agt" type="sp">entre sus dos compañeros</argument></argset>y llegó la hora de pensar en el partido del próximo domingo frente al Valencia , " que será un rival complicado " . </example>
        <example file="CESS-CAST-AA/2765_20000303.tbf.xml" nodepath="1.2.4.1.1.2.1.1.0" sentencenodepath="1">Además , el organismo federativo ha impuesto una multa de 30.000 pesetas al club fuengiroleño y Ø ha sancionado con quince partidos de suspensión a dos jugadores del conjunto local , José_Antonio_González_Mérida y Rafael_Cortés_Trujillo , por su supuesta participación en <argset><specifier>las</specifier><head>agresiones </head><reference_modifiers>sufridas por los futbolistas del equipo veleño</reference_modifiers></argset>. </example>
        <example file="CESS-CAST-AA/3224_20000304.tbf.xml" nodepath="1.4.0.2.1.0.0.2.0" sentencenodepath="1">Según informó hoy en conferencia de prensa el Delegado_del_Gobierno en la Comunidad_Valenciana , Carlos_González_Cepeda , los detenidos , pertenecientes a la denominada " Hermandad_Nacional_Socialista_Armagedon " , presentaban en algunos casos antecedentes policiales por <argset>peleas y <head>agresiones </head>
            <reference_modifiers>racistas</reference_modifiers>
          </argset>. </example>
        <example file="CESS-CAST-AA/3224_20000304.tbf.xml" nodepath="9.2.2.2.2.1.1.0.1.0.1.0" sentencenodepath="9">Martínez calificó este grupo de " muy violento " y Ø dijo que " Ø actúa cuando Ø puede " , y Ø descartó que exista alguna relación entre <argset><specifier>las</specifier><head>agresiones </head><argument argument="arg1" function="cn" thematicrole="pat" type="sp">contra las sedes de los partidos</argument></argset>y la extradición del ex dictador chileno Augusto_Pinochet o con los atentados producidos esta noche en otras sedes de Barcelona . </example>
        <example file="CESS-CAST-AA/7380_20000209.tbf.xml" nodepath="0.4.2.1.1.0.5.1.1.2.0.1.0.1.1.0.0" sentencenodepath="0">El presidente del Gobierno , José_María_Aznar , se comprometió hoy a promover " una ley integral " contra los malos tratos y a impulsar " unidades específicas " de Policía y Guardia_Civil para atender " a mujeres , niños y adolescentes víctimas de <argset><head>agresiones </head><reference_modifiers>sexuales</reference_modifiers></argset>" , que estarán integradas " principalmente por mujeres " . </example>
        <example file="CESS-CAST-AA/7380_20000209.tbf.xml" nodepath="6.3.3.2.2.3.1.0.1.1.0.1.0.1.1.0.0.0" sentencenodepath="6">Asimismo , Aznar afirmó que el Gobierno " trabajará para adecuar a las necesidades reales las plazas en Centros_de_Acogida y en pisos tutelados " , e Ø impulsará " las unidades específicas en las Comisarías y servicios de la Guardia_Civil de atención a mujeres , niños y adolescentes víctimas de <argset><head>agresiones </head><argument argument="argM" function="cn" thematicrole="mnr" type="s.a">sexuales</argument>o malos tratos </argset>, unidades que estarán integradas principalmente por mujeres " . </example>
        <example file="CESS-CAST-P/13_20020502.tbf.xml" nodepath="1.3.1.2.1.1.1.0" sentencenodepath="1">No es admisible la excusa que dio la policía de que <argset><specifier>esa</specifier><head>agresión </head></argset>se debió a la confusión del momento . </example>
        <example file="CESS-CAST-P/17_20000301.tbf.xml" nodepath="12.5.1.0.1.1.1.1.2.2.1.2.0.1.1.0.1.1.1.2.1.0.3.1.1.0.1.1.1.0" sentencenodepath="12">En_todo_caso , el tema de la violencia que rodea a este espectáculo deportivo vuelve a ser noticia - - así lo expresan las agencias de prensa - - como consecuencia de la decisión tomada por la Audiencia_Provincial_de_Madrid , en la fase procesal previa al juicio contra el presunto homicida del seguidor de la Real_Sociedad , Aitor_Zabaleta , muerto como consecuencia de <argset><specifier>la</specifier><head>agresión </head><reference_modifiers>cometida por miembros de la banda ultra del Atlético_de_Madrid denominada Bastión</reference_modifiers></argset>. </example>
        <example file="CESS-CAST-P/20_19990802.tbf.xml" nodepath="11.2.1.0" sentencenodepath="11">Los agentes repelieron <argset><specifier>la</specifier><head>agresión </head></argset>con disparos al aire . </example>
        <example file="CESS-CAST-P/31_19990401.tbf.xml" nodepath="3.2.4.1.1.1.1.2.2.0.1.1.1.0.4.1.1" sentencenodepath="3">Rusia desempolva la retórica de la guerra_fría y Ø se adentra cada vez más en la estrategia de incrementar la tensión , como respuesta a lo que en el país se considera <argset><specifier>una</specifier>" <head>agresión </head>" <argument argument="arg1" function="cn" thematicrole="pat" type="sp">contra un " Estado soberano "</argument></argset>. </example>
        <example file="CESS-CAST-P/31_19990401.tbf.xml" nodepath="7.5.6.6.1.1.3.1.1.1.0" sentencenodepath="7">Nadie se expresaba en esos términos desde los tiempos de la guerra_fría , aunque Ø no suponen ningún cambio de orientación en la doctrina militar rusa , ya_que , desde 1993 , Rusia se había declarado dispuesta a utilizar el arma nuclear en primera instancia para repeler <argset><specifier>una</specifier><head>agresión </head></argset>con armamento convencional , debido_al colapso sufrido por su Ejército . </example>
        <example file="CESS-CAST-P/40_20001002.tbf.xml" nodepath="2.0.0.6.0" sentencenodepath="2"><argset>Pintadas , insultos , desidia institucional , <head>agresiones </head>y homicidios </argset>. </example>
        <example file="CESS-CAST-P/45_20010302.tbf.xml" nodepath="9.5.4.0.1.1.1.0.0" sentencenodepath="9">Pero Barrera , saboreando unos peculiares 15 minutos de orgullo , se empeñó en subir a_pie por la Rambla hasta la plaza de Catalunya , pese_a_que la tensión ambiental era máxima , y el riesgo de <argset><head>agresión </head></argset>, evidente . </example>
        <example file="CESS-CAST-P/47_19990401.tbf.xml" nodepath="4.2.2.3.1.1.2.1.1.1" sentencenodepath="4">De nada sirvió que los dos etarras se preguntaran en_alto si esa lucha popular puede entorpecer el " proceso de construcción " ( nacional ) , ni que Arnaldo_Otegi , líder de Euskal_Herritarrok , subrayara que la Mejor respuesta a <argset><specifier>las</specifier>" <head>agresiones </head>" <argument argument="arg0" function="cn" thematicrole="agt" type="sp">del Estado</argument></argset>será el paro convocado por Lizarra . </example>
        <example file="CESS-CAST-P/64_20000401.tbf.xml" nodepath="1.2.2.1.1.1.2.1.1.1.0.1.1.0.1.2.1.1" sentencenodepath="1">Los hechos se produjeron el pasado domingo en la localidad de Ris-Orangis ( sur de París ) y Ø fueron grabados por un adolescente que vive en una casa cercana al lugar donde ocurrió <argset><specifier>la</specifier><reference_modifiers>supuesta</reference_modifiers><head>agresión </head></argset>. </example>
        <example file="CESS-CAST-P/69_19991001.tbf.xml" nodepath="1.4.1.1.0" sentencenodepath="1">Un joven de 14 años de Sabadell cuyos padres son de origen guineano fue víctima el pasado martes de <argset><specifier>una</specifier><head>agresión </head><reference_modifiers>de carácter racista</reference_modifiers><argument argument="arg0" function="cn" thematicrole="agt" type="sp">por_parte_de dos individuos de estética skin</argument></argset>. </example>
        <example file="CESS-CAST-P/69_19991001.tbf.xml" nodepath="9.0.5.1.0.1.1.1.0" sentencenodepath="9">Los alumnos y profesores del instituto harán hoy , a las 10.20_horas , una sentada silenciosa de cinco minutos en el patio como protesta por <argset><specifier>la</specifier><head>agresión </head><reference_modifiers>xenófoba</reference_modifiers><argument argument="arg1" function="cn" thematicrole="pat" type="sp">a su compañero</argument></argset>y se prepara otra acción para el fin de semana . </example>
        <example file="CESS-CAST-P/69_19991001.tbf.xml" nodepath="10.2.3.1.1.1.0" sentencenodepath="10">La directora del centro , Anna_Mas , aseguró que el acto pretende " rechazar <argset><specifier>la</specifier><head>agresión </head></argset>y concienciar a los alumnos del incremento de estos ataques " . </example>
        <example file="CESS-CAST-P/69_19991001.tbf.xml" nodepath="11.2.1.0" sentencenodepath="11">La directora recordó <argset><specifier>otras dos</specifier><head>agresiones </head></argset>" por llevar hierros dentales o el pelo largo " . </example>
        <example file="CESS-CAST-P/69_20000602.tbf.xml" nodepath="0.3.4.1.0" sentencenodepath="0">Una ginecóloga exigió a la víctima que primero Ø denunciara <argset><specifier>la</specifier><head>agresión </head></argset>. </example>
        <example file="CESS-CAST-P/71_20010702.tbf.xml" nodepath="8.4.1.1.1.2.1.1.1.1.1.0" sentencenodepath="8">Además_de la marcha de ayer , la campaña Barcelona_2001 busca pruebas para presentar una querella criminal contra los responsables de <argset><specifier>las</specifier><head>agresiones </head></argset>. </example>
        <example file="CESS-CAST-P/7_19990701.tbf.xml" nodepath="5.4.1.0.0.0" sentencenodepath="5">Por otra parte , un periodista de El_Pueblo_de_Ceuta ha denunciado al candidato del GIL en la ciudad autónoma Andrés_Jesús_Sánchez por <argset><head>agresión </head>y amenazas </argset>. </example>
        <example file="CESS-CAST-P/84_20000402.tbf.xml" nodepath="1.3.0.1.1.1.0" sentencenodepath="1">El Port_Olímpic y la zona de ocio que forma el denominado triángulo golfo son , a_menudo , escenario de <argset><specifier>las</specifier><head>agresiones </head><argument argument="arg0" function="cn" thematicrole="agt" type="sp">de los skins</argument></argset>. </example>
        <example file="CESS-CAST-P/85_20010103.tbf.xml" nodepath="5.2.0.0.2.0" sentencenodepath="5">La falta de agentes hasta última hora propició <argset>disputas y <head>agresiones </head>
            <argument argument="arg0" function="cn" thematicrole="agt" type="sp">entre grupos de ladrones y víctimas</argument>
          </argset>. </example>
      </examples>
    </frame>
  </sense>
  <sense cousin="no" denotation="event" id="2" lexicalized="no" originlemma="agredir" originlink="verb.agredir.1" wordnetsynset="16:00619453">
    <frame appearsinplural="no" type="default">
      <argument argument="arg1" thematicrole="pat">
        <constituent frequency="2" preposition="a" type="sp"/>
      </argument>
      <argument argument="argM" thematicrole="tmp">
        <constituent frequency="1" preposition="durante" type="sp"/>
      </argument>
      <argument argument="argM" thematicrole="loc">
        <constituent frequency="1" preposition="en" type="sp"/>
      </argument>
      <specifiers>
        <constituent frequency="2" type="void"/>
        <constituent frequency="1" postype="article" type="determiner"/>
      </specifiers>
      <examples>
        <example file="CESS-CAST-A/18886_20000323.tbf.xml" nodepath="1.0.0.1.1.3.1.1.1.3.0.1" sentencenodepath="1">El ariete , sancionado con dos partidos por una acción que el colegiado Medina_Cantalejo consideró <argset>" <head>agresión </head>
            <argument argument="arg1" function="cn" thematicrole="pat" type="sp">al contrario</argument>" <argument argument="argM" function="cn" thematicrole="tmp" type="sp">durante el pasado sábado</argument>
            <argument argument="argM" function="cn" thematicrole="loc" type="sp">en el Nou_Camp</argument>
          </argset>, consideró " injusta " su sanción e Ø ironizó al añadir : " si Ø es preciso Ø lucharemos también contra policías y contra periodistas " . </example>
        <example file="CESS-CAST-P/136_20010501.tbf.xml" nodepath="1.4.1.1.1.1.0.0" sentencenodepath="1">El más carismático jugador rojiblanco hasta hace unos meses fue objeto el sábado por la noche de un intento de <argset><head>agresión </head></argset>a la salida del estadio , después de la humillante derrota ante el Murcia . </example>
        <example file="CESS-CAST-P/13_20020502.tbf.xml" nodepath="5.4.1.0.1.1.1.2.1.0" sentencenodepath="5">A la pasividad tradicional de la directiva del Madrid para acabar con esos delincuentes se sumó ayer la de los agentes que contemplaron <argset><specifier>la</specifier><head>agresión </head><argument argument="arg1" function="cn" thematicrole="pat" type="sp">a los periodistas</argument></argset>. </example>
      </examples>
    </frame>
  </sense>
</lexentry>
