<?xml version="1.0" encoding="UTF-8" standalone="no"?>
<!-- 

  ancoralex-2.0.3
       
			Copyright (C) 2007,2008,2009,2010,2011 CLiC - UB
			Centre de Llenguatge i Computació - Universitat de Barcelona
 
  This file is part of ancoralex-2.0.3.
 
  ancoralex-2.0.3 is free software and data: you can redistribute it and/or modify
  it under the terms of the GNU General Public License as published
  by the Free Software Foundation, either version 3 of the License,
  or (at your option) any later version.

  ancoralex-2.0.3 is distributed in the hope that it will be useful,
  but WITHOUT ANY WARRANTY; without even the implied warranty of
  MERCHANTABILITY or FITNESS FOR A PARTICULAR PURPOSE.  See the
  GNU General Public License for more details.
 
  You should have received a copy of the GNU General Public License
  along with ancoralex-2.0.3.  If not, see &lt;http://www.gnu.org/licenses/&gt;.
 
  Check a text in catalan explaining the terms of the license at http://www.softcatala.cat/wiki/GPL3.
  In spanish at http://www.viti.es/gnu/licenses/gpl.html
  
  The following paper must be cited when using verb lexicon: 

 * Aparicio, Juan, Mariona Taulé, M.Antònia Martí (2008) 'AnCora-Verb: A Lexical Resource for 
   the Semantic Annotation of Corpora'. Proceedings of 6th International Conference on Language 
   Resources and Evaluation. Marrakesh (Morocco).

  The following paper must be cited when using noun lexicon: 

 * Peris, Aina, Mariona Taulé (2011). AnCora-Nom: A Spanish lexicon of deverbal nominalizations. 
   Procesamiento del Lenguaje Natural, nº46, pp. 11-18.
 
 

 

-->

<lexentry lemma="agrupación" lng="es" origin="deverbal" type="noun">
  <sense cousin="no" denotation="result" id="1" lexicalized="no" originlemma="agrupar" originlink="verb.agrupar.1" wordnetsynset="16:00653260">
    <frame appearsinplural="yes" type="default">
      <argument argument="arg1" thematicrole="tem">
        <constituent frequency="1" type="s.a"/>
      </argument>
      <argument argument="argM" thematicrole="loc">
        <constituent frequency="1" preposition="en" type="sp"/>
      </argument>
      <specifiers>
        <constituent frequency="1" type="void"/>
        <constituent frequency="2" postype="article" type="determiner"/>
        <constituent frequency="1" postype="demonstrative" type="determiner"/>
      </specifiers>
      <reference_modifiers>
        <constituent frequency="1" type="s.a"/>
      </reference_modifiers>
      <examples>
        <example file="3LB-CAST/dc3-14.tbf.xml" nodepath="1.5.1.0.0" sentencenodepath="1">Sin_embargo , desde hace algún tiempo también se utiliza como <argset><head>agrupación </head><reference_modifiers>funcional</reference_modifiers><argument argument="argM" function="cn" thematicrole="loc" type="sp">en la molécula aceptora</argument></argset>el grupo cianimino ( =N-CN ) con el que recientemente se han sintetizado un ya elevado número de nuevas moléculas aceptoras , que junto_con los dadores apropiados , han conducido a nuevos compuestos orgánicos conductores . </example>
        <example file="CESS-CAST-A/11470_20000515.tbf.xml" nodepath="18.4.5.2.1.0" sentencenodepath="18">Balaguer se enfrenta a Danilo_Medina , del PLD , y a Hipólito_Mejía , del PRD , quienes no se aventuran a tocar " ni con el pétalo de una rosa " al caudillo reformista , porque <argset><specifier>las dos</specifier><head>agrupaciones </head></argset>se disputan su respaldo en una eventual segunda ronda . </example>
        <example file="CESS-CAST-A/12375_20000119.tbf.xml" nodepath="18.2.5.4.1.1.0" sentencenodepath="18">Mesic argumenta que , de ser elegido él , Croacia evitará repetir el error de hace diez años , puesto_que Ø impedirá que <argset><specifier>la misma</specifier><head>agrupación </head><argument argument="arg1" function="cn" thematicrole="tem" type="s.a">política</argument></argset>controle simultáneamente el Parlamento , el Gobierno y la Presidencia , como ocurrió con la HDZ_de_Tudjman y como intenta el SDP-HSLS . </example>
        <example file="CESS-CAST-AA/7600_20001010.tbf.xml" nodepath="0.2.3.1.1.2.1.1.0" sentencenodepath="0">El futbolista " internacional " ecuatoriano Alex_Aguinaga , del club mexicano Necaxa , y pieza clave en la selección de esta nación andina , juró como miembro Scout honorario en Ecuador y Ø plantó un árbol en su primera acción en <argset><specifier>esa</specifier><head>agrupación </head></argset>. </example>
      </examples>
    </frame>
  </sense>
</lexentry>
