<?xml version="1.0" encoding="UTF-8" standalone="no"?>
<!-- 

  ancoralex-2.0.3
       
			Copyright (C) 2007,2008,2009,2010,2011 CLiC - UB
			Centre de Llenguatge i Computació - Universitat de Barcelona
 
  This file is part of ancoralex-2.0.3.
 
  ancoralex-2.0.3 is free software and data: you can redistribute it and/or modify
  it under the terms of the GNU General Public License as published
  by the Free Software Foundation, either version 3 of the License,
  or (at your option) any later version.

  ancoralex-2.0.3 is distributed in the hope that it will be useful,
  but WITHOUT ANY WARRANTY; without even the implied warranty of
  MERCHANTABILITY or FITNESS FOR A PARTICULAR PURPOSE.  See the
  GNU General Public License for more details.
 
  You should have received a copy of the GNU General Public License
  along with ancoralex-2.0.3.  If not, see &lt;http://www.gnu.org/licenses/&gt;.
 
  Check a text in catalan explaining the terms of the license at http://www.softcatala.cat/wiki/GPL3.
  In spanish at http://www.viti.es/gnu/licenses/gpl.html
  
  The following paper must be cited when using verb lexicon: 

 * Aparicio, Juan, Mariona Taulé, M.Antònia Martí (2008) 'AnCora-Verb: A Lexical Resource for 
   the Semantic Annotation of Corpora'. Proceedings of 6th International Conference on Language 
   Resources and Evaluation. Marrakesh (Morocco).

  The following paper must be cited when using noun lexicon: 

 * Peris, Aina, Mariona Taulé (2011). AnCora-Nom: A Spanish lexicon of deverbal nominalizations. 
   Procesamiento del Lenguaje Natural, nº46, pp. 11-18.
 
 

 

-->

<lexentry lemma="ajuste" lng="es" origin="deverbal" type="noun">
  <sense cousin="no" denotation="result" id="1" lexicalized="no" originlemma="ajustar" originlink="verb.ajustar.1" wordnetsynset="16:05487652">
    <frame appearsinplural="yes" type="default">
      <argument argument="arg1" thematicrole="pat">
        <constituent frequency="1" preposition="de" type="sp"/>
        <constituent frequency="1" preposition="a" type="sp"/>
        <constituent frequency="2" type="s.a"/>
        <constituent frequency="2" preposition="en" type="sp"/>
      </argument>
      <specifiers>
        <constituent frequency="1" postype="demonstrative" type="determiner"/>
        <constituent frequency="3" postype="indefinite" type="determiner"/>
        <constituent frequency="8" type="void"/>
        <constituent frequency="10" postype="article" type="determiner"/>
        <constituent frequency="1" postype="r" type="determiner"/>
      </specifiers>
      <reference_modifiers>
        <constituent frequency="5" type="S"/>
        <constituent frequency="1" type="S"/>
        <constituent frequency="3" type="s.a"/>
      </reference_modifiers>
      <examples>
        <example file="CESS-CAST-A/11084_20001014.tbf.xml" nodepath="15.3.2.1.0" sentencenodepath="15">" La velocidad en mi juego debe ser fundamental y Ø debo conseguir <argset><specifier>ese</specifier><head>ajuste </head></argset>antes de volver a las pistas " . </example>
        <example file="CESS-CAST-A/16572_20000320.tbf.xml" nodepath="8.0.3.2.1.0" sentencenodepath="8">" El FMI y el BM necesitan llevar en consideración <argset><specifier>un</specifier><head>ajuste </head><argument argument="arg1" function="cn" thematicrole="pat" type="sp">de políticas nacionales</argument><reference_modifiers>en el que se tengan_en_cuenta las condiciones del comercio local</reference_modifiers></argset>" , agregó el representante de la UE . </example>
        <example file="CESS-CAST-A/17317_20000221.tbf.xml" nodepath="7.0.1.1.4.1.1.1.0.0" sentencenodepath="7">El Gobierno , que suscribió en diciembre pasado un plan de <argset><head>ajuste </head></argset>con el Fondo_Monetario_Internacional ( FMI ) , se comprometió a incrementar la gestión de la Dirección_de_Impuestos_y_Aduanas_Nacionales ( DIAN ) para enfrentar la evasión y el contrabando . </example>
        <example file="CESS-CAST-A/17317_20000221.tbf.xml" nodepath="11.2.2.3.0.1.0" sentencenodepath="11">Para el presidente de la ANIF la economía no resiste más tributos y Ø espera que , como Ø sucedió con la decisión de no duplicar el impuesto sobre las transacciones bancarias " siga primando la sensatez sobre la voracidad burocrática " y <argset><specifier>el</specifier><head>ajuste </head></argset>se haga por el lado del gasto . </example>
        <example file="CESS-CAST-AA/19695_20000427.tbf.xml" nodepath="4.2.5.0.4.2.1.1" sentencenodepath="4">Ø Aseguró que los sindicatos , gremios de estudiantes , profesores , campesinos y pobladores , que se integran en el FP , " no admitirán más políticas de muerte " , como <argset><specifier>los</specifier><reference_modifiers>anunciados</reference_modifiers><head>ajustes </head><argument argument="arg1" function="cn" thematicrole="pat" type="sp">a los precios de los combustibles</argument><reference_modifiers>previstos para julio próximo</reference_modifiers></argset>. </example>
        <example file="CESS-CAST-AA/19695_20000427.tbf.xml" nodepath="5.2.1.1.2.3.1.1.1.0.0" sentencenodepath="5">El dirigente sostuvo que la única forma como el Gobierno puede aplicar las políticas de <argset><head>ajuste </head></argset>es con la represión , por lo que Ø coincidió con los dirigentes indígenas que denunciaron un supuesto intento del Ejecutivo de dar un " autogolpe " de Estado . </example>
        <example file="CESS-CAST-AA/19695_20000427.tbf.xml" nodepath="6.0.3.3.1.2.1.0" sentencenodepath="6">" El propósito del Gobierno es tener todos los poderes en sus manos para , violando los derechos_humanos , imponer <argset><specifier>los</specifier><head>ajustes </head></argset>, a_sangre_y_fuego , porque la población no va a tolerar nuevas medidas en su contra " , opinó Villacís . </example>
        <example file="CESS-CAST-AA/19695_20000427.tbf.xml" nodepath="8.0.2.1.1.0" sentencenodepath="8">El Gobierno ha admitido que <argset><specifier>los</specifier><head>ajustes </head></argset>generarán un evidente descontento , pero Ø ha señalado que ello no supone , en lo más mínimo , que el Ejecutivo pretenda atentar contra la democracia . </example>
        <example file="CESS-CAST-AA/19695_20000427.tbf.xml" nodepath="10.2.2.4.1.1.1.1.0.0" sentencenodepath="10">Los dirigentes populares aseguran que la población ya no cree en la palabra de sus gobernantes y que Ø no tolerará la imposición de <argset><specifier>más</specifier><head>ajustes </head>y sacrificios </argset>, pues Ø recuerdan que en los últimos 20 años , ese tipo de políticas no han dado resultados . </example>
        <example file="CESS-CAST-AA/19695_20000427.tbf.xml" nodepath="12.4.1.1.1.2.1.1.1.1.1.2.1.0.2.2.0.0.1" sentencenodepath="12">La frase , más que un eslogan , según Villacís , intenta reflejar el descontento que ha generado el conocimiento de los planes del Gobierno y del Fondo_Monetario_Internacional ( FMI ) que exige <argset><reference_modifiers>profundos</reference_modifiers><head>ajustes </head><argument argument="arg1" function="cn" thematicrole="pat" type="s.a">fiscales</argument></argset>y reformas estructurales . </example>
        <example file="CESS-CAST-AA/19695_20000427.tbf.xml" nodepath="13.2.3.1.0" sentencenodepath="13">El Gobierno del presidente Gustavo_Noboa ha ratificado que Ø aplicará <argset><specifier>los</specifier><head>ajustes </head><reference_modifiers>sugeridos por el FMI</reference_modifiers></argset>, pues de ellos depende el equilibrio económico de la nación y la superación de la agobiante crisis económica . </example>
        <example file="CESS-CAST-AA/19695_20000427.tbf.xml" nodepath="15.0.1.0" sentencenodepath="15"><argset><specifier>Los</specifier><head>ajustes </head></argset>incluyen dos incrementos del 60_por_ciento en los precios de los combustibles ( julio y octubre ) , el aumento de las tarifas eléctricas , una revisión de la política tributaria , aunque también compensaciones del 20_por_ciento a los salarios en los mismos meses . </example>
        <example file="CESS-CAST-AA/19695_20000427.tbf.xml" nodepath="17.4.4.0.1.1.4.0.1.1.1.1.0" sentencenodepath="17">El jefe del Estado ha pedido paciencia y calma a la población , pues Ø está seguro de que en el corto plazo se verán los resultados de <argset><specifier>los</specifier><head>ajustes </head></argset>y los beneficios sociales . </example>
        <example file="CESS-CAST-AA/20809_20000428.tbf.xml" nodepath="0.0.2.1.1.1.0.0" sentencenodepath="0">Caja_Cantabria ha puesto_en_marcha un plan de <argset><head>ajuste </head></argset>para fortalecer su situación financiera y solvencia , tras haber registrado en 1999 un descenso en sus beneficios brutos del 35_por_ciento , hasta los 4.716 millones de pesetas , informó hoy su director general , Javier_Eraso . </example>
        <example file="CESS-CAST-AA/5021_20000206.tbf.xml" nodepath="20.0.0.4.1.1.1.1" sentencenodepath="20">que si Ø pretendía someterse a <argset><specifier>otro</specifier>" <head>ajuste </head><reference_modifiers>estético</reference_modifiers>" </argset>... " Ø No lo necesito " . </example>
        <example file="CESS-CAST-AA/5166_20001108.tbf.xml" nodepath="0.4.1.1.1.0.0" sentencenodepath="0">El presidente dominicano , Hipólito_Mejía , presentó al país hoy , Martes , un plan de <argset><head>ajuste </head></argset>para equilibrar el déficit heredado del anterior gobierno . </example>
        <example file="CESS-CAST-AA/5166_20001108.tbf.xml" nodepath="3.0.0.1.1.1.0.0" sentencenodepath="3">Las medidas de <argset><head>ajuste </head></argset>no entrarán en vigor hasta que las apruebe el Congreso_Nacional , donde Mejía las presentará el próximo Jueves , si_bien el presidente espera que la aprobación sea " lo antes posible " . </example>
        <example file="CESS-CAST-AA/8504_20001212.tbf.xml" nodepath="4.2.1.2.1.1.2.1.0.0" sentencenodepath="4">La Proposición_de_Ley presenta la modificación de la 8/1972 de 10 de mayo , de " construcción , conservación y explotación de las autopistas en régimen de concesión " , añadiendo un artículo 15 bis sobre <argset><head>ajustes </head><argument argument="arg1" function="cn" thematicrole="pat" type="sp">en las concesiones y tarifas</argument><reference_modifiers>que " pueden llegar a la reducción de las tarifas a pagar por los usuarios " , o a repercutir en las inversiones en mejoras viarias</reference_modifiers></argset>. </example>
        <example file="CESS-CAST-P/34_20010502.tbf.xml" nodepath="0.4.2.2.1.0" sentencenodepath="0">El presidente mexicano , Vicente_Fox , reaccionó ayer a las críticas zapatistas , Ø reconoció que la reforma constitucional aprobada por el Congreso " deja a un lado " buena parte de la iniciativa que él envió al Senado y Ø pidió " realizar <argset><specifier>los</specifier><head>ajustes </head><reference_modifiers>necesarios para profundizar en los avances</reference_modifiers></argset>" . </example>
        <example file="CESS-CAST-P/69_20010201_n.tbf.xml" nodepath="1.2.1.0" sentencenodepath="1">La eléctrica belga , con 15.235 empleados , justificó <argset><specifier>el</specifier><head>ajuste </head></argset>por la liberalización del sector . </example>
        <example file="CESS-CAST-P/70_20011102.tbf.xml" nodepath="2.2.0.1.0" sentencenodepath="2">La supresión de los vuelos de Delta_Airlines a Nueva_York y Atlanta desde Barcelona no es una consecuencia directa de los ataques terroristas , sino <argset><specifier>un</specifier><head>ajuste </head><argument argument="arg1" function="cn" thematicrole="pat" type="sp">en la programación de la compañía</argument><reference_modifiers>coincidiendo con el final de la temporada alta</reference_modifiers></argset>. </example>
        <example file="CESS-CAST-P/91_20000301.tbf.xml" nodepath="2.0.0.1.0" sentencenodepath="2"><argset><specifier>El</specifier><head>ajuste </head><argument argument="arg1" function="cn" thematicrole="pat" type="s.a">laboral</argument></argset>afectará especialmente a Francia , donde se concentrarán 1.500 despidos , mientras_que en España sólo están previstas 20 rescisiones de contratos . </example>
        <example file="CESS-CAST-P/91_20000301.tbf.xml" nodepath="7.0.1.1.1.0.0" sentencenodepath="7">El plan de <argset><head>ajuste </head></argset>es la única salida posible , según la dirección de ABB_Alstom_Power , a la sobrecapacidad , los precios a la baja y a la concentración de la producción en Europa cuando los mercados están fuera del continente . </example>
      </examples>
    </frame>
  </sense>
  <sense cousin="no" denotation="result" id="2" lexicalized="no" originlemma="ajustar" originlink="verb.ajustar.2" wordnetsynset="16:05487652">
    <frame appearsinplural="yes" type="default">
      <specifiers>
        <constituent frequency="1" postype="article" type="determiner"/>
      </specifiers>
      <reference_modifiers>
        <constituent frequency="1" type="s.a"/>
      </reference_modifiers>
      <examples>
        <example file="CESS-CAST-P/122_20020103.tbf.xml" nodepath="52.2.3.1.0" sentencenodepath="52">Si Ø se ríen , maravilloso ; si no , Ø haces <argset><specifier>los</specifier><head>ajustes </head><reference_modifiers>necesarios</reference_modifiers></argset>. </example>
      </examples>
    </frame>
  </sense>
</lexentry>
