<?xml version="1.0" encoding="UTF-8" standalone="no"?>
<!-- 

  ancoralex-2.0.3
       
			Copyright (C) 2007,2008,2009,2010,2011 CLiC - UB
			Centre de Llenguatge i Computació - Universitat de Barcelona
 
  This file is part of ancoralex-2.0.3.
 
  ancoralex-2.0.3 is free software and data: you can redistribute it and/or modify
  it under the terms of the GNU General Public License as published
  by the Free Software Foundation, either version 3 of the License,
  or (at your option) any later version.

  ancoralex-2.0.3 is distributed in the hope that it will be useful,
  but WITHOUT ANY WARRANTY; without even the implied warranty of
  MERCHANTABILITY or FITNESS FOR A PARTICULAR PURPOSE.  See the
  GNU General Public License for more details.
 
  You should have received a copy of the GNU General Public License
  along with ancoralex-2.0.3.  If not, see &lt;http://www.gnu.org/licenses/&gt;.
 
  Check a text in catalan explaining the terms of the license at http://www.softcatala.cat/wiki/GPL3.
  In spanish at http://www.viti.es/gnu/licenses/gpl.html
  
  The following paper must be cited when using verb lexicon: 

 * Aparicio, Juan, Mariona Taulé, M.Antònia Martí (2008) 'AnCora-Verb: A Lexical Resource for 
   the Semantic Annotation of Corpora'. Proceedings of 6th International Conference on Language 
   Resources and Evaluation. Marrakesh (Morocco).

  The following paper must be cited when using noun lexicon: 

 * Peris, Aina, Mariona Taulé (2011). AnCora-Nom: A Spanish lexicon of deverbal nominalizations. 
   Procesamiento del Lenguaje Natural, nº46, pp. 11-18.
 
 

 

-->

<lexentry lemma="alargamiento" lng="es" origin="deverbal" type="noun">
  <sense cousin="no" denotation="underspecified" id="1" lexicalized="no" originlemma="alargar" originlink="verb.alargar.1" wordnetsynset="16:00657628">
    <frame appearsinplural="no" type="anticausative">
      <argument argument="arg1" thematicrole="tem">
        <constituent frequency="1" preposition="de" type="sp"/>
      </argument>
      <specifiers>
        <constituent frequency="1" type="void"/>
      </specifiers>
      <examples>
        <example file="CESS-CAST-AA/24050_20000928.tbf.xml" nodepath="2.2.4.2.1.1.1.0.0" sentencenodepath="2">El Tesoro prevé amortizar deuda el próximo año por importe de 9,3 billones de pesetas , un 21_por_ciento menos que este ejercicio , gracias_a la política de <argset><head>alargamiento </head><argument argument="arg1" function="cn" thematicrole="tem" type="sp">de la vida media de los títulos</argument></argset>. </example>
      </examples>
    </frame>
    <frame appearsinplural="no" type="default">
      <argument argument="arg1" thematicrole="tem">
        <constituent frequency="1" preposition="en" type="sp"/>
      </argument>
      <argument argument="argM" thematicrole="adv">
        <constituent frequency="1" preposition="en" type="sp"/>
      </argument>
      <specifiers>
        <constituent frequency="1" postype="article" type="determiner"/>
      </specifiers>
      <examples>
        <example file="CESS-CAST-P/4_20020601_a.tbf.xml" nodepath="0.0.1.0" sentencenodepath="0"><argset><specifier>El</specifier><head>alargamiento </head><argument argument="arg1" function="cn" thematicrole="tem" type="sp">en la esperanza de vida</argument><argument argument="argM" function="cn" thematicrole="adv" type="sp">en los pacientes con VIH</argument></argset>ha convertido a la hepatitis_C en la primera causa individual de la muerte en el sida . </example>
      </examples>
    </frame>
  </sense>
</lexentry>
