<?xml version="1.0" encoding="UTF-8" standalone="no"?>
<!-- 

  ancoralex-2.0.3
       
			Copyright (C) 2007,2008,2009,2010,2011 CLiC - UB
			Centre de Llenguatge i Computació - Universitat de Barcelona
 
  This file is part of ancoralex-2.0.3.
 
  ancoralex-2.0.3 is free software and data: you can redistribute it and/or modify
  it under the terms of the GNU General Public License as published
  by the Free Software Foundation, either version 3 of the License,
  or (at your option) any later version.

  ancoralex-2.0.3 is distributed in the hope that it will be useful,
  but WITHOUT ANY WARRANTY; without even the implied warranty of
  MERCHANTABILITY or FITNESS FOR A PARTICULAR PURPOSE.  See the
  GNU General Public License for more details.
 
  You should have received a copy of the GNU General Public License
  along with ancoralex-2.0.3.  If not, see &lt;http://www.gnu.org/licenses/&gt;.
 
  Check a text in catalan explaining the terms of the license at http://www.softcatala.cat/wiki/GPL3.
  In spanish at http://www.viti.es/gnu/licenses/gpl.html
  
  The following paper must be cited when using verb lexicon: 

 * Aparicio, Juan, Mariona Taulé, M.Antònia Martí (2008) 'AnCora-Verb: A Lexical Resource for 
   the Semantic Annotation of Corpora'. Proceedings of 6th International Conference on Language 
   Resources and Evaluation. Marrakesh (Morocco).

  The following paper must be cited when using noun lexicon: 

 * Peris, Aina, Mariona Taulé (2011). AnCora-Nom: A Spanish lexicon of deverbal nominalizations. 
   Procesamiento del Lenguaje Natural, nº46, pp. 11-18.
 
 

 

-->

<lexentry lemma="aleación" lng="es" origin="deverbal" type="noun">
  <sense cousin="no" denotation="result" id="1" lexicalized="no" originlemma="alear" originlink="verb.alear.1" wordnetsynset="16:10449557">
    <frame appearsinplural="yes" type="default">
      <argument argument="arg1" thematicrole="pat">
        <constituent frequency="1" type="s.a"/>
      </argument>
      <specifiers>
        <constituent frequency="1" postype="article" type="determiner"/>
        <constituent frequency="1" postype="indefinite" type="determiner"/>
      </specifiers>
      <reference_modifiers>
        <constituent frequency="1" type="S"/>
      </reference_modifiers>
      <examples>
        <example file="3LB-CAST/dc3-0.tbf.xml" nodepath="2.0.3.1.1.0.2.2.1.1.0" sentencenodepath="2">Poco_a_poco Ø aprendió a efectuar modificaciones sobre ellos , como en <argset><specifier>las</specifier><head>aleaciones </head><argument argument="arg1" function="cn" thematicrole="pat" type="s.a">metálicas</argument></argset>, pero sólo recientemente se ha producido una auténtica revolución con la creación de nuevos materiales , cada vez mejores , en mayor número y más adaptados a las propiedades específicas que en cada caso se les demandan . </example>
        <example file="CESS-CAST-P/93_20010701.tbf.xml" nodepath="2.0.1.1.2.6.2.1.0" sentencenodepath="2">El mismo latón que se utiliza para fabricar las monedas de peseta o de duro , y que ahora se usará también con el euro , con <argset><specifier>una</specifier><head>aleación </head><reference_modifiers>que es uno de los secretos mejor guardados por el Tesoro</reference_modifiers></argset>. </example>
      </examples>
    </frame>
  </sense>
</lexentry>
