<?xml version="1.0" encoding="UTF-8" standalone="no"?>
<!-- 

  ancoralex-2.0.3
       
			Copyright (C) 2007,2008,2009,2010,2011 CLiC - UB
			Centre de Llenguatge i Computació - Universitat de Barcelona
 
  This file is part of ancoralex-2.0.3.
 
  ancoralex-2.0.3 is free software and data: you can redistribute it and/or modify
  it under the terms of the GNU General Public License as published
  by the Free Software Foundation, either version 3 of the License,
  or (at your option) any later version.

  ancoralex-2.0.3 is distributed in the hope that it will be useful,
  but WITHOUT ANY WARRANTY; without even the implied warranty of
  MERCHANTABILITY or FITNESS FOR A PARTICULAR PURPOSE.  See the
  GNU General Public License for more details.
 
  You should have received a copy of the GNU General Public License
  along with ancoralex-2.0.3.  If not, see &lt;http://www.gnu.org/licenses/&gt;.
 
  Check a text in catalan explaining the terms of the license at http://www.softcatala.cat/wiki/GPL3.
  In spanish at http://www.viti.es/gnu/licenses/gpl.html
  
  The following paper must be cited when using verb lexicon: 

 * Aparicio, Juan, Mariona Taulé, M.Antònia Martí (2008) 'AnCora-Verb: A Lexical Resource for 
   the Semantic Annotation of Corpora'. Proceedings of 6th International Conference on Language 
   Resources and Evaluation. Marrakesh (Morocco).

  The following paper must be cited when using noun lexicon: 

 * Peris, Aina, Mariona Taulé (2011). AnCora-Nom: A Spanish lexicon of deverbal nominalizations. 
   Procesamiento del Lenguaje Natural, nº46, pp. 11-18.
 
 

 

-->

<lexentry lemma="alfabetización" lng="es" origin="deverbal" type="noun">
  <sense cousin="no" denotation="result" id="1" lexicalized="no" originlemma="alfabetizar" originlink="verb.alfabetizar.1" wordnetsynset="16:00652375">
    <frame appearsinplural="no" type="default">
      <specifiers>
        <constituent frequency="1" postype="article" type="determiner"/>
      </specifiers>
      <examples>
        <example file="3LB-CAST/e2-3.tbf.xml" nodepath="0.4.1.1.2.2.1.0.1.2.1.1.0" sentencenodepath="0">Desde_luego , no se trata de un tema más antiguo , como el de la educación , esto_es , <argset><specifier>la</specifier><head>alfabetización </head></argset>o la obligatoriedad escolar . </example>
      </examples>
    </frame>
  </sense>
  <sense cousin="no" denotation="event" id="2" lexicalized="no" originlemma="alfabetizar" originlink="verb.alfabetizar.1" wordnetsynset="16:00652375">
    <frame appearsinplural="no" type="default">
      <argument argument="arg1" thematicrole="pat">
        <constituent frequency="1" preposition="de" type="sp"/>
      </argument>
      <specifiers>
        <constituent frequency="1" type="void"/>
      </specifiers>
      <examples>
        <example file="CESS-CAST-A/10150_20001114.tbf.xml" nodepath="9.2.0.0.1.1.0.8.0.0" sentencenodepath="9">Se aprobaron programas de cooperación universitaria y movilidad de posgraduados , investigación tecnológica , escolarización básica de niños y <argset><head>alfabetización </head><argument argument="arg1" function="cn" thematicrole="pat" type="sp">de adultos</argument></argset>, así_como la creación del Canal_de_Televisión_Educativa_Iberoamericana ( ICI ) , que comenzó a emitir el 5_de_julio_de_1993 . </example>
      </examples>
    </frame>
  </sense>
</lexentry>
