<?xml version="1.0" encoding="UTF-8" standalone="no"?>
<!-- 

  ancoralex-2.0.3
       
			Copyright (C) 2007,2008,2009,2010,2011 CLiC - UB
			Centre de Llenguatge i Computació - Universitat de Barcelona
 
  This file is part of ancoralex-2.0.3.
 
  ancoralex-2.0.3 is free software and data: you can redistribute it and/or modify
  it under the terms of the GNU General Public License as published
  by the Free Software Foundation, either version 3 of the License,
  or (at your option) any later version.

  ancoralex-2.0.3 is distributed in the hope that it will be useful,
  but WITHOUT ANY WARRANTY; without even the implied warranty of
  MERCHANTABILITY or FITNESS FOR A PARTICULAR PURPOSE.  See the
  GNU General Public License for more details.
 
  You should have received a copy of the GNU General Public License
  along with ancoralex-2.0.3.  If not, see &lt;http://www.gnu.org/licenses/&gt;.
 
  Check a text in catalan explaining the terms of the license at http://www.softcatala.cat/wiki/GPL3.
  In spanish at http://www.viti.es/gnu/licenses/gpl.html
  
  The following paper must be cited when using verb lexicon: 

 * Aparicio, Juan, Mariona Taulé, M.Antònia Martí (2008) 'AnCora-Verb: A Lexical Resource for 
   the Semantic Annotation of Corpora'. Proceedings of 6th International Conference on Language 
   Resources and Evaluation. Marrakesh (Morocco).

  The following paper must be cited when using noun lexicon: 

 * Peris, Aina, Mariona Taulé (2011). AnCora-Nom: A Spanish lexicon of deverbal nominalizations. 
   Procesamiento del Lenguaje Natural, nº46, pp. 11-18.
 
 

 

-->

<lexentry lemma="alimento" lng="es" origin="deverbal" type="noun">
  <sense cousin="no" denotation="result" id="1" lexicalized="no" originlemma="alimentar" originlink="verb.alimentar.1" wordnetsynset="16:00011575">
    <frame appearsinplural="yes" type="default">
      <argument argument="argM" thematicrole="fin">
        <constituent frequency="1" preposition="para" type="sp"/>
      </argument>
      <specifiers>
        <constituent frequency="17" type="void"/>
        <constituent frequency="6" postype="article" type="determiner"/>
        <constituent frequency="1" postype="indefinite" type="determiner"/>
      </specifiers>
      <reference_modifiers>
        <constituent frequency="7" type="s.a"/>
        <constituent frequency="4" type="S"/>
        <constituent frequency="1" preposition="para" type="sp"/>
        <constituent frequency="1" type="S"/>
      </reference_modifiers>
      <examples>
        <example file="3LB-CAST/a2-0.tbf.xml" nodepath="2.1.2.1.1.0.0" sentencenodepath="2">Allí , rodeado de páginas de programación , provisto de <argset><head>alimentos </head><reference_modifiers>suficientes</reference_modifiers><argument argument="argM" function="cn" thematicrole="fin" type="sp">para una larga travesía</argument></argset>, armado con el mando_a_distancia del televisor , el mando_a_distancia del vídeo VHS y mando_a_distancia del Beta , Ø decidió construir su particular trinchera . </example>
        <example file="3LB-CAST/d2-17.tbf.xml" nodepath="0.0.0.1" sentencenodepath="0"><argset><reference_modifiers>Puro</reference_modifiers><head>alimento </head></argset>. </example>
        <example file="3LB-CAST/dc1-1.tbf.xml" nodepath="0.2.1.3.1.1.1.1.0.0" sentencenodepath="0">Unas veces porque Ø agotan su plazo de vida ; otras , debido_a que Ø presentan taras genéticas letales , a la escasez de <argset><head>alimento </head></argset>o a que Ø son devorados . </example>
        <example file="3LB-CAST/dc1-11.tbf.xml" nodepath="3.5.2.1.1.1.1.0.0" sentencenodepath="3">En menor medida , las radiaciones ionizantes se han empleado también como medio de esterilización para hacer_frente a determinadas plagas de insectos , y en la conservación de <argset><head>alimentos </head></argset>, dada su gran capacidad para actuar sobre el material genético y con ello , la posibilidad de inhibir la proliferación de bacterias y gérmenes . </example>
        <example file="3LB-CAST/dc1-15.tbf.xml" nodepath="3.2.3.5.1.1.1.1.1.0.0" sentencenodepath="3">Mediante gruesas capas de pelo o lana , plumones compactos o , en_su_defecto , mantas adiposas , por_ejemplo , no_sólo Ø le aíslan a_la_perfección del frío y la humedad , sino_que_además , Ø le crean una reserva protéica para prevenir la escasez de <argset><head>alimento </head></argset>. </example>
        <example file="3LB-CAST/dc2-0.tbf.xml" nodepath="11.0.3.3.1.1.1.0.1.1.0.2.0" sentencenodepath="11">Cuando los ejércitos de la antigüedad bombardeaban con cadáveres putrefactos las ciudades asediadas o Ø envenenaban de forma parecida las fuentes de suministro de <argset>agua y <head>alimentos </head>
          </argset>de sus enemigos , Ø ya estaban practicando la guerra biológica . </example>
        <example file="3LB-CAST/dc2-6.tbf.xml" nodepath="8.2.1.3.2.1.1.1.1.1.1.1.0.1.1.0.0" sentencenodepath="8">Ø Consiste en alterar artificialmente el equilibrio ecológico del territorio enemigo , con el objeto de desbaratar sus fuentes de suministro de <argset><head>alimentos </head></argset>. </example>
        <example file="CESS-CAST-A/11811_20000516.tbf.xml" nodepath="12.4.1.5.1.0.0.1.1.0.0" sentencenodepath="12">El PLD ha sido acusado en las últimas semanas por la oposición de " comprar cédulas " a vecinos de barrios pobres de la capital y otras ciudades a_cambio_de bolsas con <argset><head>alimentos </head></argset>y el pago de hasta 300 pesos ( unos 18 dólares ) . </example>
        <example file="CESS-CAST-A/17195_20001021.tbf.xml" nodepath="2.3.3.1.1.1.1.1.0.0" sentencenodepath="2">Durante la semana fuentes del gobierno y del sector empresario indicaron que miles de toneladas de maíz producido por manipulación genética , y no apto para el consumo humano , pueden haber sido utilizadas para fabricar una variedad de <argset><head>alimentos </head></argset>a la venta en Estados_Unidos . </example>
        <example file="CESS-CAST-A/17195_20001021.tbf.xml" nodepath="8.2.5.1.0.1.1.1.0" sentencenodepath="8">John_Wichtrich , vicepresidente de la empresa Aventis_FoodSciences , de Carolina_del_Norte , que desarrolló ese maíz transgénico , dijo que " una gran cantidad ya ha pasado al ciclo de <argset><specifier>los</specifier><head>alimentos </head></argset>" . </example>
        <example file="CESS-CAST-A/17195_20001021.tbf.xml" nodepath="9.0.3.2.1.0.1.1.1.0" sentencenodepath="9">" Ø Estamos_en_contacto con los dueños de los silos , los molinos y los procesadores para identificar el maíz que se haya mezclado , y Ø vamos a retirarlo del circuito de <argset><specifier>los</specifier><head>alimentos </head></argset>" , indicó el ejecutivo . </example>
        <example file="CESS-CAST-A/17195_20001021.tbf.xml" nodepath="10.3.2.3.4.1.1.1.1.0.0" sentencenodepath="10">Portavoces de Aventis indicaron el miércoles que unos 260 silos han recibido ese tipo de maíz este año y que una consulta con 107 propietarios indicó que por_lo_menos la mitad ha empleado el maíz para la fabricación de <argset><head>alimentos </head><reference_modifiers>humanos</reference_modifiers></argset>. </example>
        <example file="CESS-CAST-A/17384_20000221.tbf.xml" nodepath="0.0.0.1.2.1.0.0" sentencenodepath="0">El uso indiscriminado de <argset><head>alimentos </head><reference_modifiers>granulados , concentrados o deshidratados</reference_modifiers></argset>en la preparación de caldos y sopas tiene efectos nocivos para la salud , denunció hoy la Asociación_Mexicana_de_Estudios_para_la_Defensa_del_Consumidor ( AMEDEC ) . </example>
        <example file="CESS-CAST-A/17384_20000221.tbf.xml" nodepath="2.3.3.0.0" sentencenodepath="2">Lomeli agregó en un comunicado que el 95_por_ciento de los hogares mexicanos consumen <argset><head>alimentos </head><reference_modifiers>concentrados</reference_modifiers><reference_modifiers>para preparar sopas y caldos</reference_modifiers><reference_modifiers>, producidos por unas 50 compañías tanto del país como extranjeras</reference_modifiers></argset>. </example>
        <example file="CESS-CAST-AA/21342_20000526.tbf.xml" nodepath="4.4.1.3.1.6.1.1.1.0.0" sentencenodepath="4">La indemnización cubrirá por_lo_menos , según los casos , los aspectos siguientes del perjuicio : pérdida de ingresos , gastos médicos y de hospitalización , gastos funerarios y cuando se trate de personas a cargo , pérdida de <argset><head>alimentos </head></argset>. </example>
        <example file="CESS-CAST-AA/21423_20000428.tbf.xml" nodepath="3.3.1.1.1.2.1.1.0.0" sentencenodepath="3">" Ø Lo logramos ; Ø no dimos ni un paso en_falso , ni un paso atrás " , manifestó Marroquín ante cerca de 30 de sus compañeros que permanecieron sin ingerir <argset><head>alimentos </head></argset>desde el pasado Martes . </example>
        <example file="CESS-CAST-AA/5166_20001108.tbf.xml" nodepath="9.2.3.2.1.0" sentencenodepath="9">Ø Agregó que seguirán exentos del pago del ITBIS los productos de origen agropecuario y <argset><specifier>otros</specifier><head>alimentos </head><reference_modifiers>básicos</reference_modifiers><reference_modifiers>, incluidos la leche y sus derivados , y el arroz , la carne de pollo y las habichuelas , base de la dieta popular dominicana</reference_modifiers></argset>. </example>
        <example file="CESS-CAST-AA/5166_20001108.tbf.xml" nodepath="11.0.1.0.1.1" sentencenodepath="11">" <argset><specifier>Los</specifier><reference_modifiers>principales</reference_modifiers><head>alimentos </head><reference_modifiers>que consumen las familias pobres del país</reference_modifiers></argset>y aquellos que tienen una incidencia directa en la inversión productiva , la salud y la educación no serán afectadas por la reforma del ITBIS " , precisó el gobernante . </example>
        <example file="CESS-CAST-AA/8039_20000610.tbf.xml" nodepath="13.2.0.0" sentencenodepath="13">La ONU , varias organizaciones humanitarias internacionales y el propio Gobierno_de_Seúl enviaron <argset><head>alimentos </head></argset>a Pyongyang para aliviar la hambruna que padece la población norcoreana , víctima de la mala gestión económica de ese país y de las inclemencias del clima . </example>
        <example file="CESS-CAST-AA/8195_20000812.tbf.xml" nodepath="2.2.4.7.1.2.1.1.0" sentencenodepath="2">Ambos destacan que esta situación se produce " justo cuando más controles Ø estamos realizando " , análisis de calidad en <argset><specifier>los</specifier><head>alimentos </head></argset>con un nivel casi insuperable , a_pesar_de lo cual la medida comunitaria ha repercutido " de forma alarmante en nuestra contra " . </example>
        <example file="CESS-CAST-AA/8222_20000310.tbf.xml" nodepath="2.0.1.1.0" sentencenodepath="2">Dentro_de <argset><specifier>los</specifier><head>alimentos </head><reference_modifiers>hortofrutícolas</reference_modifiers></argset>, resaltan los aumentos de esta diferencia en las cotizaciones del fresón , puesto_que en 1999 el margen mayorista de este producto creció el 59_por_ciento respecto_al año anterior , en_tanto_que el margen minorista se incrementó el 42_por_ciento . </example>
        <example file="CESS-CAST-AA/8633_20000114.tbf.xml" nodepath="8.1.3.2.1.0" sentencenodepath="8">En varias localidades del noroeste de Australia y en las numerosas islas situadas a_lo_largo_de la costa , tanto el correo como la prensa y <argset><specifier>los</specifier><head>alimentos </head></argset>se distribuyen por avión . </example>
        <example file="CESS-CAST-P/6_19990301.tbf.xml" nodepath="1.2.1.2.1.0.1.1.0.1.0.0.3.0.0" sentencenodepath="1">Las estadísticas reflejan un incremento constante del número de muchachas que apenas ingieren <argset><head>alimentos </head></argset>o que se fuerzan vómitos para mantener la línea . </example>
        <example file="CESS-CAST-P/80_20011001.tbf.xml" nodepath="3.0.4.0.1" sentencenodepath="3">Cuando Ø no encontraba <argset><reference_modifiers>suficiente</reference_modifiers><head>alimento </head></argset>, " Ø forzaba puertas y ventanas de domicilios de la zona para proveerse " , según un portavoz policial . </example>
      </examples>
    </frame>
  </sense>
</lexentry>
