<?xml version="1.0" encoding="UTF-8" standalone="no"?>
<!-- 

  ancoralex-2.0.3
       
			Copyright (C) 2007,2008,2009,2010,2011 CLiC - UB
			Centre de Llenguatge i Computació - Universitat de Barcelona
 
  This file is part of ancoralex-2.0.3.
 
  ancoralex-2.0.3 is free software and data: you can redistribute it and/or modify
  it under the terms of the GNU General Public License as published
  by the Free Software Foundation, either version 3 of the License,
  or (at your option) any later version.

  ancoralex-2.0.3 is distributed in the hope that it will be useful,
  but WITHOUT ANY WARRANTY; without even the implied warranty of
  MERCHANTABILITY or FITNESS FOR A PARTICULAR PURPOSE.  See the
  GNU General Public License for more details.
 
  You should have received a copy of the GNU General Public License
  along with ancoralex-2.0.3.  If not, see &lt;http://www.gnu.org/licenses/&gt;.
 
  Check a text in catalan explaining the terms of the license at http://www.softcatala.cat/wiki/GPL3.
  In spanish at http://www.viti.es/gnu/licenses/gpl.html
  
  The following paper must be cited when using verb lexicon: 

 * Aparicio, Juan, Mariona Taulé, M.Antònia Martí (2008) 'AnCora-Verb: A Lexical Resource for 
   the Semantic Annotation of Corpora'. Proceedings of 6th International Conference on Language 
   Resources and Evaluation. Marrakesh (Morocco).

  The following paper must be cited when using noun lexicon: 

 * Peris, Aina, Mariona Taulé (2011). AnCora-Nom: A Spanish lexicon of deverbal nominalizations. 
   Procesamiento del Lenguaje Natural, nº46, pp. 11-18.
 
 

 

-->

<lexentry lemma="alineación" lng="es" origin="deverbal" type="noun">
  <sense cousin="no" denotation="result" id="1" lexicalized="no" originlemma="alinear" originlink="verb.alinear.1" wordnetsynset="16:04869316">
    <frame appearsinplural="yes" type="default">
      <argument argument="arg1" thematicrole="pat">
        <constituent frequency="5" preposition="de" type="sp"/>
      </argument>
      <argument argument="argM" thematicrole="tmp">
        <constituent frequency="1" preposition="durante" type="sp"/>
      </argument>
      <argument argument="argM">
        <constituent frequency="1" preposition="de" type="sp"/>
      </argument>
      <specifiers>
        <constituent frequency="6" type="void"/>
        <constituent frequency="6" postype="article" type="determiner"/>
      </specifiers>
      <reference_modifiers>
        <constituent frequency="8" type="s.a"/>
        <constituent frequency="1" type="S"/>
        <constituent frequency="1" preposition="de" type="sp"/>
        <constituent frequency="1" preposition="debido_al" type="sp"/>
      </reference_modifiers>
      <examples>
        <example file="3LB-CAST/d1-14.tbf.xml" nodepath="6.0.3.0.0" sentencenodepath="6">De_ahí_que Clifford_Luyk presentase <argset><head>alineaciones </head><reference_modifiers>clásicas</reference_modifiers></argset>. </example>
        <example file="CESS-CAST-A/11456_20000715.tbf.xml" nodepath="12.0.3.2.1.0" sentencenodepath="12">El técnico Gómez , no adelantó cuál será <argset><specifier>la</specifier><head>alineación </head><reference_modifiers>que presentará ante Argentina</reference_modifiers></argset>, pero lo más probable será que Ø utilice a los siguientes elementos : José_Cevallos ; Ulises_de_la_Cruz , Iván_Hurtado , Augusto_Porozo , Luis_Capurro ; Jimmy_Blandón , Edwin_Tenorio , Alfonso_Obregón , Alex_Aguinaga ; Agustín_Delgado y Eduardo_Hurtado ( Carlos_Juárez ) . </example>
        <example file="CESS-CAST-A/13853_20000918.tbf.xml" nodepath="6.2.1.3.4.1.0" sentencenodepath="6">Todo ello da_lugar a que Irureta tenga que seguir con las rotaciones de los últimos partidos y Ø no tenga definitivamente conformada <argset><specifier>la</specifier><head>alineación </head></argset>. </example>
        <example file="CESS-CAST-AA/20121_20000427.tbf.xml" nodepath="2.3.2.2.4.1.0.0" sentencenodepath="2">Eso sí , Ø dijo que si esta tarde el comité de competición opta por dar por perdida la eliminatoria de Copa_del_Rey al FC_Barcelona , Ø agotará todas las vías judiciales deportivas e incluso el club azulgrana podría denunciar al Atlético_de_Madrid por <argset><head>alineación </head><reference_modifiers>indebida</reference_modifiers><argument argument="arg1" function="cn" thematicrole="pat" type="sp">de Jimmy_Hasselbaink</argument></argset>, si éste se alinea el Sábado en la Liga y el Barcelona perdiera el envite . </example>
        <example file="CESS-CAST-AA/3286_20000505.tbf.xml" nodepath="18.0.2.1.1.0" sentencenodepath="18">El noruego formó_parte de <argset><specifier>la</specifier><head>alineación </head><reference_modifiers>titular</reference_modifiers><reference_modifiers>del Alavés</reference_modifiers></argset>ante el equipo vallisoletano , pero Ø fue expulsado por el colegiado Arturo_Daudén_Ibánez en la segunda parte , por lo que Ø ha sido sancionado con un partido de suspensión . </example>
        <example file="CESS-CAST-AA/6315_20001209.tbf.xml" nodepath="3.0.3.1.0.2.0.0" sentencenodepath="3">En ello ha influido , según Fernández , el que haya habido que " modificar <argset><head>alineaciones </head></argset>continuamente , pero a_pesar_de ello , el equipo ha respondido bien y mañana Ø va a estar mucho más asentado y Ø tendrá una buena oportunidad para alcanzar un resultado positivo " . </example>
        <example file="CESS-CAST-P/143_20010601.tbf.xml" nodepath="1.2.1.2.1.2.1.1.0" sentencenodepath="1">Lo han provocado las amenazas de algunos clubs , en situación desesperada como Osasuna y Racing , de impugnar el resultado de algunos partidos por <argset><specifier>la</specifier><head>alineación </head><reference_modifiers>indebida</reference_modifiers><argument argument="arg1" function="cn" thematicrole="pat" type="sp">de jugadores</argument><reference_modifiers>, debido_al caso de los pasaportes falsos</reference_modifiers></argset>. </example>
        <example file="CESS-CAST-P/143_20010601.tbf.xml" nodepath="4.0.1.0.0.1.0" sentencenodepath="4">" <argset><specifier>Las</specifier><head>alineaciones </head><reference_modifiers>indebidas</reference_modifiers></argset>deben denunciarse en 48 horas , si no , se puede hipotecar la competición durante años . La actitud de estos clubs ahora es intolerable . Ø Intentan hacer ruido para pescar algo pero , al_margen_de las sanciones que el Comité_de_Competición impondrá por la falsedad de documentación , quien no haya ganado los partidos en el terreno de juego , no tiene nada que hacer " , remarcó ayer a EL_PERIODICO Gerardo_González , secretario general de la RFEF . </example>
        <example file="CESS-CAST-P/143_20010601.tbf.xml" nodepath="6.0.1.2.3.1.1.5.2.0.0" sentencenodepath="6">El fallo del Comité_de_Competición que otorgó al Compostela los tres puntos que Ø perdió en el campo ante el Getafe , por <argset><head>alineación </head><reference_modifiers>indebida</reference_modifiers><argument argument="arg1" function="cn" thematicrole="pat" type="sp">de cuatro extranjeros</argument><argument argument="argM" function="cn" thematicrole="tmp" type="sp">durante cinco minutos</argument><argument argument="argM" function="cn" type="sp">del equipo madrileño</argument></argset>, ha abierto la veda para que algunos clubs en situación crítica en la Liga intenten ganar puntos en los despachos . </example>
        <example file="CESS-CAST-P/143_20010601.tbf.xml" nodepath="7.3.1.3.3.1.1.0" sentencenodepath="7">El precedente lo marcó el presidente del Racing , Miguel_Angel_Díaz , quien denunció al Las_Palmas por <argset><specifier>las</specifier><head>alineaciones </head><argument argument="arg1" function="cn" thematicrole="pat" type="sp">de Alvaro y Baiano</argument></argset>. </example>
        <example file="CESS-CAST-P/143_20010601.tbf.xml" nodepath="8.4.1.1.4.1.0.0" sentencenodepath="8">Ayer le siguió el presidente de Osasuna , Javier_Miranda , al anunciar que su club denunciará al Las_Palmas , Rayo_Vallecano , Espanyol y Oviedo por <argset><head>alineación </head><reference_modifiers>indebida</reference_modifiers><argument argument="arg1" function="cn" thematicrole="pat" type="sp">de algunos de sus jugadores - - Alvaro ( Las_Palmas ) , Bartelt ( Rayo ) , Toledo ( Espanyol ) y Keita ( Oviedo ) - - aún pendientes de saber la resolución que tome el Comité_de_Competición</argument></argset>. </example>
        <example file="CESS-CAST-P/143_20010601.tbf.xml" nodepath="11.2.1.2.1.0.0" sentencenodepath="11">El club navarro , que dice tener el apoyo de otras entidades , como el Athletic o la Real_Sociedad , pedirá los puntos de los partidos Osasuna-Espanyol y Las_Palmas-Osasuna por <argset><head>alineación </head><reference_modifiers>indebida</reference_modifiers></argset>, situación que González interpreta como una coacción : " Se está llevando la situación al caos para que la Liga_Profesional pueda plantearse la revisión del número de equipos en las ligas o replantearse incluso los descensos " . </example>
      </examples>
    </frame>
  </sense>
  <sense cousin="no" denotation="event" id="2" lexicalized="no" originlemma="alinear" originlink="verb.alinear.1" wordnetsynset="16:03962879">
    <frame appearsinplural="no" type="default">
      <argument argument="arg1" thematicrole="pat">
        <constituent frequency="1" preposition="de" type="sp"/>
      </argument>
      <specifiers>
        <constituent frequency="1" postype="article" type="determiner"/>
      </specifiers>
      <reference_modifiers>
        <constituent frequency="1" type="s.a"/>
      </reference_modifiers>
      <examples>
        <example file="CESS-CAST-P/19_20020501.tbf.xml" nodepath="7.2.1.0.1.4.2.1.1" sentencenodepath="7">El vino empieza a conocerse en invierno , cuando las viñas están desnudas y se ve <argset><specifier>la</specifier><reference_modifiers>perfecta</reference_modifiers><head>alineación </head><argument argument="arg1" function="cn" thematicrole="pat" type="sp">de las cepas</argument></argset>. </example>
      </examples>
    </frame>
  </sense>
</lexentry>
