<?xml version="1.0" encoding="UTF-8" standalone="no"?>
<!-- 

  ancoralex-2.0.3
       
			Copyright (C) 2007,2008,2009,2010,2011 CLiC - UB
			Centre de Llenguatge i Computació - Universitat de Barcelona
 
  This file is part of ancoralex-2.0.3.
 
  ancoralex-2.0.3 is free software and data: you can redistribute it and/or modify
  it under the terms of the GNU General Public License as published
  by the Free Software Foundation, either version 3 of the License,
  or (at your option) any later version.

  ancoralex-2.0.3 is distributed in the hope that it will be useful,
  but WITHOUT ANY WARRANTY; without even the implied warranty of
  MERCHANTABILITY or FITNESS FOR A PARTICULAR PURPOSE.  See the
  GNU General Public License for more details.
 
  You should have received a copy of the GNU General Public License
  along with ancoralex-2.0.3.  If not, see &lt;http://www.gnu.org/licenses/&gt;.
 
  Check a text in catalan explaining the terms of the license at http://www.softcatala.cat/wiki/GPL3.
  In spanish at http://www.viti.es/gnu/licenses/gpl.html
  
  The following paper must be cited when using verb lexicon: 

 * Aparicio, Juan, Mariona Taulé, M.Antònia Martí (2008) 'AnCora-Verb: A Lexical Resource for 
   the Semantic Annotation of Corpora'. Proceedings of 6th International Conference on Language 
   Resources and Evaluation. Marrakesh (Morocco).

  The following paper must be cited when using noun lexicon: 

 * Peris, Aina, Mariona Taulé (2011). AnCora-Nom: A Spanish lexicon of deverbal nominalizations. 
   Procesamiento del Lenguaje Natural, nº46, pp. 11-18.
 
 

 

-->

<lexentry lemma="altercado" lng="es" origin="deverbal" type="noun">
  <sense cousin="no" denotation="result" id="1" lexicalized="no" originlemma="altercar" originlink="verb.altercar.1" wordnetsynset="16:05369860">
    <frame appearsinplural="yes" type="default">
      <specifiers>
        <constituent frequency="5" type="void"/>
        <constituent frequency="1" postype="article" type="determiner"/>
        <constituent frequency="1" postype="indefinite" type="determiner"/>
      </specifiers>
      <reference_modifiers>
        <constituent frequency="2" type="s.a"/>
        <constituent frequency="1" preposition="con" type="sp"/>
        <constituent frequency="2" type="S"/>
      </reference_modifiers>
      <examples>
        <example file="CESS-CAST-A/10242_20000816.tbf.xml" nodepath="20.6.4.1.0.0" sentencenodepath="20">Mientras el centro Staples aclamaba a los Kennedy , la ciudad de Los_Angeles volvió a ser escenario hoy de diversas protestas en la calle convocadas contra diversas causas , como los bombardeos en Iraq y la globalización , aunque no se informó de <argset><head>altercados </head><reference_modifiers>similares a los producidos el lunes_pasado</reference_modifiers></argset>. </example>
        <example file="CESS-CAST-P/13_19990601.tbf.xml" nodepath="1.3.1.2.1.0.2.0" sentencenodepath="1">Los muchachotes hinchas del equipo inglés nos han dejado el rastro habitual de <argset>litronas , <head>altercados </head>y temor entre la tranquila población por su posible comportamiento poco civilizado </argset>. </example>
        <example file="CESS-CAST-P/23_20020601.tbf.xml" nodepath="0.4.2.1.0.1" sentencenodepath="0">Los Mossos_d'Esquadra mantienen un retén de 72 agentes en la cárcel de Quatre_Camins , en La_Roca_del_Vallès ( Vallès_Oriental ) , para prevenir <argset><reference_modifiers>nuevos</reference_modifiers><head>altercados </head></argset>. </example>
        <example file="CESS-CAST-P/23_20020601.tbf.xml" nodepath="21.2.3.1.1.0" sentencenodepath="21">Los sindicatos CATAC , CCOO , UGT y CSIF han rehusado firmar el convenio colectivo con Justícia tras <argset><specifier>los</specifier><head>altercados </head></argset>. </example>
        <example file="CESS-CAST-P/64_20000401.tbf.xml" nodepath="4.3.1.1.0" sentencenodepath="4">El suceso se produjo durante <argset><specifier>un</specifier><head>altercado </head><reference_modifiers>con tres policías que reprochaban a la víctima que no les cediera el paso con su coche en un cruce y que no llevara todos los papeles del vehículo</reference_modifiers></argset>. </example>
        <example file="CESS-CAST-P/85_20010103.tbf.xml" nodepath="1.0.1.0.2.0" sentencenodepath="1"><argset>Los robos y <head>altercados </head>
            <reference_modifiers>registrados durante la celebración</reference_modifiers>
          </argset>retrasaron el operativo de limpieza de la plaza , cubierta de botellas rotas utilizadas como arma en algunas trifulcas . </example>
        <example file="CESS-CAST-P/85_20010103.tbf.xml" nodepath="4.3.5.2.1.1.1.1.1.2.0" sentencenodepath="4">A_través_de emisoras de radio , Ø destacó que la Guardia_Urbana - - desbordada - - solicitó en_vano la presencia de la policía , a la vista de <argset>los numerosos hurtos y <head>altercados </head>
            <reference_modifiers>registrados</reference_modifiers>
          </argset>. </example>
      </examples>
    </frame>
  </sense>
</lexentry>
