<?xml version="1.0" encoding="UTF-8" standalone="no"?>
<!-- 

  ancoralex-2.0.3
       
			Copyright (C) 2007,2008,2009,2010,2011 CLiC - UB
			Centre de Llenguatge i Computació - Universitat de Barcelona
 
  This file is part of ancoralex-2.0.3.
 
  ancoralex-2.0.3 is free software and data: you can redistribute it and/or modify
  it under the terms of the GNU General Public License as published
  by the Free Software Foundation, either version 3 of the License,
  or (at your option) any later version.

  ancoralex-2.0.3 is distributed in the hope that it will be useful,
  but WITHOUT ANY WARRANTY; without even the implied warranty of
  MERCHANTABILITY or FITNESS FOR A PARTICULAR PURPOSE.  See the
  GNU General Public License for more details.
 
  You should have received a copy of the GNU General Public License
  along with ancoralex-2.0.3.  If not, see &lt;http://www.gnu.org/licenses/&gt;.
 
  Check a text in catalan explaining the terms of the license at http://www.softcatala.cat/wiki/GPL3.
  In spanish at http://www.viti.es/gnu/licenses/gpl.html
  
  The following paper must be cited when using verb lexicon: 

 * Aparicio, Juan, Mariona Taulé, M.Antònia Martí (2008) 'AnCora-Verb: A Lexical Resource for 
   the Semantic Annotation of Corpora'. Proceedings of 6th International Conference on Language 
   Resources and Evaluation. Marrakesh (Morocco).

  The following paper must be cited when using noun lexicon: 

 * Peris, Aina, Mariona Taulé (2011). AnCora-Nom: A Spanish lexicon of deverbal nominalizations. 
   Procesamiento del Lenguaje Natural, nº46, pp. 11-18.
 
 

 

-->

<lexentry lemma="amargura" lng="es" origin="deverbal" type="noun">
  <sense cousin="no" denotation="result" id="1" lexicalized="no" originlemma="amargar" originlink="verb.amargar.1" wordnetsynset="16:10077799">
    <frame appearsinplural="yes" type="default">
      <argument argument="arg0" thematicrole="cau">
        <constituent frequency="1" preposition="de" type="sp"/>
      </argument>
      <specifiers>
        <constituent frequency="2" postype="article" type="determiner"/>
        <constituent frequency="1" type="void"/>
      </specifiers>
      <reference_modifiers>
        <constituent frequency="1" type="s.a"/>
      </reference_modifiers>
      <examples>
        <example file="3LB-CAST/t1-3.tbf.xml" nodepath="5.4.2.1.1.1.1.1" sentencenodepath="5">Su naturaleza feraz se marchitaba sin gloria , su amor se demoraba en sollozos , y sus párpados empezaban a mostrar la sombra de <argset><specifier>las</specifier><reference_modifiers>viejas</reference_modifiers><head>amarguras </head></argset>. </example>
        <example file="3LB-CAST/t6-5.tbf.xml" nodepath="5.2.0.0.1.2.1.0" sentencenodepath="5">En aquel momento Ø se había sentido culpable de la previsible destrucción del prodigio , pero ahora , cuando <argset><specifier>la</specifier><head>amargura </head><argument argument="arg0" function="cn" thematicrole="cau" type="sp">de aquel descubrimiento</argument></argset>se había diluido poco_a_poco en el transcurso del tiempo , casi tres años de vida igual , Ø se había acostumbrado ya a que las cosas siguieran ese orden del que se suele decir que Ø es el curso lógico de los acontecimientos . </example>
        <example file="CESS-CAST-AA/5560_20001007.tbf.xml" nodepath="0.2.1.2.3.1.1.1.1.1.1.1.0.0" sentencenodepath="0">Vojislav_Kostunica , que hoy asumió como nuevo presidente de Yugoslavia , es un nacionalista moderado que en muy poco tiempo de incansable campaña electoral logró convencer a los serbios , hartos de <argset><head>amarguras </head></argset>en la " era Milosevic " . </example>
      </examples>
    </frame>
  </sense>
</lexentry>
