<?xml version="1.0" encoding="UTF-8" standalone="no"?>
<!-- 

  ancoralex-2.0.3
       
			Copyright (C) 2007,2008,2009,2010,2011 CLiC - UB
			Centre de Llenguatge i Computació - Universitat de Barcelona
 
  This file is part of ancoralex-2.0.3.
 
  ancoralex-2.0.3 is free software and data: you can redistribute it and/or modify
  it under the terms of the GNU General Public License as published
  by the Free Software Foundation, either version 3 of the License,
  or (at your option) any later version.

  ancoralex-2.0.3 is distributed in the hope that it will be useful,
  but WITHOUT ANY WARRANTY; without even the implied warranty of
  MERCHANTABILITY or FITNESS FOR A PARTICULAR PURPOSE.  See the
  GNU General Public License for more details.
 
  You should have received a copy of the GNU General Public License
  along with ancoralex-2.0.3.  If not, see &lt;http://www.gnu.org/licenses/&gt;.
 
  Check a text in catalan explaining the terms of the license at http://www.softcatala.cat/wiki/GPL3.
  In spanish at http://www.viti.es/gnu/licenses/gpl.html
  
  The following paper must be cited when using verb lexicon: 

 * Aparicio, Juan, Mariona Taulé, M.Antònia Martí (2008) 'AnCora-Verb: A Lexical Resource for 
   the Semantic Annotation of Corpora'. Proceedings of 6th International Conference on Language 
   Resources and Evaluation. Marrakesh (Morocco).

  The following paper must be cited when using noun lexicon: 

 * Peris, Aina, Mariona Taulé (2011). AnCora-Nom: A Spanish lexicon of deverbal nominalizations. 
   Procesamiento del Lenguaje Natural, nº46, pp. 11-18.
 
 

 

-->

<lexentry lemma="ambición" lng="es" origin="deverbal" type="noun">
  <sense cousin="yes" denotation="result" id="1" lexicalized="no" originlemma="ambicionar" originlink="verb.ambicionar.1" wordnetsynset="16:03790984+16:05564290">
    <frame appearsinplural="yes" type="default">
      <argument argument="arg0" thematicrole="agt">
        <constituent frequency="3" postype="possessive" type="determiner"/>
        <constituent frequency="1" preposition="de" type="sp"/>
        <constituent frequency="1" type="s.a"/>
      </argument>
      <argument argument="arg1" thematicrole="pat">
        <constituent frequency="1" preposition="de" type="sp"/>
        <constituent frequency="1" type="s.a"/>
      </argument>
      <specifiers>
        <constituent frequency="4" postype="article" type="determiner"/>
        <constituent frequency="2" postype="indefinite" type="determiner"/>
        <constituent frequency="3" type="void"/>
        <constituent frequency="2" postype="r" type="determiner"/>
        <constituent frequency="3" postype="possessive" type="determiner"/>
      </specifiers>
      <reference_modifiers>
        <constituent frequency="3" type="s.a"/>
        <constituent frequency="1" preposition="de" type="sp"/>
        <constituent frequency="1" type="s.a"/>
      </reference_modifiers>
      <examples>
        <example file="3LB-CAST/c4-0.tbf.xml" nodepath="1.2.2.0.3.1.1.1.1.0.1.1.0" sentencenodepath="1">El malabarista causa entusiasmo , pero raramente beneficio público ; el héroe , ungido y tonsurado como tal por los conejos que Ø saca de su brumosa chistera , sólo se salva a sí mismo y Ø no apaga otro fuego que el de <argset><argument argument="arg0" thematicrole="agt" type="spec">su propia</argument><head>ambición </head></argset>, ni Ø deja otra riqueza que la del crujir de dientes del colectivo social . </example>
        <example file="3LB-CAST/d2-4.tbf.xml" nodepath="7.2.0.1.0" sentencenodepath="7">El primero quiso escaparse demasiado pronto y <argset><argument argument="arg0" thematicrole="agt" type="spec">su</argument><head>ambición </head></argset>le llevó , en una ocasión , a chocar contra una valla . </example>
        <example file="3LB-CAST/e3-2.tbf.xml" nodepath="10.3.1.0.1.1.1.1.1.1.7.1.1.1.0.1.0.1.1.1.0.0" sentencenodepath="10">Además , el ideal de debilitar al_máximo nuestras inclinaciones sería lo más contrario a su afirmación de que las disposiciones racionales del hombre quedarían dormidas para siempre - en su germen sin la tensión de fuerzas de <argset><specifier>la</specifier><head>ambición </head>, codicia </argset>, de la vanidad que rivaliza en la envidia , del apetito insaciable de posesión o de dominación . </example>
        <example file="3LB-CAST/t4-0.tbf.xml" nodepath="9.3.1.1.1.0" sentencenodepath="9">Una convicción axiomática no es lo_mismo que <argset><specifier>una</specifier><head>ambición </head><argument argument="arg1" function="cn" thematicrole="pat" type="sp">de perfecciones vitalistas y gozaderas</argument></argset>. </example>
        <example file="CESS-CAST-A/16182_20000220.tbf.xml" nodepath="15.2.3.6.1.0.1" sentencenodepath="15">El tanto dolió en las filas hondureñas y Ø pareció espolear su juego , ya_que Ø se fueron al ataque con <argset><reference_modifiers>mayor</reference_modifiers><head>ambición </head><reference_modifiers>de la demostrada hasta entonces</reference_modifiers></argset>. </example>
        <example file="CESS-CAST-A/17124_20001122.tbf.xml" nodepath="8.2.3.2.0.0" sentencenodepath="8">Según Aznar , la Corona puede " garantizar y expresar " que España pueda tener <argset>" <specifier>más</specifier>
            <head>ambiciones </head>, propósitos y objetivos " </argset>, lo que , para el presidente , " es una gran posibilidad para España " . </example>
        <example file="CESS-CAST-AA/3286_20000505.tbf.xml" nodepath="13.4.1.1.1" sentencenodepath="13">Con la Copa_de_la_UEFA prácticamente asegurada , dado_que el único equipo que todavía puede poner en peligro a los albiazules , el Mallorca , tendría que sumar los nueve puntos en juego que restan y esperar a que el Alavés no sume ninguno , José_Manuel_Esnal " Mané " dotará a su equipo de <argset><specifier>una</specifier><reference_modifiers>mayor</reference_modifiers><head>ambición </head><reference_modifiers>ofensiva</reference_modifiers></argset>para aspirar a jugar la máxima competición continental . </example>
        <example file="CESS-CAST-AA/4496_20000109.tbf.xml" nodepath="7.3.1.0.3.2.0" sentencenodepath="7">En este sentido , Ø advirtió de que Ø quiere <argset>" <specifier>más</specifier>
            <head>ambiciones </head>" </argset>para España a_través_de objetivos concretos y que no le interesa si va a haber una campaña electoral " sucia " , porque Ø sólo será así " por aquellos que sólo saben hacer política sucia " . </example>
        <example file="CESS-CAST-P/118_19991001.tbf.xml" nodepath="17.3.3.2.0.0" sentencenodepath="17">Ø Ha demostrado que Ø empieza a ser un digno aspirante porque Ø une calidad , <argset><head>ambición </head></argset>, un mecánico juego de posición que Ø ha logrado conjuntar y un potencial de ataque impresionante . </example>
        <example file="CESS-CAST-P/140_20011102.tbf.xml" nodepath="14.2.3.1.1" sentencenodepath="14">A_modo_de balance Ø dice no haber bajado jamás el listón de sus exigencias y Ø pone como prueba <argset><specifier>la</specifier><reference_modifiers>dificultosa</reference_modifiers><head>ambición </head><argument argument="arg0" function="cn" thematicrole="agt" type="sp">de sus proyectos</argument></argset>. </example>
        <example file="CESS-CAST-P/145_20011202_a.tbf.xml" nodepath="1.3.1.2.1.1.1.0" sentencenodepath="1">Ø Quizá sea una forma estudiada de disimular <argset><argument argument="arg0" thematicrole="agt" type="spec">su</argument><head>ambición </head></argset>. </example>
        <example file="CESS-CAST-P/149_20010502.tbf.xml" nodepath="1.5.1.1.1.1.2.1.1.2.1.0.1.1.0.2.0" sentencenodepath="1">A las puertas de un éxito sin precedentes en la historia del club valenciano , Héctor_Cúper y sus jugadores reclamaron ayer cautela advirtiendo de las dificultades que opondrá el Leeds , un equipo lleno de <argset>juventud y <head>ambición </head>
          </argset>que se ha erigido en la revelación de la temporada . </example>
        <example file="CESS-CAST-P/20_19991202.tbf.xml" nodepath="16.0.1.0" sentencenodepath="16"><argset><specifier>La</specifier><head>ambición </head><argument argument="arg1" function="cn" thematicrole="pat" type="s.a">electoral</argument></argset>debe completarse con la limpieza de la política catalana . </example>
        <example file="CESS-CAST-P/9_20010601_b.tbf.xml" nodepath="8.0.0.1.3.3.1.0" sentencenodepath="8">El tono prepotente , a_veces agresivo con que se gestionaron <argset><specifier>las</specifier><head>ambiciones </head><argument argument="arg0" function="cn" thematicrole="agt" type="s.a">españolas</argument></argset>y la exigencia abierta de un cambalache por la moratoria de siete años que Alemania exigía en la circulación de personas envenenó el asunto . </example>
      </examples>
    </frame>
  </sense>
</lexentry>
