<?xml version="1.0" encoding="UTF-8" standalone="no"?>
<!-- 

  ancoralex-2.0.3
       
			Copyright (C) 2007,2008,2009,2010,2011 CLiC - UB
			Centre de Llenguatge i Computació - Universitat de Barcelona
 
  This file is part of ancoralex-2.0.3.
 
  ancoralex-2.0.3 is free software and data: you can redistribute it and/or modify
  it under the terms of the GNU General Public License as published
  by the Free Software Foundation, either version 3 of the License,
  or (at your option) any later version.

  ancoralex-2.0.3 is distributed in the hope that it will be useful,
  but WITHOUT ANY WARRANTY; without even the implied warranty of
  MERCHANTABILITY or FITNESS FOR A PARTICULAR PURPOSE.  See the
  GNU General Public License for more details.
 
  You should have received a copy of the GNU General Public License
  along with ancoralex-2.0.3.  If not, see &lt;http://www.gnu.org/licenses/&gt;.
 
  Check a text in catalan explaining the terms of the license at http://www.softcatala.cat/wiki/GPL3.
  In spanish at http://www.viti.es/gnu/licenses/gpl.html
  
  The following paper must be cited when using verb lexicon: 

 * Aparicio, Juan, Mariona Taulé, M.Antònia Martí (2008) 'AnCora-Verb: A Lexical Resource for 
   the Semantic Annotation of Corpora'. Proceedings of 6th International Conference on Language 
   Resources and Evaluation. Marrakesh (Morocco).

  The following paper must be cited when using noun lexicon: 

 * Peris, Aina, Mariona Taulé (2011). AnCora-Nom: A Spanish lexicon of deverbal nominalizations. 
   Procesamiento del Lenguaje Natural, nº46, pp. 11-18.
 
 

 

-->

<lexentry lemma="amputación" lng="es" origin="deverbal" type="noun">
  <sense cousin="no" denotation="result" id="1" lexicalized="no" originlemma="amputar" originlink="verb.amputar.1" wordnetsynset="16:10433993">
    <frame appearsinplural="yes" type="default">
      <argument argument="arg1" thematicrole="pat">
        <constituent frequency="1" preposition="de" type="sp"/>
      </argument>
      <argument argument="argM" thematicrole="loc">
        <constituent frequency="1" preposition="por_debajo_de" type="sp"/>
      </argument>
      <specifiers>
        <constituent frequency="2" postype="indefinite" type="determiner"/>
        <constituent frequency="1" type="void"/>
      </specifiers>
      <examples>
        <example file="3LB-CAST/e1-2.tbf.xml" nodepath="7.3.1.1.1.2.1.0" sentencenodepath="7">La clave de todos los falseamientos y de todas las malversaciones del ZZadjNM vienen a parar siempre en lo mismo : en <argset><specifier>una</specifier><head>amputación </head><argument argument="arg1" function="cn" thematicrole="pat" type="sp">del humor del personaje</argument></argset>. </example>
        <example file="CESS-CAST-A/15209_20001220.tbf.xml" nodepath="7.0.2.1.0.0.0" sentencenodepath="7">Miles de personas han muerto o sufrido <argset><head>amputaciones </head>y daños irreversibles </argset>por la explosión de minas encontradas accidentalmente en Egipto , donde constantemente se registran nuevos casos . </example>
        <example file="CESS-CAST-AA/22163_20000527.tbf.xml" nodepath="5.2.4.3.4.1.0" sentencenodepath="5">El informe médico sobre la salud del campesino boliviano indica que Ø tiene lesiones serias en el talón del pie izquierdo , que Ø perdió tejido y partes óseas y que es posible que Ø le practiquen <argset><specifier>una</specifier><head>amputación </head><argument argument="argM" function="cn" thematicrole="loc" type="sp">por_debajo_de la rodilla</argument></argset>. </example>
      </examples>
    </frame>
  </sense>
  <sense cousin="no" denotation="underspecified" id="2" lexicalized="no" originlemma="amputar" originlink="verb.amputar.1" wordnetsynset="16:10433993">
    <frame appearsinplural="no" type="default">
      <argument argument="arg1" thematicrole="pat">
        <constituent frequency="2" preposition="de" type="sp"/>
      </argument>
      <specifiers>
        <constituent frequency="2" postype="article" type="determiner"/>
      </specifiers>
      <examples>
        <example file="CESS-CAST-P/146_20001001.tbf.xml" nodepath="0.0.0.1.2.3.0.1.0.4.1.0" sentencenodepath="0">Eddie_McGee , un apuesto universitario de 21 años minusválido ( de niño Ø sufrió <argset><specifier>la</specifier><head>amputación </head><argument argument="arg1" function="cn" thematicrole="pat" type="sp">de una pierna</argument></argset>al detectársele un tumor maligno ) , ha sido el vencedor de la versión para EEUU de Big_Brother , show que durante tres meses ha emitido la CBS , aunque sin lograr crear la expectación que el concurso ha obtenido en Europa . </example>
        <example file="CESS-CAST-P/25_20000701.tbf.xml" nodepath="2.0.0.0.2.3.1.0" sentencenodepath="2">Algunos de ellos , que sufrieron <argset><specifier>la</specifier><head>amputación </head><argument argument="arg1" function="cn" thematicrole="pat" type="sp">de brazos y piernas</argument></argset>, acudieron en silla de ruedas al tribunal del Old_Baily y Ø recibieron con gritos de júbilo y aplausos la implacable sentencia . </example>
      </examples>
    </frame>
  </sense>
</lexentry>
