<?xml version="1.0" encoding="UTF-8" standalone="no"?>
<!-- 

  ancoralex-2.0.3
       
			Copyright (C) 2007,2008,2009,2010,2011 CLiC - UB
			Centre de Llenguatge i Computació - Universitat de Barcelona
 
  This file is part of ancoralex-2.0.3.
 
  ancoralex-2.0.3 is free software and data: you can redistribute it and/or modify
  it under the terms of the GNU General Public License as published
  by the Free Software Foundation, either version 3 of the License,
  or (at your option) any later version.

  ancoralex-2.0.3 is distributed in the hope that it will be useful,
  but WITHOUT ANY WARRANTY; without even the implied warranty of
  MERCHANTABILITY or FITNESS FOR A PARTICULAR PURPOSE.  See the
  GNU General Public License for more details.
 
  You should have received a copy of the GNU General Public License
  along with ancoralex-2.0.3.  If not, see &lt;http://www.gnu.org/licenses/&gt;.
 
  Check a text in catalan explaining the terms of the license at http://www.softcatala.cat/wiki/GPL3.
  In spanish at http://www.viti.es/gnu/licenses/gpl.html
  
  The following paper must be cited when using verb lexicon: 

 * Aparicio, Juan, Mariona Taulé, M.Antònia Martí (2008) 'AnCora-Verb: A Lexical Resource for 
   the Semantic Annotation of Corpora'. Proceedings of 6th International Conference on Language 
   Resources and Evaluation. Marrakesh (Morocco).

  The following paper must be cited when using noun lexicon: 

 * Peris, Aina, Mariona Taulé (2011). AnCora-Nom: A Spanish lexicon of deverbal nominalizations. 
   Procesamiento del Lenguaje Natural, nº46, pp. 11-18.
 
 

 

-->

<lexentry lemma="anotación" lng="es" origin="deverbal" type="noun">
  <sense cousin="no" denotation="result" id="1" lexicalized="no" originlemma="anotar" originlink="verb.anotar.1" wordnetsynset="16:cs1">
    <frame appearsinplural="yes" type="default">
      <specifiers>
        <constituent frequency="1" postype="numeral" type="determiner"/>
        <constituent frequency="1" postype="z" type="determiner"/>
        <constituent frequency="2" type="void"/>
      </specifiers>
      <reference_modifiers>
        <constituent frequency="1" preposition="por" type="sp"/>
        <constituent frequency="1" type="S"/>
      </reference_modifiers>
      <examples>
        <example file="CESS-CAST-AA/2690_20001104.tbf.xml" nodepath="10.2.3.0.2.1.1.0" sentencenodepath="10">Ø Comenzó a destacar como juvenil en la selección , y en los V_Juegos_Deportivos_Centroamericanos que se disputaron en 1994 en El_Salvador , donde Honduras se coronó campeón , Ø fue líder de goleo con <argset><specifier>seis</specifier><head>anotaciones </head></argset>. </example>
        <example file="CESS-CAST-AA/4618_20001207.tbf.xml" nodepath="2.0.2.0.2.3.1.1.0" sentencenodepath="2">El único que sumó hoy en la tabla fue Edison_Mafla de Santa_Fe , que llegó a <argset><specifier>13</specifier><head>anotaciones </head></argset>, mientras_que Juan_Carlos_Ramírez del Junior que también anotó gol hoy , está muy lejos de llegar a la cabeza de la tabla . </example>
        <example file="CESS-CAST-AA/4633_20001207.tbf.xml" nodepath="9.0.0.0" sentencenodepath="9"><argset><head>Anotación </head><reference_modifiers>por cuartos</reference_modifiers><reference_modifiers>: 1ro 2do 3ro 4to PO_Total - Los Angeles_Lakers 27 30 35 15 15 122 Golden_State 31 32 19 25 18 125</reference_modifiers></argset>. </example>
        <example file="CESS-CAST-AA/4675_20000807.tbf.xml" nodepath="3.0.0.1.3.3.1.0.0.1.1.0.0" sentencenodepath="3">El paracorto dominicano Alex_Rodríguez , que tuvo de 4-3 con <argset><head>anotación </head></argset>y dos impulsadas , también había botado la pelota fuera del parque en el quinto episodio con jonrón solitario , su vigésimo_octavo de la temporada y Buhner ( 21 ) completó el tercer cuadrangular de la jornada para los Marineros con solitario contra el relevista Dwight_Gooden . </example>
      </examples>
    </frame>
  </sense>
</lexentry>
