<?xml version="1.0" encoding="UTF-8" standalone="no"?>
<!-- 

  ancoralex-2.0.3
       
			Copyright (C) 2007,2008,2009,2010,2011 CLiC - UB
			Centre de Llenguatge i Computació - Universitat de Barcelona
 
  This file is part of ancoralex-2.0.3.
 
  ancoralex-2.0.3 is free software and data: you can redistribute it and/or modify
  it under the terms of the GNU General Public License as published
  by the Free Software Foundation, either version 3 of the License,
  or (at your option) any later version.

  ancoralex-2.0.3 is distributed in the hope that it will be useful,
  but WITHOUT ANY WARRANTY; without even the implied warranty of
  MERCHANTABILITY or FITNESS FOR A PARTICULAR PURPOSE.  See the
  GNU General Public License for more details.
 
  You should have received a copy of the GNU General Public License
  along with ancoralex-2.0.3.  If not, see &lt;http://www.gnu.org/licenses/&gt;.
 
  Check a text in catalan explaining the terms of the license at http://www.softcatala.cat/wiki/GPL3.
  In spanish at http://www.viti.es/gnu/licenses/gpl.html
  
  The following paper must be cited when using verb lexicon: 

 * Aparicio, Juan, Mariona Taulé, M.Antònia Martí (2008) 'AnCora-Verb: A Lexical Resource for 
   the Semantic Annotation of Corpora'. Proceedings of 6th International Conference on Language 
   Resources and Evaluation. Marrakesh (Morocco).

  The following paper must be cited when using noun lexicon: 

 * Peris, Aina, Mariona Taulé (2011). AnCora-Nom: A Spanish lexicon of deverbal nominalizations. 
   Procesamiento del Lenguaje Natural, nº46, pp. 11-18.
 
 

 

-->

<lexentry lemma="ansia" lng="es" origin="deverbal" type="noun">
  <sense cousin="no" denotation="result" id="1" lexicalized="no" originlemma="ansiar" originlink="verb.ansiar.1" wordnetsynset="16:05616745">
    <frame appearsinplural="yes" type="default">
      <argument argument="arg0" thematicrole="agt">
        <constituent frequency="3" preposition="de" type="sp"/>
        <constituent frequency="1" postype="possessive" type="determiner"/>
      </argument>
      <argument argument="arg1" thematicrole="pat">
        <constituent frequency="3" preposition="de" type="sp"/>
      </argument>
      <specifiers>
        <constituent frequency="1" type="void"/>
        <constituent frequency="3" postype="article" type="determiner"/>
        <constituent frequency="1" postype="possessive" type="determiner"/>
      </specifiers>
      <reference_modifiers>
        <constituent frequency="3" type="s.a"/>
      </reference_modifiers>
      <examples>
        <example file="3LB-CAST/c2-1.tbf.xml" nodepath="8.2.0.4.0" sentencenodepath="8">Ø Es <argset>malestar , nazismo , <head>ansia </head>
            <reference_modifiers>muda</reference_modifiers>
            <argument argument="arg1" function="cn" thematicrole="pat" type="sp">de revolución</argument>, crispación , venganza contra los padres y contra el sistema </argset>. </example>
        <example file="CESS-CAST-A/13703_20000518.tbf.xml" nodepath="23.2.1.0" sentencenodepath="23">El segundo gol calmó <argset><specifier>las</specifier><head>ansias </head><reference_modifiers>ofensivas</reference_modifiers><argument argument="arg0" function="cn" thematicrole="agt" type="sp">del River_Plate , que retrasó un_poco sus líneas , resistió los desordenados embates del Boca_Juniors y quedó dispuesto a explotar el contraataque</argument></argset>. </example>
        <example file="CESS-CAST-A/15595_20000920.tbf.xml" nodepath="7.2.1.0" sentencenodepath="7">La vuelta a la escena internacional de la francesa Marie_Jose_Perec , conocida como la " gacela negra " , después de varios años en el ostracismo por problemas físicos , ha encarecido <argset><specifier>el</specifier><head>ansia </head><argument argument="arg1" function="cn" thematicrole="pat" type="sp">de gloria olímpica</argument><argument argument="arg0" function="cn" thematicrole="agt" type="sp">de Cathy_Freeman , todo un símbolo en Australia</argument></argset>. </example>
        <example file="CESS-CAST-P/129_20020502.tbf.xml" nodepath="9.2.4.1.1.0" sentencenodepath="9">De una más volvió a disfrutar él mismo poco después del gol barcelonista y nuevamente Ø encendió la grada del Bernabéu con <argset><argument argument="arg0" thematicrole="agt" type="spec">su</argument><head>ansia </head><reference_modifiers>incontenible</reference_modifiers></argset>para impedir que los barcelonistas pudieran sacar la pelota jugada . </example>
        <example file="CESS-CAST-P/16_20001002_c.tbf.xml" nodepath="0.3.1.0" sentencenodepath="0">Pujol volvió a desactivar ayer <argset><specifier>el</specifier><head>ansia </head><argument argument="arg1" function="cn" thematicrole="pat" type="sp">de pactar con ERC</argument><argument argument="arg0" function="cn" thematicrole="agt" type="sp">de un sector de su partido</argument></argset>. </example>
      </examples>
    </frame>
  </sense>
  <sense alternativelemma="cantar_en_el_ansia" cousin="no" denotation="none" id="2" lexicalizationtype="verbal" lexicalized="yes" originlemma="ansiar" originlink="verb.ansiar.1" wordnetsynset="16:05616745">
    <frame appearsinplural="no" type="default">
      <specifiers>
        <constituent frequency="2" postype="article" type="determiner"/>
      </specifiers>
      <examples>
        <example file="3LB-CAST/e1-4.tbf.xml" nodepath="11.5.3.0.1.1.1.1.1.0" sentencenodepath="11">- - Sí , señor - - respondió el galeote - - ; que no hay peor cosa que cantar en <argset><specifier>el</specifier><head>ansia </head></argset>. </example>
        <example file="3LB-CAST/e1-4.tbf.xml" nodepath="15.4.2.1.1.1.0" sentencenodepath="15">Mas una de las guardas le dijo : Señor caballero , cantar en <argset><specifier>el</specifier><head>ansia </head></argset>se dice entre esta gente ZZPLdos confesar en el tormento . </example>
      </examples>
    </frame>
  </sense>
</lexentry>
