<?xml version="1.0" encoding="UTF-8" standalone="no"?>
<!-- 

  ancoralex-2.0.3
       
			Copyright (C) 2007,2008,2009,2010,2011 CLiC - UB
			Centre de Llenguatge i Computació - Universitat de Barcelona
 
  This file is part of ancoralex-2.0.3.
 
  ancoralex-2.0.3 is free software and data: you can redistribute it and/or modify
  it under the terms of the GNU General Public License as published
  by the Free Software Foundation, either version 3 of the License,
  or (at your option) any later version.

  ancoralex-2.0.3 is distributed in the hope that it will be useful,
  but WITHOUT ANY WARRANTY; without even the implied warranty of
  MERCHANTABILITY or FITNESS FOR A PARTICULAR PURPOSE.  See the
  GNU General Public License for more details.
 
  You should have received a copy of the GNU General Public License
  along with ancoralex-2.0.3.  If not, see &lt;http://www.gnu.org/licenses/&gt;.
 
  Check a text in catalan explaining the terms of the license at http://www.softcatala.cat/wiki/GPL3.
  In spanish at http://www.viti.es/gnu/licenses/gpl.html
  
  The following paper must be cited when using verb lexicon: 

 * Aparicio, Juan, Mariona Taulé, M.Antònia Martí (2008) 'AnCora-Verb: A Lexical Resource for 
   the Semantic Annotation of Corpora'. Proceedings of 6th International Conference on Language 
   Resources and Evaluation. Marrakesh (Morocco).

  The following paper must be cited when using noun lexicon: 

 * Peris, Aina, Mariona Taulé (2011). AnCora-Nom: A Spanish lexicon of deverbal nominalizations. 
   Procesamiento del Lenguaje Natural, nº46, pp. 11-18.
 
 

 

-->

<lexentry lemma="anticipo" lng="es" origin="deverbal" type="noun">
  <sense cousin="no" denotation="result" id="1" lexicalized="no" originlemma="anticipar" originlink="verb.anticipar.1" wordnetsynset="16:09611330">
    <frame appearsinplural="yes" type="default">
      <argument argument="arg1" foundincorporated="yes" thematicrole="pat">
        <constituent frequency="1" preposition="de" type="sp"/>
      </argument>
      <argument argument="argM" thematicrole="adv">
        <constituent frequency="1" preposition="a" type="sp"/>
      </argument>
      <specifiers>
        <constituent frequency="1" type="void"/>
        <constituent frequency="1" postype="indefinite" type="determiner"/>
        <constituent frequency="1" postype="article" type="determiner"/>
      </specifiers>
      <reference_modifiers>
        <constituent frequency="1" preposition="en" type="sp"/>
        <constituent frequency="1" type="s.a"/>
        <constituent frequency="1" type="S"/>
      </reference_modifiers>
      <examples>
        <example file="CESS-CAST-A/18549_20000922.tbf.xml" nodepath="4.4.0.0" sentencenodepath="4">Con la nueva tarjeta , el cliente podrá obtener también <argset><head argument="arg1" thematicrole="pat">anticipos </head><reference_modifiers>en efectivo</reference_modifiers></argset>en las ventanillas de todas las oficinas del Banco_Solidario , cuyo capital proviene en un 40_por_ciento de la inversión extranjera . </example>
        <example file="CESS-CAST-AA/5166_20001108.tbf.xml" nodepath="16.2.4.1.1.2.1.0" sentencenodepath="16">Ø Dijo que , con ese propósito , las empresas estarían obligadas a pagar , mensualmente , <argset><specifier>un</specifier><head argument="arg1" thematicrole="pat">anticipo </head>" <reference_modifiers>mínimo de dos_por_ciento " de sus ingresos brutos</reference_modifiers><reference_modifiers>, que sería deducible de la declaración final del impuesto sobre la renta</reference_modifiers></argset>. </example>
        <example file="CESS-CAST-P/64_19990201.tbf.xml" nodepath="4.2.4.1.0" sentencenodepath="4">En la agenda de la negociación figura el estudio de reglas de intervención del Banco_Central ( emisor ) en el régimen de cambio , la revisión de algunas metas del acuerdo firmado con el FMI en noviembre pasado y <argset><specifier>el</specifier><head>anticipo </head><argument argument="argM" function="cn" thematicrole="adv" type="sp">a Brasil</argument><argument argument="arg1" function="cn" thematicrole="pat" type="sp">del segundo desembolso de la ayuda de 41.500 millones de dólares que en 1998 acordaron el FMI y otros organismos internacionales</argument></argset>. </example>
      </examples>
    </frame>
  </sense>
</lexentry>
