<?xml version="1.0" encoding="UTF-8" standalone="no"?>
<!-- 

  ancoralex-2.0.3
       
			Copyright (C) 2007,2008,2009,2010,2011 CLiC - UB
			Centre de Llenguatge i Computació - Universitat de Barcelona
 
  This file is part of ancoralex-2.0.3.
 
  ancoralex-2.0.3 is free software and data: you can redistribute it and/or modify
  it under the terms of the GNU General Public License as published
  by the Free Software Foundation, either version 3 of the License,
  or (at your option) any later version.

  ancoralex-2.0.3 is distributed in the hope that it will be useful,
  but WITHOUT ANY WARRANTY; without even the implied warranty of
  MERCHANTABILITY or FITNESS FOR A PARTICULAR PURPOSE.  See the
  GNU General Public License for more details.
 
  You should have received a copy of the GNU General Public License
  along with ancoralex-2.0.3.  If not, see &lt;http://www.gnu.org/licenses/&gt;.
 
  Check a text in catalan explaining the terms of the license at http://www.softcatala.cat/wiki/GPL3.
  In spanish at http://www.viti.es/gnu/licenses/gpl.html
  
  The following paper must be cited when using verb lexicon: 

 * Aparicio, Juan, Mariona Taulé, M.Antònia Martí (2008) 'AnCora-Verb: A Lexical Resource for 
   the Semantic Annotation of Corpora'. Proceedings of 6th International Conference on Language 
   Resources and Evaluation. Marrakesh (Morocco).

  The following paper must be cited when using noun lexicon: 

 * Peris, Aina, Mariona Taulé (2011). AnCora-Nom: A Spanish lexicon of deverbal nominalizations. 
   Procesamiento del Lenguaje Natural, nº46, pp. 11-18.
 
 

 

-->

<lexentry lemma="apariencia" lng="es" origin="deverbal" type="noun">
  <sense cousin="no" denotation="result" id="1" lexicalized="no" originlemma="parecer" originlink="verb.parecer.1" wordnetsynset="16:03683012">
    <frame appearsinplural="yes" type="default">
      <argument argument="arg2" thematicrole="atr">
        <constituent frequency="3" type="s.a"/>
        <constituent frequency="1" preposition="de" type="sp"/>
      </argument>
      <specifiers>
        <constituent frequency="3" postype="indefinite" type="determiner"/>
        <constituent frequency="3" type="void"/>
        <constituent frequency="1" postype="demonstrative" type="determiner"/>
      </specifiers>
      <reference_modifiers>
        <constituent frequency="2" type="s.a"/>
      </reference_modifiers>
      <examples>
        <example file="3LB-CAST/a1-2.tbf.xml" nodepath="0.0.0.1.0" sentencenodepath="0"><argset><specifier>Cualquier</specifier><head>apariencia </head></argset>se vacía de decoro y nos queda un monarca degradado a gañán o una reina sin más consideraciones que la pobre ama de casa incapaz de otra_cosa_que tejer con las agujas de hacer calceta o de escribir al emperador una carta de marmota . </example>
        <example file="3LB-CAST/d1-11.tbf.xml" nodepath="10.0.0.1.2.1.0.1.0.0.0" sentencenodepath="10">Nolan_Richardson , un hombre de <argset><head>apariencia </head><reference_modifiers>ruda</reference_modifiers>pero aguda inteligencia </argset>y con una historia familiar de sufrimiento que ha suscitado el respeto general , podría ser el segundo entrenador de color , tras John_Thompson ( Georgetown ) que gana el título nacional . </example>
        <example file="3LB-CAST/d1-2.tbf.xml" nodepath="12.1.4.1.2.3.1.1.0" sentencenodepath="12">Hurley , recién fichado por los Sacramento_Kings , se recupera milagrosamente de un atroz accidente de automóvil : una vez más se ha demostrado la fuerza tremenda que se esconde bajo <argset><specifier>esa</specifier><head>apariencia </head><argument argument="arg2" function="cn" thematicrole="atr" type="s.a">enclenque</argument></argset>. </example>
        <example file="3LB-CAST/d1-6.tbf.xml" nodepath="9.2.4.1.0" sentencenodepath="9">El empate resultó correcto geográficamente , pero futbolísticamente Ø ofreció sólo <argset><specifier>una</specifier><head>apariencia </head><argument argument="arg2" function="cn" thematicrole="atr" type="sp">de justicia</argument></argset>. </example>
        <example file="3LB-CAST/dc1-16.tbf.xml" nodepath="6.5.0.0" sentencenodepath="6">En ciertas regiones del firmamento , contra un fondo de tinieblas hormigueante de estrellas , los telescopios nos muestran <argset><head>apariencias </head><argument argument="arg2" function="cn" thematicrole="atr" type="s.a">fantasmagóricas</argument><reference_modifiers>, semejantes a nubes movidas por el viento</reference_modifiers></argset>. </example>
        <example file="CESS-CAST-P/130_20010201.tbf.xml" nodepath="1.2.2.0.1.1.2.1.0" sentencenodepath="1">Ø Admira su oropel , es_decir , algo de poco valor y <argset><specifier>mucha</specifier><head>apariencia </head></argset>. </example>
        <example file="CESS-CAST-P/168_20011002.tbf.xml" nodepath="3.0.1.1.1.0.1.1.0.0" sentencenodepath="3">Una serie de hombres y mujeres de <argset><head>apariencia </head><argument argument="arg2" function="cn" thematicrole="atr" type="s.a">burguesa</argument></argset>, demacrados y parapetados tras sus gafas de sol , consumen las últimas gotas de alcohol de una juerga nocturna junto_a una especie de piscina cuyas aguas de color indeterminado invitan a cualquier cosa menos a un refrescante chapuzón . </example>
      </examples>
    </frame>
  </sense>
</lexentry>
