<?xml version="1.0" encoding="UTF-8" standalone="no"?>
<!-- 

  ancoralex-2.0.3
       
			Copyright (C) 2007,2008,2009,2010,2011 CLiC - UB
			Centre de Llenguatge i Computació - Universitat de Barcelona
 
  This file is part of ancoralex-2.0.3.
 
  ancoralex-2.0.3 is free software and data: you can redistribute it and/or modify
  it under the terms of the GNU General Public License as published
  by the Free Software Foundation, either version 3 of the License,
  or (at your option) any later version.

  ancoralex-2.0.3 is distributed in the hope that it will be useful,
  but WITHOUT ANY WARRANTY; without even the implied warranty of
  MERCHANTABILITY or FITNESS FOR A PARTICULAR PURPOSE.  See the
  GNU General Public License for more details.
 
  You should have received a copy of the GNU General Public License
  along with ancoralex-2.0.3.  If not, see &lt;http://www.gnu.org/licenses/&gt;.
 
  Check a text in catalan explaining the terms of the license at http://www.softcatala.cat/wiki/GPL3.
  In spanish at http://www.viti.es/gnu/licenses/gpl.html
  
  The following paper must be cited when using verb lexicon: 

 * Aparicio, Juan, Mariona Taulé, M.Antònia Martí (2008) 'AnCora-Verb: A Lexical Resource for 
   the Semantic Annotation of Corpora'. Proceedings of 6th International Conference on Language 
   Resources and Evaluation. Marrakesh (Morocco).

  The following paper must be cited when using noun lexicon: 

 * Peris, Aina, Mariona Taulé (2011). AnCora-Nom: A Spanish lexicon of deverbal nominalizations. 
   Procesamiento del Lenguaje Natural, nº46, pp. 11-18.
 
 

 

-->

<lexentry lemma="apelación" lng="es" origin="deverbal" type="noun">
  <sense cousin="no" denotation="result" id="1" lexicalized="no" originlemma="apelar" originlink="verb.apelar.2" wordnetsynset="16:00767259">
    <frame appearsinplural="yes" type="default">
      <argument argument="arg0" thematicrole="agt">
        <constituent frequency="1" type="s.a"/>
        <constituent frequency="1" preposition="de" type="sp"/>
      </argument>
      <argument argument="arg1" thematicrole="pat">
        <constituent frequency="1" preposition="sobre" type="sp"/>
      </argument>
      <argument argument="argM" thematicrole="fin">
        <constituent frequency="2" preposition="para" type="sp"/>
      </argument>
      <argument argument="argM" thematicrole="loc">
        <constituent frequency="1" preposition="a" type="sp"/>
      </argument>
      <specifiers>
        <constituent frequency="3" postype="article" type="determiner"/>
        <constituent frequency="6" type="void"/>
        <constituent frequency="5" postype="indefinite" type="determiner"/>
      </specifiers>
      <reference_modifiers>
        <constituent frequency="2" type="s.a"/>
      </reference_modifiers>
      <examples>
        <example file="3LB-CAST/104_c-2.tbf.xml" nodepath="0.4.3.1.1.1.0" sentencenodepath="0">Sin_embargo , los abogados de la empresa indicaron una vez más que Ø proyectan insistir en <argset><specifier>las</specifier><head>apelaciones </head></argset>para impedir que esos remedios " extremos y sin justificación " se lleven_a_efecto . </example>
        <example file="3LB-CAST/2000060211_6-1.tbf.xml" nodepath="6.0.3.1.0.1.1.0.0" sentencenodepath="6">La compañía hizo uso del recurso de <argset><head>apelación </head></argset>, tras lo cual la multa fue confirmada y reducida a 1.365 millones de pesos , explicó el funcionario . </example>
        <example file="CESS-CAST-A/10872_20001214.tbf.xml" nodepath="6.2.1.1.2.3.1.1.1.0.0.0" sentencenodepath="6">Los presos de La_Tablada fueron juzgados bajo una ley especial que no contempla la posibilidad de <argset><head>apelación </head>o segunda instancia judicial </argset>, lo cual va contra los convenios internacionales suscritos por Argentina . </example>
        <example file="CESS-CAST-A/17235_20000522.tbf.xml" nodepath="2.1.1.1.1.3.1.1.1.1.1" sentencenodepath="2">Brasil denunció la cantidad que Canadá quiere imponer como sanción y Ø cuestionó el procedimiento utilizado para ello , antes de que se conozcan los fallos de <argset><specifier>la</specifier><reference_modifiers>nueva</reference_modifiers><head>apelación </head><argument argument="arg0" function="cn" thematicrole="agt" type="s.a">brasileña</argument></argset>. </example>
        <example file="CESS-CAST-A/17235_20000522.tbf.xml" nodepath="5.3.1.0.0" sentencenodepath="5">Dos comisiones de arbitraje de la OMC dictaminaron , en agosto del año pasado , tras <argset><head>apelación </head></argset>, que los subsidios concedidos por ambas empresas a sus respectivas industrias eran ilegales de_acuerdo_con los convenios multilaterales sobre esta materia . </example>
        <example file="CESS-CAST-A/17235_20000522.tbf.xml" nodepath="15.3.0.1.1.1.1" sentencenodepath="15">Por_ejemplo , ¿ puede un informe sobre la puesta_en_práctica de una recomendación ya apelada ser objeto de <argset><specifier>una</specifier><reference_modifiers>nueva</reference_modifiers><head>apelación </head></argset>? . </example>
        <example file="CESS-CAST-A/17235_20000522.tbf.xml" nodepath="16.3.0.1.1.3.1.0" sentencenodepath="16">¿ Puede un país pedir sanciones contra otro antes de que se resuelva <argset><specifier>una</specifier><head>apelación </head><argument argument="arg0" function="cn" thematicrole="agt" type="sp">de este último</argument><argument argument="arg1" function="cn" thematicrole="pat" type="sp">sobre el contencioso objeto de la sanción</argument></argset>? . </example>
        <example file="CESS-CAST-AA/23195_20000328.tbf.xml" nodepath="0.3.5.3.1.0" sentencenodepath="0">Las autoridades estadounidenses de Inmigración reiteraron hoy que los familiares en Miami del niño náufrago cubano Elián_González , deben comprometerse por_escrito a entregarlo si Ø pierden <argset><specifier>una</specifier><head>apelación </head><argument argument="argM" function="cn" thematicrole="fin" type="sp">para evitar su regreso a Cuba</argument></argset>. </example>
        <example file="CESS-CAST-AA/5021_20000206.tbf.xml" nodepath="7.2.4.1.2.1.1.1.1.1.0.2.4.1.0.0" sentencenodepath="7">En su primera intervención , el talismán del club Gremio se internó por la punta derecha del área para recibir un pase que Ø no dejó caer en el césped , Ø dominó el balón con su bota hasta pasarlo por_encima_de un defensor y llegar hasta la cara del portero Renny_Vega , a quien Ø fusiló sin <argset><head>apelaciones </head></argset>. </example>
        <example file="CESS-CAST-AA/5253_20001207.tbf.xml" nodepath="1.2.1.0" sentencenodepath="1">Los electores de Texas pueden ahora presentar <argset><specifier>una</specifier><head>apelación </head></argset>ante el Tribunal_Supremo_de_Estados_Unidos . </example>
        <example file="CESS-CAST-AA/5560_20001007.tbf.xml" nodepath="10.4.1.1.1.4.0.1.1.1.0" sentencenodepath="10">Su apego al procedimiento legal Ø lo ha demostrado en esta crisis , en la que la desobediencia civil fue pareja con <argset><specifier>la</specifier><head>apelación </head><argument argument="argM" function="cn" thematicrole="loc" type="sp">a todas las instancias judiciales</argument><argument argument="argM" function="cn" thematicrole="fin" type="sp">para que reconocieran el fraude electoral , cosa que terminó de hacer hoy el Tribunal_Constitucional</argument></argset>. </example>
        <example file="CESS-CAST-AA/8684_20001011.tbf.xml" nodepath="7.2.4.1.1.0" sentencenodepath="7">Después de esa acción , Vazquez_Raña habló con el presidente del Comité_Olímpico_Internacional ( COI ) , Juan_Antonio_Samaranch , y al día siguiente , tras estudiar el caso , Ø decidió presentar <argset><specifier>una</specifier><head>apelación </head></argset>ante el Tribunal_de_Arbitraje_Deportivo , máxima instancia a la que se podía acudir . </example>
        <example file="CESS-CAST-P/108_20000601_a.tbf.xml" nodepath="13.1.0.2.1.0.1.1.0.0" sentencenodepath="13">En esa situación , sus recursos podrían tramitarse en tribunales de <argset><head>apelación </head></argset>o pasar al Tribunal_Supremo , opción viable para los grandes casos de monopolio . </example>
        <example file="CESS-CAST-P/49_19990501.tbf.xml" nodepath="5.0.1.1.1.1.0.0" sentencenodepath="5">En su escrito de <argset><head>apelación </head></argset>, los letrados Francesc_Jufresa y Antonio_Hernández-Gil destacan la " altísima probabilidad " de que se hayan adoptado órdenes de busca y captura internacional contra De_la_Rosa por la causa penal que se le instruye en Kuwait , por lo que no le interesa salir al extranjero . </example>
      </examples>
    </frame>
  </sense>
  <sense alternativelemma="corte_de_apelaciones" cousin="no" denotation="result" id="2" lexicalizationtype="nominal" lexicalized="yes" originlemma="apelar" originlink="verb.apelar.2" wordnetsynset="16:00767259">
    <frame appearsinplural="yes" type="default">
      <specifiers>
        <constituent frequency="2" type="void"/>
      </specifiers>
      <examples>
        <example file="CESS-CAST-AA/23195_20000328.tbf.xml" nodepath="2.0.3.4.2.1.1.1.0.0" sentencenodepath="2">" Las garantías que Ø buscamos de Lázaro_González ( tío_abuelo del menor ) es que Ø coopere con una orden de traspaso de Elián_González , en_caso_de_que una corte de <argset><head>apelaciones </head></argset>de EEUU emita una decisión adversa " , precisó la funcionaria . </example>
        <example file="CESS-CAST-AA/23195_20000328.tbf.xml" nodepath="7.0.4.1.1.1.2.1.1.1.1.0.0" sentencenodepath="7">" Lejos de privar a Lázaro_González de sus derechos de apelar , Ø hemos tratado de asegurar sus intereses de obtener una revisión en la corte de <argset><head>apelaciones </head></argset>" , expresó Ø . </example>
      </examples>
    </frame>
  </sense>
  <sense alternativelemma="tribunal_de_apelación" cousin="no" denotation="result" id="3" lexicalizationtype="nominal" lexicalized="yes" originlemma="apelar" originlink="verb.apelar.2" wordnetsynset="16:00767259">
    <frame appearsinplural="no" type="default">
      <specifiers>
        <constituent frequency="1" type="void"/>
      </specifiers>
      <examples>
        <example file="3LB-CAST/104_c-2.tbf.xml" nodepath="10.1.0.2.1.0.1.1.0.0" sentencenodepath="10">En esa situación , sus recursos legales podrían tramitarse en tribunales de <argset><head>apelación </head></argset>o Ø podrían pasar directamente al Tribunal_Supremo_de_Justicia , una opción que existe para los grandes casos de monopolio . </example>
      </examples>
    </frame>
  </sense>
</lexentry>
