<?xml version="1.0" encoding="UTF-8" standalone="no"?>
<!-- 

  ancoralex-2.0.3
       
			Copyright (C) 2007,2008,2009,2010,2011 CLiC - UB
			Centre de Llenguatge i Computació - Universitat de Barcelona
 
  This file is part of ancoralex-2.0.3.
 
  ancoralex-2.0.3 is free software and data: you can redistribute it and/or modify
  it under the terms of the GNU General Public License as published
  by the Free Software Foundation, either version 3 of the License,
  or (at your option) any later version.

  ancoralex-2.0.3 is distributed in the hope that it will be useful,
  but WITHOUT ANY WARRANTY; without even the implied warranty of
  MERCHANTABILITY or FITNESS FOR A PARTICULAR PURPOSE.  See the
  GNU General Public License for more details.
 
  You should have received a copy of the GNU General Public License
  along with ancoralex-2.0.3.  If not, see &lt;http://www.gnu.org/licenses/&gt;.
 
  Check a text in catalan explaining the terms of the license at http://www.softcatala.cat/wiki/GPL3.
  In spanish at http://www.viti.es/gnu/licenses/gpl.html
  
  The following paper must be cited when using verb lexicon: 

 * Aparicio, Juan, Mariona Taulé, M.Antònia Martí (2008) 'AnCora-Verb: A Lexical Resource for 
   the Semantic Annotation of Corpora'. Proceedings of 6th International Conference on Language 
   Resources and Evaluation. Marrakesh (Morocco).

  The following paper must be cited when using noun lexicon: 

 * Peris, Aina, Mariona Taulé (2011). AnCora-Nom: A Spanish lexicon of deverbal nominalizations. 
   Procesamiento del Lenguaje Natural, nº46, pp. 11-18.
 
 

 

-->

<lexentry lemma="aplazamiento" lng="es" origin="deverbal" type="noun">
  <sense cousin="no" denotation="result" id="1" lexicalized="no" originlemma="aplazar" originlink="verb.aplazar.1" wordnetsynset="16:00690488">
    <frame appearsinplural="no" type="default">
      <argument argument="arg1" thematicrole="pat">
        <constituent frequency="3" type="s.a"/>
        <constituent frequency="2" preposition="de" type="sp"/>
      </argument>
      <argument argument="argM" thematicrole="tmp">
        <constituent frequency="1" preposition="de" type="sp"/>
      </argument>
      <specifiers>
        <constituent frequency="4" type="void"/>
        <constituent frequency="1" postype="article" type="determiner"/>
        <constituent frequency="1" postype="indefinite" type="determiner"/>
        <constituent frequency="1" postype="demonstrative" type="determiner"/>
      </specifiers>
      <examples>
        <example file="3LB-CAST/111_C-2.tbf.xml" nodepath="14.2.3.1.1.1.1.1.3.1.1.1.3.1.2.1.1.1.0.2.4.1.1.1.1.1.1.3.1.0.0" sentencenodepath="14">Ø Añadió que Ø desconoce la procedencia de los rumores , que estarían motivados por una supuesta división en la milicia entre los partidarios de Chávez y los seguidores del aspirante presidencial y también militar retirado , Francisco_Arias_Cárdenas , quien sí se ha explayado al dar sus opiniones sobre la " payasada " del <argset><head>aplazamiento </head><argument argument="arg1" function="cn" thematicrole="pat" type="s.a">electoral</argument></argset>
        </example>
        <example file="3LB-CAST/211_C-3.tbf.xml" nodepath="18.3.1.1.4.2.0.2.2.1.0" sentencenodepath="18">El presidente de Venezuela , Hugo_Chávez , rompió una semana de silencio absoluto para anunciar que su gobierno trabaja a_fondo , a_pesar_del parón político que ha supuesto <argset><specifier>el</specifier><head>aplazamiento </head><argument argument="arg1" function="cn" thematicrole="pat" type="s.a">electoral</argument><argument argument="argM" function="cn" thematicrole="tmp" type="sp">del pasado_domingo</argument></argset>. </example>
        <example file="3LB-CAST/211_C-4.tbf.xml" nodepath="0.1.1.1.1.1.1.0.0" sentencenodepath="0">" El 25_de_mayo ( día del <argset><head>aplazamiento </head><argument argument="arg1" function="cn" thematicrole="pat" type="s.a">electoral</argument></argset>) yo entendí que era el momento de expresión de otros actores " , en referencia al Tribunal_Supremo , Consejo_Nacional_Electoral ( CNE ) o a la Comisión_Legislativa_Electoral o Congresillo , confirmando lo inusitado de su silencio . </example>
        <example file="CESS-CAST-A/16210_20000520.tbf.xml" nodepath="2.3.0.3.2.1.2.1.0.0" sentencenodepath="2">En declaraciones a la cadena de televisión Canal_N , Rómulo_Muñoz_Arce , miembro del Jurado , declaró que el tribunal ha desestimado " solo un pedido " de <argset><head>aplazamiento </head></argset>y que Ø está abierto a recibir y estudiar otras peticiones similares . </example>
        <example file="CESS-CAST-A/16210_20000520.tbf.xml" nodepath="6.2.1.0" sentencenodepath="6">Fujimori ha rechazado <argset><specifier>un</specifier><head>aplazamiento </head><argument argument="arg1" function="cn" thematicrole="pat" type="sp">de la fecha de los próximos comicios</argument></argset>al afirmar que no le corresponde tomar esa determinación a ninguno de los candidatos , ni a los observadores , sino al JNE . </example>
        <example file="CESS-CAST-P/182_20010701.tbf.xml" nodepath="0.0.2.0.1.1.1.1.0.0" sentencenodepath="0">Colombia organizará finalmente la Copa_América , pero con un año de <argset><head>aplazamiento </head></argset>, en el 2002 , según anunció ayer en Buenos_Aires , el presidente de la Confederación_Suramericana_de_Fútbol ( CSF ) , Nicolas_Leoz . </example>
        <example file="CESS-CAST-P/32_19991101.tbf.xml" nodepath="21.4.1.0.4.1.1.0" sentencenodepath="21">Sin_embargo , los marroquís de_a_pie , acosados por sus duras condiciones de vida , no serán los que le exijan cuentas por <argset><specifier>este</specifier><head>aplazamiento </head><argument argument="arg1" function="cn" thematicrole="pat" type="sp">de la verdadera democracia</argument></argset>. </example>
      </examples>
    </frame>
  </sense>
  <sense cousin="no" denotation="event" id="2" lexicalized="no" originlemma="aplazar" originlink="verb.aplazar.1" wordnetsynset="16:00690488">
    <frame appearsinplural="no" type="default">
      <argument argument="arg1" thematicrole="pat">
        <constituent frequency="3" preposition="de" type="sp"/>
      </argument>
      <specifiers>
        <constituent frequency="2" postype="article" type="determiner"/>
        <constituent frequency="1" type="void"/>
      </specifiers>
      <examples>
        <example file="3LB-CAST/111_C-1.tbf.xml" nodepath="18.0.1.1.2.1.1.0" sentencenodepath="18">El debate generado en Venezuela por <argset><specifier>el</specifier><head>aplazamiento </head><argument argument="arg1" function="cn" thematicrole="pat" type="sp">de las " megaelecciones " previstas para el pasado_domingo</argument></argset>ha revuelto el escenario político nacional , con un sólo invitado de piedra : el presidente Hugo_Chávez . </example>
        <example file="3LB-CAST/111_C-2.tbf.xml" nodepath="8.4.1.1.1.2.1.0.0" sentencenodepath="8">El CNE fue acusado hace unos días por la generalidad de las fuerzas políticas venezolanas de ser el verdadero y nico causante del <argset><head>aplazamiento </head><argument argument="arg1" function="cn" thematicrole="pat" type="sp">de las votaciones</argument></argset>debido_a la " incompetencia " de sus cinco miembros , que complicaron las ya de_por_sí complejas elecciones múltiples con continuas rectificaciones en las bases de datos del proceso automatizado . </example>
        <example file="CESS-CAST-A/16210_20000520.tbf.xml" nodepath="4.0.1.0" sentencenodepath="4"><argset><specifier>El</specifier><head>aplazamiento </head><argument argument="arg1" function="cn" thematicrole="pat" type="sp">de los comicios</argument></argset>fue recomendado además por la misión de observadores electorales de la Organización_de_Estados_Americanos ( OEA ) , para poder probar el programa informático de conteo de votos que se usará en la nueva elección . </example>
      </examples>
    </frame>
  </sense>
  <sense cousin="no" denotation="underspecified" id="3" lexicalized="no" originlemma="aplazar" originlink="verb.aplazar.1" wordnetsynset="16:00690488">
    <frame appearsinplural="no" type="default">
      <argument argument="arg1" thematicrole="pat">
        <constituent frequency="4" preposition="de" type="sp"/>
      </argument>
      <specifiers>
        <constituent frequency="4" postype="article" type="determiner"/>
      </specifiers>
      <examples>
        <example file="3LB-CAST/111_C-2.tbf.xml" nodepath="1.5.1.1.4.2.2.1.0" sentencenodepath="1">Chávez se despidió del mundanal ruido el pasado_jueves con su más breve discurso por televisión , tildado de " institucional " por los observadores , en el que Ø aceptó <argset><specifier>el</specifier><head>aplazamiento </head><argument argument="arg1" function="cn" thematicrole="pat" type="sp">de los comicios</argument></argset>y Ø valoró la " pedagógica " medida como un triunfo de la democracia venezolana . </example>
        <example file="3LB-CAST/211_C-4.tbf.xml" nodepath="1.2.1.1.0" sentencenodepath="1">Chávez dijo que <argset><specifier>el</specifier><head>aplazamiento </head><argument argument="arg1" function="cn" thematicrole="pat" type="sp">de las elecciones</argument></argset>ha servido de lección a los venezolanos , " porque Ø aprendimos que las instituciones han funcionado , también por la reacción madura de nuestro pueblo y porque Ø ha abierto el compás a la mayor participación de la sociedad civil " . </example>
        <example file="CESS-CAST-AA/2916_20000705.tbf.xml" nodepath="7.3.1.0" sentencenodepath="7">Por_otra_parte , Alonso justificó <argset><specifier>el</specifier><head>aplazamiento </head><argument argument="arg1" function="cn" thematicrole="pat" type="sp">de la salida a bolsa de Telefónica_Media , para la que todavía no hay fecha ,</argument></argset>en la necesidad de validar la política de medios de Telefónica , conseguir posicionamiento muy fuerte , adquirir y generar nuevas empresas y establecer mayores sinergias entre las empresas . </example>
        <example file="CESS-CAST-AA/8633_20000114.tbf.xml" nodepath="5.3.1.2.4.1.0" sentencenodepath="5">Por_su_parte , el Senado ha creado una comisión de investigación que por_ahora ha concedido a los aeropuertos <argset><specifier>el</specifier><head>aplazamiento </head><argument argument="arg1" function="cn" thematicrole="pat" type="sp">de los pagos de tasas e impuestos</argument></argset>. </example>
      </examples>
    </frame>
  </sense>
</lexentry>
