<?xml version="1.0" encoding="UTF-8" standalone="no"?>
<!-- 

  ancoralex-2.0.3
       
			Copyright (C) 2007,2008,2009,2010,2011 CLiC - UB
			Centre de Llenguatge i Computació - Universitat de Barcelona
 
  This file is part of ancoralex-2.0.3.
 
  ancoralex-2.0.3 is free software and data: you can redistribute it and/or modify
  it under the terms of the GNU General Public License as published
  by the Free Software Foundation, either version 3 of the License,
  or (at your option) any later version.

  ancoralex-2.0.3 is distributed in the hope that it will be useful,
  but WITHOUT ANY WARRANTY; without even the implied warranty of
  MERCHANTABILITY or FITNESS FOR A PARTICULAR PURPOSE.  See the
  GNU General Public License for more details.
 
  You should have received a copy of the GNU General Public License
  along with ancoralex-2.0.3.  If not, see &lt;http://www.gnu.org/licenses/&gt;.
 
  Check a text in catalan explaining the terms of the license at http://www.softcatala.cat/wiki/GPL3.
  In spanish at http://www.viti.es/gnu/licenses/gpl.html
  
  The following paper must be cited when using verb lexicon: 

 * Aparicio, Juan, Mariona Taulé, M.Antònia Martí (2008) 'AnCora-Verb: A Lexical Resource for 
   the Semantic Annotation of Corpora'. Proceedings of 6th International Conference on Language 
   Resources and Evaluation. Marrakesh (Morocco).

  The following paper must be cited when using noun lexicon: 

 * Peris, Aina, Mariona Taulé (2011). AnCora-Nom: A Spanish lexicon of deverbal nominalizations. 
   Procesamiento del Lenguaje Natural, nº46, pp. 11-18.
 
 

 

-->

<lexentry lemma="aportación" lng="es" origin="deverbal" type="noun">
  <sense cousin="no" denotation="result" id="1" lexicalized="no" originlemma="aportar" originlink="verb.aportar.1" wordnetsynset="16:09549012">
    <frame appearsinplural="yes" type="benefactive">
      <argument argument="arg0" thematicrole="agt">
        <constituent frequency="3" preposition="de" type="sp"/>
        <constituent frequency="1" type="s.a"/>
      </argument>
      <argument argument="arg1" thematicrole="pat">
        <constituent frequency="1" preposition="con" type="sp"/>
      </argument>
      <argument argument="arg2" thematicrole="ben">
        <constituent frequency="4" preposition="a" type="sp"/>
      </argument>
      <argument argument="argM" thematicrole="adv">
        <constituent frequency="1" preposition="sobre" type="sp"/>
      </argument>
      <specifiers>
        <constituent frequency="4" postype="article" type="determiner"/>
        <constituent frequency="1" postype="numeral" type="determiner"/>
      </specifiers>
      <reference_modifiers>
        <constituent frequency="2" type="s.a"/>
      </reference_modifiers>
      <examples>
        <example file="3LB-CAST/d2-11.tbf.xml" nodepath="2.3.1.1.1" sentencenodepath="2">Mariano , al que muy pocos veteranos del mundillo conocíamos y que ha sabido ir granjeándose el respeto de todos y la amistad de muchos , se ha revelado como <argset><specifier>la</specifier><reference_modifiers>mejor</reference_modifiers><head>aportación </head><argument argument="arg0" function="cn" thematicrole="agt" type="sp">de la era Mendoza</argument><argument argument="arg2" function="cn" thematicrole="ben" type="sp">al Real_Madrid</argument></argset>. </example>
        <example file="CESS-CAST-A/13026_20001117.tbf.xml" nodepath="2.4.1.2.5.1.0" sentencenodepath="2">Los ministros de Defensa de la Unión_Europea ( UE ) celebrarán el próximo lunes en Bruselas una conferencia de " generación de fuerzas " , en la que cada socio comunicará formalmente <argset><specifier>la</specifier><head>aportación </head><argument argument="arg0" function="cn" thematicrole="agt" type="sp">de su país</argument><argument argument="arg2" function="cn" thematicrole="ben" type="sp">a la Fuerza militar europea , que contará con más de 60.000 soldados</argument></argset>. </example>
        <example file="CESS-CAST-AA/20090_20000830.tbf.xml" nodepath="10.2.2.2.1.0" sentencenodepath="10">Sobre la moda del 2001 , Ø dijo que " Ø será como la que Ø he venido haciendo hasta ahora : funcional , atractiva y sensual " e Ø indicó que " <argset><specifier>la</specifier><head>aportación </head><argument argument="arg0" function="cn" thematicrole="agt" type="s.a">gallega</argument><argument argument="arg2" function="cn" thematicrole="ben" type="sp">a la globalización</argument></argset>será el gusto y el color que va con nuestra forma de ser , lo que nos diferencia , en un tiempo en el que todos vestiremos de un modo similar " , concluyó Ø . </example>
        <example file="CESS-CAST-AA/5327_20000707.tbf.xml" nodepath="1.0.4.1.1.0" sentencenodepath="1">" Ø Estamos encantados con <argset><specifier>la</specifier><head>aportación </head><argument argument="arg0" function="cn" thematicrole="agt" type="sp">del Gobierno_de_España</argument><argument argument="arg2" function="cn" thematicrole="ben" type="sp">al plan de Colombia</argument><argument argument="arg1" function="cn" thematicrole="pat" type="sp">con 100 millones de dólares</argument></argset>" , dijo hoy Richard_Boucher , portavoz del Departamento_de_Estado . </example>
        <example file="CESS-CAST-P/52_20011201.tbf.xml" nodepath="14.2.2.3.1.2.1.1.2.1.1" sentencenodepath="14">Ibarretxe rechazó las " imposiciones " y Ø dijo que sus negociadores han llegado a efectuar 11 propuestas diferentes para acordar la presencia vasca en la UE , así_como <argset><specifier>tres</specifier>" <head>aportaciones </head><reference_modifiers>globales</reference_modifiers>" <argument argument="argM" function="cn" thematicrole="adv" type="sp">sobre otras cuestiones financieras</argument></argset>. </example>
      </examples>
    </frame>
    <frame appearsinplural="yes" type="default">
      <argument argument="arg0" thematicrole="agt">
        <constituent frequency="7" preposition="de" type="sp"/>
        <constituent frequency="1" type="S"/>
        <constituent frequency="1" postype="possessive" type="determiner"/>
      </argument>
      <argument argument="arg1" thematicrole="pat">
        <constituent frequency="1" type="sn"/>
        <constituent frequency="2" preposition="de" type="sp"/>
        <constituent frequency="1" type="s.a"/>
      </argument>
      <argument argument="argM" thematicrole="tmp">
        <constituent frequency="1" preposition="en" type="sp"/>
      </argument>
      <argument argument="argM" thematicrole="fin">
        <constituent frequency="1" preposition="a" type="sp"/>
      </argument>
      <specifiers>
        <constituent frequency="3" postype="indefinite" type="determiner"/>
        <constituent frequency="8" postype="article" type="determiner"/>
        <constituent frequency="3" type="void"/>
        <constituent frequency="1" postype="possessive" type="determiner"/>
      </specifiers>
      <reference_modifiers>
        <constituent frequency="8" type="s.a"/>
        <constituent frequency="1" type="S"/>
      </reference_modifiers>
      <examples>
        <example file="3LB-CAST/e2-1.tbf.xml" nodepath="7.3.1.1" sentencenodepath="7">Por_otra_parte Malinowski hace <argset><specifier>una</specifier><reference_modifiers>interesante</reference_modifiers><head>aportación </head><argument argument="arg1" function="cn" thematicrole="pat" type="sn">: la distinción entre tribu-nación y tribu-estado</argument></argset>. </example>
        <example file="CESS-CAST-A/17037_20000423.tbf.xml" nodepath="16.2.0.1.2.1" sentencenodepath="16">Ø Manifestó que <argset>" <specifier>la</specifier>
            <reference_modifiers>gran</reference_modifiers>
            <head>aportación </head>
            <argument argument="arg0" function="cn" thematicrole="agt" type="sp">del PNV</argument>
            <argument argument="argM" function="cn" thematicrole="tmp" type="sp">en los últimos veinte años</argument>" </argset>es la de haber " generado un país moderno " , y que este partido se siente " orgulloso " de lo conseguido , por lo que " Ø no acepta lecciones " ni de quienes " han tardado 30 años en incorporarse " a la construcción del País_Vasco , ni de la " nueva derecha , defensora del pensamiento único " . </example>
        <example file="CESS-CAST-AA/25617_20000929.tbf.xml" nodepath="7.0.1.1" sentencenodepath="7"><argset><specifier>La</specifier><reference_modifiers>excelente</reference_modifiers><head>aportación </head><argument argument="arg0" function="cn" thematicrole="agt" type="sp">de Sergio_Rodríguez , máximo anotador de su equipo con 24 puntos ,</argument></argset>tampoco fue suficiente para contrarrestar la mayor motivación y acierto del cinco vizcaíno que al_final tuvo en su pivot suplente Josu_González al jugador decisivo del encuentro . </example>
        <example file="CESS-CAST-AA/5145_20000207.tbf.xml" nodepath="2.3.1.1.1.2.1.3.1.0" sentencenodepath="2">La compañía del grupo especializada en recursos humanos , Umano , aumentó sus ventas en un 60_por_ciento ( un 13_por_ciento si se descuenta <argset><specifier>la</specifier><head>aportación </head><argument argument="arg0" function="cn" thematicrole="agt" type="sp">de la empresa BCS recientemente adquirida</argument></argset>) a_pesar_de las modificaciones que en agosto_de_1999 sufrió la normativa sobre el trabajo temporal . </example>
        <example file="CESS-CAST-P/101_20010401.tbf.xml" nodepath="6.2.1.0.4.4.1.0.0" sentencenodepath="6">La información que reciben los solicitantes es la que obra en poder de la Agencia a 30_de_abril_del_2001 sobre rendimientos de trabajo personal ; de capital mobiliario ; de arrendamientos de inmuebles sometidos a retención o ingreso a cuenta ; de actividades económicas sometidas a retención o ingreso a_cuenta_de indemnizaciones y subvenciones agrícolas ; sobre pagos fraccionados de empresarios , profesionales y agricultores ; de venta de activos financieros ; sobre <argset><head>aportaciones </head><argument argument="argM" function="cn" thematicrole="fin" type="sp">a planes y fondos de pensiones</argument></argset>; y sobre transmisiones y retenciones de fondos de inversión . </example>
        <example file="CESS-CAST-P/108_19990601.tbf.xml" nodepath="15.0.0.0" sentencenodepath="15"><argset><head>Aportación </head><reference_modifiers>positiva</reference_modifiers></argset>. </example>
        <example file="CESS-CAST-P/108_19990601.tbf.xml" nodepath="18.0.1.0.1.0" sentencenodepath="18">" <argset><specifier>La</specifier><head>aportación </head><argument argument="arg0" function="cn" thematicrole="agt" type="sp">de Sasha</argument></argset>ha sido muy positiva , pero Ø creo que se ha cumplido el ciclo previsto cuando Ø fichó " , indicó , por su parte , García_Reneses para explicar la decisión de no hacerle ninguna oferta de renovación . </example>
        <example file="CESS-CAST-P/10_20010402_b.tbf.xml" nodepath="14.3.1.1.1.2.1.4.3.3.1.0.2.0" sentencenodepath="14">La sociedad española , incluyendo la catalana , se merece un debate sobre si debe o no establecerse un nuevo derecho de ciudadanía que incluya el acceso a los servicios de ayuda a la familia - - escuelas de infancia y servicios domiciliarios - - , que sería equivalente al ya existente de acceso a la sanidad y a la educación y que se financiaría con <argset>fondos públicos y <head>aportaciones </head>
            <argument argument="arg0" function="cn" thematicrole="agt" type="S">privadas</argument>
          </argset>. </example>
        <example file="CESS-CAST-P/141_20011101.tbf.xml" nodepath="0.2.1.0" sentencenodepath="0">Kobe_Bryant puso <argset><argument argument="arg0" thematicrole="agt" type="spec">su</argument><head>aportación </head><reference_modifiers>, no exenta de márketing ,</reference_modifiers></argset>al patriotismo que invade EEUU desde el 11_de_septiembre . </example>
        <example file="CESS-CAST-P/23_20020601.tbf.xml" nodepath="24.3.1.1.2.1.1" sentencenodepath="24">Manuel_Allué , de CATAC , coincidió con Navarro en subrayar : " <argset><specifier>La</specifier><reference_modifiers>mejor</reference_modifiers><head>aportación </head><reference_modifiers>que pueden hacer a la política penitenciaria</reference_modifiers></argset>es marcharse a casa " . </example>
        <example file="CESS-CAST-P/36_20000903.tbf.xml" nodepath="19.5.1.1.1.2.2.1.0" sentencenodepath="19">- - Según Piqué , la apuesta por el centro catalanista pasa por defender un modelo de financiación que reduzca <argset><specifier>la</specifier><head>aportación </head><argument argument="arg0" function="cn" thematicrole="agt" type="sp">de Catalunya</argument></argset>. </example>
        <example file="CESS-CAST-P/36_20000903.tbf.xml" nodepath="31.2.1.0" sentencenodepath="31">Es lógica <argset><specifier>la</specifier><head>aportación </head><argument argument="arg0" function="cn" thematicrole="agt" type="sp">de Piqué</argument></argset>, como opción de futuro y por su condición de ministro . </example>
        <example file="CESS-CAST-P/58_20010602.tbf.xml" nodepath="7.3.6.1.1.1.1" sentencenodepath="7">La situación de Aerolíneas_Argentinas es de dramática emergencia , aunque según el superministro de Economía argentino , Domingo_Cavallo , la SEPI se comprometió a hacer <argset><specifier>una</specifier><reference_modifiers>nueva</reference_modifiers><head>aportación </head><argument argument="arg1" function="cn" thematicrole="pat" type="sp">de capital de 350 millones de dólares ( 68.000 millones de pesetas )</argument></argset>bajo el compromiso de renegociar los contratos laborales . </example>
        <example file="CESS-CAST-P/7_19991102.tbf.xml" nodepath="4.1.3.1.1" sentencenodepath="4">Tres detalles certifican que el motociclismo español no estaba yermo , sino sólo en_barbecho : la presencia , hoy , de un nutrido grupo de pilotos muy prometedores en la categoría reina de los 500cc , además_de Crivillé ( Gibernau , Checa , Borja , De_Gea , Cardoso ... ) ; <argset><specifier>la</specifier><reference_modifiers>potente</reference_modifiers><head>aportación </head><argument argument="arg1" function="cn" thematicrole="pat" type="s.a">económica</argument><argument argument="arg0" function="cn" thematicrole="agt" type="sp">de patrocinadores ( Repsol , Vía_Digital , Movistar ... ) que valoran el suculento filón publicitario del motociclismo</argument>, </argset>y la organización , este año , de tres grandes premios ( Catalunya , Valencia y Jerez ) , con lleno total en los tres circuitos . </example>
        <example file="CESS-CAST-P/97_19990602.tbf.xml" nodepath="2.3.1.3.1.0" sentencenodepath="2">El ministerio informó ayer de que el plan supone <argset><specifier>unas</specifier><head>aportaciones </head><argument argument="arg1" function="cn" thematicrole="pat" type="sp">de más de 150.000 millones</argument></argset>. </example>
      </examples>
    </frame>
  </sense>
  <sense cousin="no" denotation="event" id="2" lexicalized="no" originlemma="aportar" originlink="verb.aportar.1" wordnetsynset="16:00504440+16:09549012">
    <frame appearsinplural="no" type="benefactive">
      <argument argument="arg0" thematicrole="agt">
        <constituent frequency="1" postype="possessive" type="determiner"/>
      </argument>
      <argument argument="arg2" thematicrole="ben">
        <constituent frequency="1" preposition="a" type="sp"/>
      </argument>
      <examples>
        <example file="CESS-CAST-A/13026_20001117.tbf.xml" nodepath="0.2.5.1.0" sentencenodepath="0">Austria ha comunicado que su país no podrá anunciar el próximo lunes <argset><argument argument="arg0" thematicrole="agt" type="spec">su</argument><head>aportación </head><argument argument="arg2" function="cn" thematicrole="ben" type="sp">a la Fuerza_de_Reacción_Rápida europea</argument></argset>debido_a problemas internos . </example>
      </examples>
      <specifiers>
        <constituent frequency="1" postype="possessive" type="determiner"/>
      </specifiers>
    </frame>
    <frame appearsinplural="no" type="default">
      <argument argument="arg1" thematicrole="pat">
        <constituent frequency="1" preposition="de" type="sp"/>
      </argument>
      <argument argument="argM" thematicrole="fin">
        <constituent frequency="1" preposition="para" type="sp"/>
      </argument>
      <specifiers>
        <constituent frequency="1" postype="article" type="determiner"/>
      </specifiers>
      <examples>
        <example file="CESS-CAST-P/58_20010602.tbf.xml" nodepath="1.0.1.0" sentencenodepath="1"><argset><specifier>La</specifier><head>aportación </head><argument argument="arg1" function="cn" thematicrole="pat" type="sp">de 16 millones de dólares ( 3.120 millones de pesetas )</argument><argument argument="argM" function="cn" thematicrole="fin" type="sp">para abonar los sueldos del mes_de_abril</argument></argset>era una de las exigencias del sindicato aeronáutico más reacio al plan de saneamiento propuesto por la Sociedad_Estatal_de_Participaciones_Industriales ( SEPI ) . </example>
      </examples>
    </frame>
  </sense>
</lexentry>
