<?xml version="1.0" encoding="UTF-8" standalone="no"?>
<!-- 

  ancoralex-2.0.3
       
			Copyright (C) 2007,2008,2009,2010,2011 CLiC - UB
			Centre de Llenguatge i Computació - Universitat de Barcelona
 
  This file is part of ancoralex-2.0.3.
 
  ancoralex-2.0.3 is free software and data: you can redistribute it and/or modify
  it under the terms of the GNU General Public License as published
  by the Free Software Foundation, either version 3 of the License,
  or (at your option) any later version.

  ancoralex-2.0.3 is distributed in the hope that it will be useful,
  but WITHOUT ANY WARRANTY; without even the implied warranty of
  MERCHANTABILITY or FITNESS FOR A PARTICULAR PURPOSE.  See the
  GNU General Public License for more details.
 
  You should have received a copy of the GNU General Public License
  along with ancoralex-2.0.3.  If not, see &lt;http://www.gnu.org/licenses/&gt;.
 
  Check a text in catalan explaining the terms of the license at http://www.softcatala.cat/wiki/GPL3.
  In spanish at http://www.viti.es/gnu/licenses/gpl.html
  
  The following paper must be cited when using verb lexicon: 

 * Aparicio, Juan, Mariona Taulé, M.Antònia Martí (2008) 'AnCora-Verb: A Lexical Resource for 
   the Semantic Annotation of Corpora'. Proceedings of 6th International Conference on Language 
   Resources and Evaluation. Marrakesh (Morocco).

  The following paper must be cited when using noun lexicon: 

 * Peris, Aina, Mariona Taulé (2011). AnCora-Nom: A Spanish lexicon of deverbal nominalizations. 
   Procesamiento del Lenguaje Natural, nº46, pp. 11-18.
 
 

 

-->

<lexentry lemma="aporte" lng="es" origin="deverbal" type="noun">
  <sense cousin="no" denotation="result" id="1" lexicalized="no" originlemma="aportar" originlink="verb.aportar.1" wordnetsynset="16:cs1+16:cs2">
    <frame appearsinplural="yes" type="default">
      <argument argument="arg1" thematicrole="pat">
        <constituent frequency="1" type="s.a"/>
      </argument>
      <specifiers>
        <constituent frequency="1" postype="indefinite" type="determiner"/>
        <constituent frequency="1" type="void"/>
      </specifiers>
      <reference_modifiers>
        <constituent frequency="1" type="s.a"/>
        <constituent frequency="1" type="S"/>
      </reference_modifiers>
      <examples>
        <example file="3LB-CAST/dc3-10.tbf.xml" nodepath="5.3.1.1" sentencenodepath="5">Si las bandas están totalmente llenas y hay un salto de energía hasta la siguiente banda vacía , sería necesario <argset><specifier>un</specifier><reference_modifiers>gran</reference_modifiers><head>aporte </head><argument argument="arg1" function="cn" thematicrole="pat" type="s.a">energético</argument></argset>para que los electrones pudiesen desplazarse y dar_lugar a conducción eléctrica ( fig. 4A ) . </example>
        <example file="CESS-CAST-AA/3976_20000108.tbf.xml" nodepath="9.3.4.1.2.1.3.1.3.1.0" sentencenodepath="9">Ø También aseguró que el presidente Clinton se ofreció a conversar con las autoridades de los organismos multilaterales de crédito para que Ø agilicen las ayudas financieras a Ecuador <argset>, <head>aportes </head>
            <reference_modifiers>que espera desde hace más de un año y que han sido retrasadas por las vicisitudes financieras y políticas que ha afrontado la nación durante 1999</reference_modifiers>
          </argset>. </example>
      </examples>
    </frame>
  </sense>
</lexentry>
