<?xml version="1.0" encoding="UTF-8" standalone="no"?>
<!-- 

  ancoralex-2.0.3
       
			Copyright (C) 2007,2008,2009,2010,2011 CLiC - UB
			Centre de Llenguatge i Computació - Universitat de Barcelona
 
  This file is part of ancoralex-2.0.3.
 
  ancoralex-2.0.3 is free software and data: you can redistribute it and/or modify
  it under the terms of the GNU General Public License as published
  by the Free Software Foundation, either version 3 of the License,
  or (at your option) any later version.

  ancoralex-2.0.3 is distributed in the hope that it will be useful,
  but WITHOUT ANY WARRANTY; without even the implied warranty of
  MERCHANTABILITY or FITNESS FOR A PARTICULAR PURPOSE.  See the
  GNU General Public License for more details.
 
  You should have received a copy of the GNU General Public License
  along with ancoralex-2.0.3.  If not, see &lt;http://www.gnu.org/licenses/&gt;.
 
  Check a text in catalan explaining the terms of the license at http://www.softcatala.cat/wiki/GPL3.
  In spanish at http://www.viti.es/gnu/licenses/gpl.html
  
  The following paper must be cited when using verb lexicon: 

 * Aparicio, Juan, Mariona Taulé, M.Antònia Martí (2008) 'AnCora-Verb: A Lexical Resource for 
   the Semantic Annotation of Corpora'. Proceedings of 6th International Conference on Language 
   Resources and Evaluation. Marrakesh (Morocco).

  The following paper must be cited when using noun lexicon: 

 * Peris, Aina, Mariona Taulé (2011). AnCora-Nom: A Spanish lexicon of deverbal nominalizations. 
   Procesamiento del Lenguaje Natural, nº46, pp. 11-18.
 
 

 

-->

<lexentry lemma="apoyo" lng="es" origin="deverbal" type="noun">
  <sense cousin="no" denotation="result" id="1" lexicalized="no" originlemma="apoyar" originlink="verb.apoyar.1" wordnetsynset="16:00786193">
    <frame appearsinplural="yes" type="default">
      <argument argument="arg0" thematicrole="agt">
        <constituent frequency="37" preposition="de" type="sp"/>
        <constituent frequency="16" postype="possessive" type="determiner"/>
        <constituent frequency="8" type="s.a"/>
        <constituent frequency="2" type="sp"/>
      </argument>
      <argument argument="arg1" thematicrole="pat">
        <constituent frequency="17" preposition="a" type="sp"/>
        <constituent frequency="3" preposition="de" type="sp"/>
        <constituent frequency="1" type="s.a"/>
        <constituent frequency="1" preposition="para" type="sp"/>
        <constituent frequency="1" postype="possessive" type="determiner"/>
      </argument>
      <argument argument="argM" thematicrole="loc">
        <constituent frequency="4" preposition="en" type="sp"/>
        <constituent frequency="1" preposition="sobre" type="sp"/>
      </argument>
      <argument argument="argM" thematicrole="fin">
        <constituent frequency="3" preposition="para" type="sp"/>
        <constituent frequency="2" preposition="en" type="sp"/>
      </argument>
      <argument argument="argM">
        <constituent frequency="1" preposition="en" type="sp"/>
      </argument>
      <specifiers>
        <constituent frequency="47" postype="article" type="determiner"/>
        <constituent frequency="38" type="void"/>
        <constituent frequency="8" postype="indefinite" type="determiner"/>
        <constituent frequency="1" postype="demonstrative" type="determiner"/>
        <constituent frequency="17" postype="possessive" type="determiner"/>
      </specifiers>
      <reference_modifiers>
        <constituent frequency="20" type="s.a"/>
        <constituent frequency="8" type="S"/>
        <constituent frequency="1" preposition="en" type="sp"/>
      </reference_modifiers>
      <examples>
        <example file="3LB-CAST/104_C-4.tbf.xml" nodepath="7.2.2.1.0" sentencenodepath="7">El representante de los empresarios madrileños aseguró que " el siglo_XXI será el siglo de la ciencia y la tecnología " , y Ø ofreció <argset><specifier>el</specifier><head>apoyo </head><reference_modifiers>" activo "</reference_modifiers><argument argument="arg0" function="cn" thematicrole="agt" type="sp">de la CEIM</argument></argset>en la consecución de los retos fijados por el Gobierno en esta materia . </example>
        <example file="3LB-CAST/104_C-5.tbf.xml" nodepath="17.3.0.1.1.4.1.0" sentencenodepath="17">El acuerdo se ha conseguido después de que Alcan se asegurase <argset><specifier>el</specifier><head>apoyo </head><argument argument="arg0" function="cn" thematicrole="agt" type="sp">de BZ_Group_Holding_Limited , uno de los principales accionistas de Algroup</argument></argset>. </example>
        <example file="3LB-CAST/111_C-4.tbf.xml" nodepath="3.0.0.0.0.1.1.1.1.1.0.0" sentencenodepath="3">Descontento por la falta de <argset><head>apoyo </head><argument argument="arg0" function="cn" thematicrole="agt" type="sp">del Partido_Socialista_Búlgaro ( BSP , ex_comunista )</argument></argset>, Mladénov , que desde hacía tiempo sufría problemas cardíacos , dimitió el 6_de_julio_de_1990 y , por decisión del Parlamento Ø fue sustituido en la Presidencia por Yeliu_Yélev , entonces líder de la SDS . </example>
        <example file="3LB-CAST/111_C-4.tbf.xml" nodepath="4.2.2.1.0" sentencenodepath="4">El Ministerio chino de Asuntos_Exteriores defendió hoy el resultado de las elecciones presidenciales celebradas en Perú y Ø ofreció <argset><argument argument="arg0" thematicrole="agt" type="spec">su</argument><head>apoyo </head><argument argument="arg1" function="cn" thematicrole="pat" type="sp">al nuevo gobierno del presidente Alberto_Fujimori</argument></argset>. </example>
        <example file="3LB-CAST/211_C-2.tbf.xml" nodepath="18.3.3.1.1.1.0.0" sentencenodepath="18">Además , Ø recordó que el Gobierno mexicano ha establecido un programa de <argset><head>apoyo </head></argset>para los trabajadores agrícolas que les otorga un documento de identidad que les permite trabajar en las fincas del estado de Chiapas , en la recolección de cacao , café y banano . </example>
        <example file="3LB-CAST/211_C-3.tbf.xml" nodepath="13.0.1.4.3.3.1.0" sentencenodepath="13">" Por qué Ø tienen miedo si Ø dicen que Ø tienen <argset><specifier>el</specifier><head>apoyo </head><argument argument="arg0" function="cn" thematicrole="agt" type="sp">de la gente</argument></argset>. Por qué Ø tienen miedo de participar en una elección limpia ... El mundo le ha dicho : señor Fujimori sea mucho más caballero y compita Ø en una elección limpia " , dijo Ø al aludir a la reacción de la comunidad internacional que ha cuestionado las elecciones celebradas el domingo . </example>
        <example file="3LB-CAST/c1-5.tbf.xml" nodepath="4.0.1.1.3.1.2.5.1.0" sentencenodepath="4">Porque de tanto escuchar al señor Pujol decir que si se corrige la reforma laboral Ø deja de apoyar al Gobierno , y que si el Constitucional desautoriza la Ley_de_Inmersión_Lingüística_del_Catalán Ø también retira <argset><specifier>el</specifier><head>apoyo </head></argset>, el personal espera que en cualquier momento el señor Pujol salga con que , o hay pasta para el Liceo , o de apoyo al Gobierno ni mijita . </example>
        <example file="3LB-CAST/c1-5.tbf.xml" nodepath="4.3.4.1.4.0.1.0.0" sentencenodepath="4">Porque de tanto escuchar al señor Pujol decir que si se corrige la reforma laboral Ø deja de apoyar al Gobierno , y que si el Constitucional desautoriza la Ley_de_Inmersión_Lingüística_del_Catalán Ø también retira el apoyo , el personal espera que en cualquier momento el señor Pujol salga con que , o hay pasta para el Liceo , o de <argset><head>apoyo </head><argument argument="arg1" function="cn" thematicrole="pat" type="sp">al Gobierno</argument></argset>ni mijita . </example>
        <example file="3LB-CAST/d2-5.tbf.xml" nodepath="10.1.1.0" sentencenodepath="10">A su lado , <argset><specifier>el</specifier><head>apoyo </head><argument argument="arg0" function="cn" thematicrole="agt" type="sp">de un amigo , compadre , compañero leal y alter_ego : Stoichkov</argument></argset>. </example>
        <example file="3LB-CAST/t5-10.tbf.xml" nodepath="0.3.2.1.0.0" sentencenodepath="0">Que el pobre era viudo y Ø carecía del <argset><head>apoyo </head><argument argument="arg0" function="cn" thematicrole="agt" type="sp">de unos hijos</argument></argset>. </example>
        <example file="CESS-CAST-A/10242_20000816.tbf.xml" nodepath="7.0.1.0" sentencenodepath="7"><argset><specifier>El</specifier><head>apoyo </head><argument argument="arg0" function="cn" thematicrole="agt" type="sp">de los Kennedy</argument><argument argument="arg1" function="cn" thematicrole="pat" type="sp">a Gore</argument></argset>fue esta noche total , ya_que en la convención demócrata aparecieron otros tres miembros del clan , entre ellos su patriarca , el senador Edward_Kennedy , hermano de John y de Robert_Kennedy , también asesinado . </example>
        <example file="CESS-CAST-A/10242_20000816.tbf.xml" nodepath="13.2.1.0" sentencenodepath="13">Bradley , que perdió las primarias frente_a Gore , expresó <argset><argument argument="arg0" thematicrole="agt" type="spec">su</argument><head>apoyo </head><reference_modifiers>público</reference_modifiers></argset>al candidato a la Presidencia , en cuya campaña Ø prometió que " Ø trabajará duro " . </example>
        <example file="CESS-CAST-A/10242_20000816.tbf.xml" nodepath="18.3.1.0" sentencenodepath="18">Después_de la reunión , la mayoría de los presentes manifestaron <argset><argument argument="arg0" thematicrole="agt" type="spec">su</argument><head>apoyo </head></argset>a Lieberman , que aseguró que su compromiso a_favor_de los derechos civiles " comienza con mi religión ... porque Ø creo que cada ser humano es creado a imagen y semejanza de Dios " , y aseguró que siempre Ø ha apoyado la acción afirmativa . </example>
        <example file="CESS-CAST-A/11714_20000314.tbf.xml" nodepath="7.4.1.1.1.1.1.1.0" sentencenodepath="7">En el marco de esta estrategia marcada por la prudencia , el PP esperará a los movimientos que haga el consejero de Economía , Artur_Mas , desde la determinación de que <argset><specifier>cualquier</specifier><head>apoyo </head><argument argument="arg0" function="cn" thematicrole="agt" type="s.a">popular</argument></argset>dependerá de la " capacidad de diálogo y de llegar a acuerdos " que muestre CiU y de " la aceptación de nuestra capacidad de influencia " . </example>
        <example file="CESS-CAST-A/11714_20000314.tbf.xml" nodepath="8.0.0.1.1.3.2.1.0.0" sentencenodepath="8">Preguntado sobre si el PP aceptaría un acuerdo de legislatura con CiU por escrito o sólo <argset><head>apoyos </head><reference_modifiers>puntuales</reference_modifiers><reference_modifiers>como en los cuatro pasados años</reference_modifiers></argset>, Ø no ha descartado ninguno de los dos escenarios y Ø ha vuelto a pedir tiempo " para dejar que todo repose " , aunque Ø también ha pedido que " no se entre en debates de ciencia-ficción " . </example>
        <example file="CESS-CAST-A/11811_20000516.tbf.xml" nodepath="3.4.7.5.1.0" sentencenodepath="3">Balaguer se enfrenta a Danilo_Medina , de 49 años , del oficialista Partido_de_la_Liberación_Dominicana ( PLD ) , y a Hipólito_Mejía , del opositor Partido_Revolucionario_Dominicano ( PRD , socialdemócrata ) , quienes no se aventuraron en esta contienda a tocar " ni con el pétalo de una rosa " al caudillo reformista , porque las dos formaciones se disputan <argset><argument argument="arg0" thematicrole="agt" type="spec">su</argument><head>apoyo </head></argset>con_vistas_a una eventual segunda vuelta . </example>
        <example file="CESS-CAST-A/13789_20000317.tbf.xml" nodepath="2.3.1.0" sentencenodepath="2">Allen con 28 puntos y Cassell con 22 también tuvieron <argset><specifier>el</specifier><head>apoyo </head><argument argument="arg0" function="cn" thematicrole="agt" type="sp">del pívot Glenn_Robinson , que consiguió 19 puntos para permitir que los Bucks mejorasen su marca a 31-34 y volviesen a empatar con los Magic de Orlando por el octavo puesto en la Federación_Este</argument></argset>. </example>
        <example file="CESS-CAST-A/13968_20000317.tbf.xml" nodepath="0.2.1.2.1.0" sentencenodepath="0">El primer ministro francés , el socialista Lionel_Jospin , intenta recuperar la iniciativa política y <argset><specifier>el</specifier><head>apoyo </head><argument argument="arg0" function="cn" thematicrole="agt" type="sp">del electorado tradicional de izquierdas</argument></argset>destinando los frutos de la bonanza económica a gastos públicos y recortes de impuestos . </example>
        <example file="CESS-CAST-A/14013_20000120.tbf.xml" nodepath="8.0.3.0.1.1.2.1.0" sentencenodepath="8">En su reunión con senadores , Madrazo ofreció explicaciones sobre el operativo y <argset><specifier>el</specifier><head>apoyo </head><reference_modifiers>que recibió por_parte_de los ministerios de Gobernación y Defensa</reference_modifiers></argset>, además Ø informó que durante la operación se cumplieron los acuerdos bilaterales y convenios internacionales en_materia_de combate al narcotráfico . </example>
        <example file="CESS-CAST-A/14013_20000120.tbf.xml" nodepath="9.3.1.0" sentencenodepath="9">Al_término_de la reunión , el fiscal general recibió <argset><specifier>el</specifier><head>apoyo </head><argument argument="arg0" function="cn" thematicrole="agt" type="sp">de los legisladores que admitieron que si se acudió al apoyo del FBI fue porque México no cuenta con los avances en medicina forense y otras áreas en las que especialistas estadounidenses respaldaron las tareas durante las excavaciones</argument></argset>. </example>
        <example file="CESS-CAST-A/14710_20000218.tbf.xml" nodepath="11.0.4.1.0.2.1.0" sentencenodepath="11">" El desarrollo de la región sería impensable sin el interés , <argset><specifier>el</specifier><head>apoyo </head></argset>, que el capital español le brindó " a los países latinoamericanos , concluyó Ø . </example>
        <example file="CESS-CAST-A/14943_20001019.tbf.xml" nodepath="8.4.1.0" sentencenodepath="8">La Alianza_Atlántica expresó hoy también <argset><argument argument="arg0" thematicrole="agt" type="spec">su</argument><head>apoyo </head><argument argument="arg1" function="cn" thematicrole="pat" type="sp">a la reapertura de una oficina en Belgrado del Tribunal_Penal de La_Haya que juzga los crímenes de guerra en la antigua Yugoslavia</argument></argset>, como reclama la fiscal jefe de esa corte internacional , Carla_del_Ponte . </example>
        <example file="CESS-CAST-A/15021_20000218.tbf.xml" nodepath="4.2.4.1.4.3.4.1.1.0" sentencenodepath="4">El lehendakari , durante sus intervenciones , fue muy crítico con socialistas y populares , especialmente con estos últimos , a los que Ø acusó de no haber dado " ni un sólo minuto de oportunidad a la paz " , y a los primeros Ø les retó a que Ø presenten una moción de censura contra él si Ø consideran que Ø no cuenta con <argset><specifier>el</specifier><head>apoyo </head><reference_modifiers>suficiente</reference_modifiers><argument argument="argM" function="cn" thematicrole="loc" type="sp">en el Parlamento</argument></argset>tras la suspensión del pacto con EH . </example>
        <example file="CESS-CAST-A/15021_20000218.tbf.xml" nodepath="8.2.2.4.1.0" sentencenodepath="8">Ibarretxe añadió que si EH cumple esta premisa el pacto será " válido " y un " activo " para la pacificación y que si Ø no la cumple el Gobierno_Vasco buscará <argset><specifier>los</specifier><head>apoyos </head><argument argument="arg0" function="cn" thematicrole="agt" type="sp">de otros grupos</argument><argument argument="argM" function="cn" thematicrole="fin" type="sp">para sacar_adelante sus iniciativas en la Cámara</argument></argset>. </example>
        <example file="CESS-CAST-A/15021_20000218.tbf.xml" nodepath="9.3.5.1.0" sentencenodepath="9">El portavoz del PSE-EE , Fernando_Buesa , anunció al lehendakari que " Ø no espere <argset><argument argument="arg0" thematicrole="agt" type="spec">nuestro</argument><head>apoyo </head><reference_modifiers>" en esta estrategia de " mantenerse en el cargo teniendo o no viabilidad " su proyecto</reference_modifiers></argset>, por lo que Ø le preguntó si Ø tiene intención de someterse a una cuestión de confianza , ya_que Ø fue investido lehendakari con los votos del PNV , EA y EH . </example>
        <example file="CESS-CAST-A/15780_20000620.tbf.xml" nodepath="9.3.1.0" sentencenodepath="9">Los Quince manifiestan además <argset><argument argument="arg0" thematicrole="agt" type="spec">su</argument><head>apoyo </head><argument argument="arg1" function="cn" thematicrole="pat" type="sp">" a los esfuerzos hechos por el presidente Vladimir_Putin y por el Gobierno ruso para modernizar y reformar su país "</argument></argset>. </example>
        <example file="CESS-CAST-A/15871_20001121.tbf.xml" nodepath="5.3.2.1.1.1.0" sentencenodepath="5">El canciller cubano dijo a los familiares de los fallecidos a_causa_de esos atentados que " el gobierno de Cuba con <argset><specifier>el</specifier><head>apoyo </head><argument argument="arg0" function="cn" thematicrole="agt" type="sp">del pueblo y de la opinión pública internacional</argument></argset>demandará justicia , Ø hará todo cuanto sea necesario para impedir que estos terroristas que han sido finalmente arrestados escapen nuevamente " . </example>
        <example file="CESS-CAST-A/15871_20001121.tbf.xml" nodepath="13.4.1.1.1.1.2.1.1.0" sentencenodepath="13">" Nuestro pueblo - señaló la nota - confía en la dignidad del pueblo y del Gobierno de Panamá , que con <argset><specifier>el</specifier><head>apoyo </head><argument argument="arg0" function="cn" thematicrole="agt" type="sp">de los pueblos de América_Latina y el mundo</argument></argset>serán capaces de resistir tales presiones y actuar con justicia " . </example>
        <example file="CESS-CAST-A/16468_20000521.tbf.xml" nodepath="5.0.1.4.0.1" sentencenodepath="5">" Si en los próximos días Mas presenta su candidatura a secretario general , Ø le daré <argset><reference_modifiers>pleno</reference_modifiers><head>apoyo </head></argset>y Ø estoy a disposición del presidente Pujol y de Mas para trabajar a su lado " ha afirmado Esteve . </example>
        <example file="CESS-CAST-A/16529_20001121.tbf.xml" nodepath="3.0.2.0.0" sentencenodepath="3">El Ministerio_del_Medio_Ambiente dará <argset><head>apoyo </head><reference_modifiers>logístico y técnico</reference_modifiers></argset>y Ø será el interlocutor ante las entidades del SINA para medir las necesidades de información . </example>
        <example file="CESS-CAST-A/16816_20000221.tbf.xml" nodepath="0.4.2.0" sentencenodepath="0">La vicepresidenta de la Comisión_Europea y comisaria de Transportes , Loyola_de_Palacio , confirmó hoy en Pamplona <argset>" <specifier>el</specifier>
            <head>apoyo </head>
            <reference_modifiers>pleno</reference_modifiers>" <argument argument="arg0" function="cn" thematicrole="agt" type="sp">del Gobierno central</argument>
            <argument argument="arg1" function="cn" thematicrole="pat" type="sp">a la ejecución de una vía de gran capacidad que una España con Francia a_través_del Pirineo navarro</argument>
          </argset>. </example>
        <example file="CESS-CAST-A/17124_20001122.tbf.xml" nodepath="11.2.1.1.3.5.3.1.0.2.1.0" sentencenodepath="11">" Ø Soy testigo excepcional y cercano de ese prestigio " , continuó el presidente , que opinó que " nos debe enorgullecer el papel que desempeñan el Rey , la Reina , el Príncipe_de_Asturias y los miembros de la Familia_Real porque Ø son de un estímulo , <argset><specifier>un</specifier><head>apoyo </head></argset>y una fortaleza para los intereses de España verdaderamente extraordinario " . </example>
        <example file="CESS-CAST-A/17451_20000522.tbf.xml" nodepath="6.0.1.0.1" sentencenodepath="6">En_cuanto_al <argset><reference_modifiers>abultado</reference_modifiers><head>apoyo </head><argument argument="arg0" function="cn" thematicrole="agt" type="sp">de la militancia</argument></argset>, María_Antonia_Alvarez explicó que aunque el censo de afiliados del PSOE gallego es de unos 23.400 , éste está " inflado " , y Ø no se puede considerar real , puesto_que son unos 10.000 los militantes que realmente participan en las asambleas y los procesos de elección . </example>
        <example file="CESS-CAST-A/17451_20000522.tbf.xml" nodepath="7.4.5.1.0" sentencenodepath="7">Por eso , Ø consideró que el secretario general ha sido suficientemente apoyado , ya_que , del censo a considerar , Ø ha logrado <argset><specifier>más de la mitad de los</specifier><head>apoyos </head></argset>. </example>
        <example file="CESS-CAST-A/17451_20000522.tbf.xml" nodepath="8.4.3.0.1.1.4.2.2.2.1.1" sentencenodepath="8">Sobre este asunto , la presidenta de este organismo y diputada autonómica apuntó , como opinión personal , que Ø es partidaria de que se depurase el censo de militantes , para conocer de una forma más exhaustiva cuál es <argset><specifier>el</specifier><reference_modifiers>verdadero</reference_modifiers><head>apoyo </head><argument argument="arg1" function="cn" thematicrole="pat" type="sp">de las bases</argument><argument argument="argM" function="cn" type="sp">en procesos como éste</argument></argset>. </example>
        <example file="CESS-CAST-AA/19413_20000524.tbf.xml" nodepath="5.3.1.1.1.1.0" sentencenodepath="5">Arias acusó al ex presidente Calderón , del gubernamental PUSC , de " traición " y de " apuñalar la democracia " al retirar <argset><argument argument="arg0" thematicrole="agt" type="spec">su</argument><head>apoyo </head></argset>a un proyecto que permitiría la discusión de reformas constitucionales para debatir en el Parlamento la reelección presidencial . </example>
        <example file="CESS-CAST-AA/19413_20000524.tbf.xml" nodepath="8.0.0.1.4.1.0.0" sentencenodepath="8">Arias , que tampoco ha gozado del <argset><head>apoyo </head><argument argument="arg0" function="cn" thematicrole="agt" type="sp">de su partido</argument></argset>, agitado en una tempranera lucha interna por la selección de su candidato para los comicios del año_2002 , reconoció que la negativa del gubernamental PUSC es la " estocada " a la reelección presidencial . </example>
        <example file="CESS-CAST-AA/20033_20000224.tbf.xml" nodepath="8.3.0.1.4.1.0" sentencenodepath="8">La elevación del techo competencial y la mejora de la financiación serán , asegura Ø , condiciones sin las que CiU no dará <argset><argument argument="arg0" thematicrole="agt" type="spec">su</argument><head>apoyo </head></argset>a ningún gobierno . </example>
        <example file="CESS-CAST-AA/20070_20000525.tbf.xml" nodepath="24.2.2.1.0.1.1.1.1.3.1.1.1.1.1.1.1.0.0" sentencenodepath="24">Jaume_Llauradó espera poder implicar en la recogida de firmas a algunos de los 2.000 voluntarios que le apoyaron en la recogida de 500.000 firmas en <argset><head>apoyo </head><argument argument="arg1" function="cn" thematicrole="pat" type="sp">de las selecciones catalanas</argument></argset>, aunque ese proceso nada tiene que ver con el actual . </example>
        <example file="CESS-CAST-AA/20305_20001025.tbf.xml" nodepath="1.3.1.3.1.1.0" sentencenodepath="1">Nadie duda en Serbia de que Milutinovic , acólito político , amigo y hombre de confianza del ex presidente federal yugoslavo Slobodan_Milosevic , cuenta con <argset><specifier>el</specifier><head>apoyo </head><argument argument="arg0" function="cn" thematicrole="agt" type="sp">de éste , que perdió las elecciones del 24_de_septiembre y abandonó el poder el pasado día_5</argument></argset>. </example>
        <example file="CESS-CAST-AA/20443_20000128.tbf.xml" nodepath="5.2.4.0.0" sentencenodepath="5">Ø Afirmó que , en_virtud_del derecho internacional , Ø ha encontrado <argset><head>apoyo </head><reference_modifiers>expreso</reference_modifiers><argument argument="arg1" function="cn" thematicrole="pat" type="sp">al retorno a Cuba de Elián , que permanece con unos tíos_abuelos residentes en Miami desde que el pasado 25_de_noviembre fuera rescatado tras el naufragio de una embarcación en el que murió su madre</argument></argset>. </example>
        <example file="CESS-CAST-AA/24215_20001030.tbf.xml" nodepath="7.2.6.4.1.1.4.3.1.0" sentencenodepath="7">Los datos preliminares muestran que en 18 de las principales ciudades del país también triunfaron los opositores , bien como partido o en coaliciones , aunque en Bogotá Ø fueron superados por el filósofo y matemático de origen lituano Antanas_Mockus , EX alcalde de la urbe , que obtuvo <argset><specifier>un</specifier><head>apoyo </head><argument argument="arg1" function="cn" thematicrole="pat" type="s.a">histórico</argument></argset>con 634.720 votos , frente a los 504.480 de la candidata liberal , la EX ministra de Asuntos_Exteriores María_Emma_Mejía . </example>
        <example file="CESS-CAST-AA/26133_20000930.tbf.xml" nodepath="5.1.0.0.3.1.1.0.0.1.1.0.2.4.1.0" sentencenodepath="5">Para la liberal y proeuropea Oposición_Democrática_de_Serbia ( DOS ) , no habrá una segunda vuelta electoral triunfo indiscutible de su candidato , Kostunica , en las presidenciales del pasado día_24 , cuando Ø obtuvo <argset><specifier>un</specifier><head>apoyo </head><argument argument="arg0" function="cn" thematicrole="agt" type="sp">del 51,34_por_ciento de los votantes</argument></argset>. </example>
        <example file="CESS-CAST-AA/26133_20000930.tbf.xml" nodepath="13.2.3.1.0" sentencenodepath="13">Algunos observadores opinan que hasta el ultranacionalista Vojislav_Seselj y su Partido_Radical_Serbio ( SRS ) quitará <argset><specifier>el</specifier><head>apoyo </head></argset>a los izquierdistas , sus aliados formales en el Gobierno , de los que al_parecer Ø ha empezado a distanciarse al dirigirles duras críticas . </example>
        <example file="CESS-CAST-AA/3260_20000505.tbf.xml" nodepath="7.3.1.1.3.1.0.2.1.0.0" sentencenodepath="7">Ø Invitó a los candidatos a evitar que sus actividades oficiales sean usadas como " instrumentos de <argset><head>apoyo </head><argument argument="arg1" function="cn" thematicrole="pat" type="sp">de campaña</argument></argset>" , puesto_que la delegación Carter reconoció " la ventaja natural que disfrutan " los candidatos a la reelección en el cargo " para que su agenda sea cubierta de manera preferencial por los medios " . </example>
        <example file="CESS-CAST-AA/3800_20001205.tbf.xml" nodepath="4.3.4.3.1.0" sentencenodepath="4">Ø Señaló que Ø está muy triste por esta situación , aunque Ø afirmó que le reconforta <argset><specifier>el</specifier><head>apoyo </head><argument argument="arg0" function="cn" thematicrole="agt" type="sp">de la hinchada del Valladolid que ha estado con él en todo momento</argument></argset>. </example>
        <example file="CESS-CAST-AA/3976_20000108.tbf.xml" nodepath="0.2.1.0" sentencenodepath="0">El presidente ecuatoriano , Jamil_Mahuad , ha recibido <argset><specifier>el</specifier><head>apoyo </head><argument argument="arg0" function="cn" thematicrole="agt" type="sp">de su colega estadounidense , Bill_Clinton , quien se mostró dispuesto a solicitar a los organismos multilaterales que agilicen las ayudas ofrecidas al gobernante , acosado por las peticiones de dimisión</argument></argset>. </example>
        <example file="CESS-CAST-AA/3976_20000108.tbf.xml" nodepath="2.0.1.0" sentencenodepath="2"><argset><specifier>El</specifier><head>apoyo </head><argument argument="arg0" function="cn" thematicrole="agt" type="sp">de Clinton</argument></argset>se produce en un momento en que Mahuad parece haberse quedado solo , pues según una última encuesta su gestión es aprobada por apenas el 7_por_ciento de la población y un 53_por_ciento exige su salida del poder . </example>
        <example file="CESS-CAST-AA/3976_20000108.tbf.xml" nodepath="14.0.1.0" sentencenodepath="14"><argset><specifier>El</specifier><head>apoyo </head><argument argument="arg0" function="cn" thematicrole="agt" type="s.a">internacional</argument></argset>es vital para Mahuad que hasta ahora no ha explicado a los ciudadanos su opinión sobre la difícil situación que le ha tocado vivir a escasos diecisiete meses de los cuarenta_y_dos para los que Ø fue elegido . </example>
        <example file="CESS-CAST-AA/4633_20001207.tbf.xml" nodepath="7.0.0.1.3.4.1.0" sentencenodepath="7">Los actuales campeones de liga , que también tuvieron <argset><specifier>el</specifier><head>apoyo </head><argument argument="arg0" function="cn" thematicrole="agt" type="sp">del pívot Shaquille_O`Neal</argument></argset>con 25 puntos ( 11 de 18 tiros de campo y 3_de_6 desde la línea de personal ) , 10 rebotes y dos asistencias , rompieron una racha de cuatro triunfos consecutivos , Ø se quedaron con marca de 14-6 y sin poder subir al primer lugar de la División_del_Pacífico . </example>
        <example file="CESS-CAST-AA/5522_20000307.tbf.xml" nodepath="8.3.1.0" sentencenodepath="8">Para intentar atraer un público mayor , las escuelas paulistas han conseguido <argset><specifier>el</specifier><head>apoyo </head><argument argument="arg0" function="cn" thematicrole="agt" type="sp">de la empresa privada de la región , que ha hecho costosas inversiones para mejorar las fiestas y colaborar con el interés común de disputar con Río_de_Janeiro la preferencia de los turistas</argument></argset>. </example>
        <example file="CESS-CAST-AA/5808_20001108.tbf.xml" nodepath="5.3.1.1.1.0.0" sentencenodepath="5">Igualmente , desempeñaría un papel destacado la pérdida de <argset><head>apoyo </head><argument argument="arg0" function="cn" thematicrole="agt" type="s.a">popular</argument></argset>del FPOE , que coinciden en apuntar todas las encuestas y que se debería al desgaste del poder de un partido que ha acostumbrado a su electorado a actuar desde la oposición en las últimas décadas y las medidas impopulares que , como integrante del Gobierno , Ø se ha visto obligado a tomar , de lo que es ejemplo la subida de los impuestos . </example>
        <example file="CESS-CAST-AA/5808_20001108.tbf.xml" nodepath="10.0.2.1.1.1.1.0.0" sentencenodepath="10">Pese_a esa derrota electoral y a la caída del <argset><head>apoyo </head><argument argument="arg0" function="cn" thematicrole="agt" type="s.a">electoral</argument></argset>que reduce las perspectivas de voto para su formación , Haider ha reiterado su amenaza de nuevos comicios al indicar en " News " que " si el Gobierno no va a poder seguir con su labor , Ø creo que una nueva convocatoria es lo único correcto y posible " . </example>
        <example file="CESS-CAST-AA/5814_20001208.tbf.xml" nodepath="5.3.5.4.2.4.0.0" sentencenodepath="5">Según el diario The_New_York_Times , los republicanos saben que los próximos dos años serán muy duros en Florida , pues los demócratas saben que Jeb_Bush está debilitado y que el partidismo electoral le ha hecho perder <argset><head>apoyo </head></argset>. </example>
        <example file="CESS-CAST-AA/5976_20001008.tbf.xml" nodepath="15.2.1.1.0" sentencenodepath="15">La fórmula que proponen Alemania e Italia cuenta con <argset><specifier>el</specifier><head>apoyo </head><argument argument="arg0" function="cn" thematicrole="agt" type="sp">de la mayoría</argument></argset>, pues Ø será el único sistema válido para que el veto de un país impida a la UE avanzar en su integración en una política concreta . </example>
        <example file="CESS-CAST-AA/6296_20001109.tbf.xml" nodepath="5.3.1.1.2.1.0.1.2.1.1.2.1.0.1.3.1.0" sentencenodepath="5">Las declaraciones de Estrada se producen en un momento de máxima tensión política en Filipinas , donde la oposición , encabezada por Macapagal-Arroyo , que tiene <argset><specifier>el</specifier><head>apoyo </head><argument argument="arg0" function="cn" thematicrole="agt" type="sp">de la Iglesia_Católica y los ex presidentes Corazón_Aquino y Fidel_Ramos</argument></argset>, pide de forma insistente su dimisión . </example>
        <example file="CESS-CAST-AA/6296_20001109.tbf.xml" nodepath="8.0.1.1.1.1.0.0" sentencenodepath="8">Ante la falta de <argset><head>apoyo </head><argument argument="arg0" function="cn" thematicrole="agt" type="sp">de la Iglesia_Católica , muy influyente en las decisiones del pueblo filipino , el único que profesa esta religión en toda Asia</argument></argset>, el presidente contará con el respaldo de sectas cristianas y movimientos protestantes , lo que ha levantado aun más las iras de la oposición . </example>
        <example file="CESS-CAST-AA/6296_20001109.tbf.xml" nodepath="10.3.1.0" sentencenodepath="10">Durante la semana , el presidente ha ido perdiendo <argset><specifier>el</specifier><head>apoyo </head><argument argument="arg0" function="cn" thematicrole="agt" type="sp">del sector económico</argument></argset>al pedir públicamente su dimisión tanto la Cámara_de_Comercio_e_Industria_de_Filipinas , con más de 20.000 miembros , como la Asociación_de_Analistas_Financieros , por considerar que sólo su renuncia sacará al país de la crisis . </example>
        <example file="CESS-CAST-AA/6434_20000710.tbf.xml" nodepath="4.3.1.1.1.1.1.1.1.4.1.0" sentencenodepath="4">Los electores tendrán que marcar " Sí " o " No " en la tarjeta preparada para este referéndum , del que se espera <argset><specifier>un</specifier><head>apoyo </head><argument argument="arg0" function="cn" thematicrole="agt" type="s.a">masivo</argument><argument argument="arg1" function="cn" thematicrole="pat" type="sp">al nombramiento de Bachar_Asad como nuevo presidente</argument></argset>. </example>
        <example file="CESS-CAST-AA/6740_20000710.tbf.xml" nodepath="4.0.1.0.2.2.1.2.1.2.1.0.0" sentencenodepath="4">Pese_al duro revés sufrido por el Ejecutivo de coalición de Barak con la dimisión entre ayer y hoy de seis de sus ministros y la consiguiente pérdida de <argset><head>apoyos </head><argument argument="arg0" function="cn" thematicrole="agt" type="s.a">parlamentarios</argument></argset>, no se espera que los partidarios de la moción de censura puedan obtener los 61 votos necesarios para que Ø se apruebe ( la mitad más uno de los escaños parlamentarios ) . </example>
        <example file="CESS-CAST-AA/6740_20000710.tbf.xml" nodepath="5.2.2.1.2.1.1.0" sentencenodepath="5">Tres partidos , el Israel_BaAliya y los ultrarreligiosos Shas y Partido_Nacional_Religioso , han abandonado el Ejecutivo , pero se prevé que Barak contará con <argset><specifier>el</specifier><head>apoyo </head><argument argument="arg0" function="cn" thematicrole="agt" type="sp">de grupos ajenos a su coalición , como la mayoría de los diputados árabes</argument></argset>, mientras_que otros grupos , como el laico Shinui , se abstendrán . </example>
        <example file="CESS-CAST-AA/7380_20000209.tbf.xml" nodepath="5.2.1.1.1.2.0.2.1.0.0" sentencenodepath="5">El presidente anunció su disposición a establecer , en_colaboración_con las Comunidades_Autónomas , nuevas líneas de <argset><head>apoyo </head></argset>que proporcionen información , formación y asesoramiento a mujeres víctimas de malos tratos . </example>
        <example file="CESS-CAST-AA/7380_20000209.tbf.xml" nodepath="7.2.3.1.0" sentencenodepath="7">Durante el encuentro , Aznar destacó el valor del compromiso de las artistas por su labor de concienciación de la sociedad y Ø les mostró <argset><argument argument="arg0" thematicrole="agt" type="spec">su</argument><head>apoyo </head><reference_modifiers>" incondicional "</reference_modifiers><argument argument="argM" function="cn" thematicrole="fin" type="sp">en la lucha contra la violencia doméstica</argument></argset>. </example>
        <example file="CESS-CAST-AA/7637_20000510.tbf.xml" nodepath="14.0.3.2.4.1.3.3.4.4.3.1.1.0" sentencenodepath="14">" Ø No digo que haya existido mala voluntad , pero ahí están los asesinatos , EH dejando en el Parlamento vasco al_descubierto a los socios a los que Ø se había comprometido a apoyar y los últimos comunicados de ETA donde Ø pone en_entredicho la acción política del PNV y EA y Ø le recuerda a Ibarretxe que Ø no olvide que Ø gobierna con <argset><specifier>el</specifier><head>apoyo </head><argument argument="arg0" function="cn" thematicrole="agt" type="sp">de EH</argument></argset>" , declaró Ø . </example>
        <example file="CESS-CAST-AA/7674_20001010.tbf.xml" nodepath="9.3.3.0.4.2.1.2.1.2.1.1.0" sentencenodepath="9">Además , Triadú anunció que la Generalitat impulsará nuevos portales de Internet con vocación de liderazgo europeo , como un portal de temática sanitaria , que contará con <argset><specifier>el</specifier><head>apoyo </head><argument argument="arg0" function="cn" thematicrole="agt" type="sp">de la Corporación_Catalana_de_Radio_y_Televisión y el Centro_de_Telecomunicaciones_de_la_Generalitat</argument></argset>y que supondrá una inversión de 1.000 millones de pesetas . </example>
        <example file="CESS-CAST-AA/9155_20000712.tbf.xml" nodepath="9.4.0.0.0" sentencenodepath="9">García ha solicitado repetidamente a la prensa y a la afición del país <argset><head>apoyo </head>y paciencia </argset>, ante la oleada de críticas y encuestas con resultados en su contra , las cuales advierten que Colombia no_sólo ha jugado de manera mezquina y Ø ha perdido la identidad futbolística , sino_que Ø debe cambiar de técnico si los resultados son negativos contra Perú y Ecuador . </example>
        <example file="CESS-CAST-AA/9462_20000115.tbf.xml" nodepath="6.1.2.2.4.2.1.1.1.0" sentencenodepath="6">En el asunto social , el presidente señaló que la situación de la educación es " vergonzosa " y Ø dijo que Ø se propone hacer una reforma para dar <argset><specifier>un</specifier><head>apoyo </head><reference_modifiers>político , técnico y financiero</reference_modifiers><argument argument="argM" function="cn" thematicrole="fin" type="sp">para descentralizar este sector</argument></argset>. </example>
        <example file="CESS-CAST-AA/9462_20000115.tbf.xml" nodepath="12.2.3.1.0" sentencenodepath="12">En_materia_de seguridad Ø anunció la profesionalización y la ampliación de la cobertura de la Policía_Nacional_Civil , reformar el sistema penitenciario y migratorio , y Ø pidió a la comunidad internacional <argset><argument argument="arg0" thematicrole="agt" type="spec">su</argument><head>apoyo </head></argset>para atender ese grave problema . </example>
        <example file="CESS-CAST-P/102_19981202.tbf.xml" nodepath="11.2.1.0" sentencenodepath="11">El líder de esta central , Hubertus_Schmoldt , supeditó <argset><specifier>el</specifier><head>apoyo </head><argument argument="arg0" function="cn" thematicrole="agt" type="sp">de los trabajadores</argument></argset>al compromiso de que los empleos en Alemania y Francia no se vean afectados por la concentración . </example>
        <example file="CESS-CAST-P/106_19991202.tbf.xml" nodepath="18.0.1.0" sentencenodepath="18"><argset><specifier>Este</specifier><head>apoyo </head></argset>empezó a aplicarse en septiembre para niños de dos a tres años . </example>
        <example file="CESS-CAST-P/108_19990601.tbf.xml" nodepath="13.2.1.1.1.0" sentencenodepath="13">El internacional yugoslavo quiso despedirse agradeciendo <argset><specifier>el</specifier><head>apoyo </head><argument argument="arg0" function="cn" thematicrole="agt" type="sp">de todos , afición , técnicos , jugadores e incluso de los rivales</argument></argset>. </example>
        <example file="CESS-CAST-P/10_20010402_b.tbf.xml" nodepath="3.2.0.1.1.1.1.0.1.0.2.1.0.1.1.0.0" sentencenodepath="3">España es uno de los países con menor número de servicios de <argset><head>apoyo </head><argument argument="arg1" function="cn" thematicrole="pat" type="sp">a la familia</argument></argset>y con menor gasto social de apoyo a tal institución . </example>
        <example file="CESS-CAST-P/112_19981202.tbf.xml" nodepath="4.0.4.1.1.1.4.0.2.0" sentencenodepath="4">El presidente del Barça , Josep_Lluís_Núñez , lanzó ayer un mensaje de serenidad a la afición , a la que pidió " <argset>calma y <head>apoyo </head>
            <argument argument="arg1" function="cn" thematicrole="pat" type="sp">al equipo</argument>
          </argset>" , y Ø se mostró dolido por el clamor popular que se produjo contra el técnico Louis_van_Gaal durante el partido del pasado sábado ante el Atlético_de_Madrid , justo en el día inaugural del centenario del club . </example>
        <example file="CESS-CAST-P/125_20020301.tbf.xml" nodepath="6.3.1.2.3.1.0" sentencenodepath="6">Para demostrarlo , Ø esgrimió una papeleta recibida por un ayuntamiento socio de la entidad en la que se pide <argset><specifier>el</specifier><head>apoyo </head><argument argument="arg1" function="cn" thematicrole="pat" type="sp">para Porta</argument></argset>. </example>
        <example file="CESS-CAST-P/127_19990602.tbf.xml" nodepath="9.2.2.1.1.0" sentencenodepath="9">Eliot no es un gran cantante , pero Ø cuenta con <argset><specifier>un</specifier><head>apoyo </head><argument argument="arg1" function="cn" thematicrole="pat" type="sp">a los coros</argument><reference_modifiers>que refuerza unas melodías que da gusto cantar</reference_modifiers></argset>. </example>
        <example file="CESS-CAST-P/12_20020402.tbf.xml" nodepath="2.2.2.1.1.3.1.0" sentencenodepath="2">La hermosa y discreta anciana Isabel_Bowes-Lyon , con su bonachón rostro siempre oculto bajo tocados y los labios finos resaltados por discreto carmín , fue la más querida de los Windsor , la abuela en la que Carlos , el malo de la decadente monarquía británica , buscó <argset><specifier>el</specifier><head>apoyo </head><reference_modifiers>que quizá no obtuvo de su madre</reference_modifiers></argset>. </example>
        <example file="CESS-CAST-P/143_20010601.tbf.xml" nodepath="11.0.1.2.3.1.1.0" sentencenodepath="11">El club navarro , que dice tener <argset><specifier>el</specifier><head>apoyo </head><argument argument="arg0" function="cn" thematicrole="agt" type="sp">de otras entidades , como el Athletic o la Real_Sociedad ,</argument></argset>pedirá los puntos de los partidos Osasuna-Espanyol y Las_Palmas-Osasuna por alineación indebida , situación que González interpreta como una coacción : " Se está llevando la situación al caos para que la Liga_Profesional pueda plantearse la revisión del número de equipos en las ligas o replantearse incluso los descensos " . </example>
        <example file="CESS-CAST-P/144_20010302.tbf.xml" nodepath="5.0.0.0" sentencenodepath="5"><argset><head>Apoyo </head><argument argument="arg0" function="cn" thematicrole="agt" type="sp">de la televisión</argument></argset>. </example>
        <example file="CESS-CAST-P/157_20010201.tbf.xml" nodepath="16.5.1.1.0" sentencenodepath="16">Esta noche , en Barnasants , Ø repasará su cancionero con <argset><specifier>el</specifier><head>apoyo </head><argument argument="arg0" function="cn" thematicrole="agt" type="sp">de un guitarrista</argument></argset>. </example>
        <example file="CESS-CAST-P/17_20000301.tbf.xml" nodepath="5.2.1.1.2.1.1.1.0.3.0.0" sentencenodepath="5">Y todo ello bajo la mirada sumisa o , a_veces , también comprometida , de muchos jugadores que les dan <argset><head>apoyo </head></argset>y cuyo coeficiente de valores sociales no va más allá de contabilizar las cifras de su contrato . </example>
        <example file="CESS-CAST-P/17_20011001.tbf.xml" nodepath="14.3.1.1.1.0.0" sentencenodepath="14">En Nueva_York , los taxistas árabes o de aspecto árabe han recibido un mensaje de <argset><head>apoyo </head></argset>de la compañía . </example>
        <example file="CESS-CAST-P/17_20011001.tbf.xml" nodepath="19.5.2.0.4.0" sentencenodepath="19">" Aquí la gente ha ido junta a la escuela y sus niños han nacido a_la_vez . La tensión es mucho menor que en zonas como Queens o el Bronx . Se ve <argset>comprensión , solidaridad y <head>apoyo </head>
          </argset>" . </example>
        <example file="CESS-CAST-P/20_19991202.tbf.xml" nodepath="11.1.4.5.0.1.0.0.1.0" sentencenodepath="11">Jordi_Pujol quiere contentar a todos , incluso a la familia : " Ø Estoy al_servicio_de Catalunya desde que Ø tenía 16 años . No se puede estar 53 años al_pie_del_cañón sin <argset><specifier>el</specifier><head>apoyo </head></argset>, la comprensión y el afecto de los tuyos , y sin compartir momentos buenos pero también malos " . </example>
        <example file="CESS-CAST-P/20_20000201_a.tbf.xml" nodepath="2.0.2.0.0" sentencenodepath="2">Tampoco habrá <argset><head>apoyo </head><argument argument="arg1" function="cn" thematicrole="pat" type="sp">a los candidatos austriacos que opten a cargos en organizaciones internacionales</argument></argset>, y los embajadores de Viena en las capitales de la UE sólo serán recibidos " a nivel técnico " . </example>
        <example file="CESS-CAST-P/21_20000601_a.tbf.xml" nodepath="1.4.1.0.0" sentencenodepath="1">Y así las cosas , el president Pujol ordena dar <argset><head>apoyo </head></argset>a la investidura de Aznar . </example>
        <example file="CESS-CAST-P/23_19990601.tbf.xml" nodepath="5.0.1.0.2.0.0" sentencenodepath="5">" Quitar formalmente <argset><head>apoyo </head></argset>al señor Westendorp y apoyar a otra candidatura tenía su riesgo " , explicó Matutes . </example>
        <example file="CESS-CAST-P/23_19990601.tbf.xml" nodepath="7.0.1.3.0.1" sentencenodepath="7">" Si Solana recoge <argset><reference_modifiers>suficientes</reference_modifiers><head>apoyos </head></argset>en el Consejo , Ø contará con nuestro apoyo " , aseguró Matutes . </example>
        <example file="CESS-CAST-P/23_19990601.tbf.xml" nodepath="7.0.4.1.1.0" sentencenodepath="7">" Si Solana recoge suficientes apoyos en el Consejo , Ø contará con <argset><argument argument="arg0" thematicrole="agt" type="spec">nuestro</argument><head>apoyo </head></argset>" , aseguró Matutes . </example>
        <example file="CESS-CAST-P/23_19990601.tbf.xml" nodepath="8.2.2.5.1.0" sentencenodepath="8">El ministro admitió que " la candidatura de Solana ha hecho importantes progresos en las últimas semanas " , pero Ø agregó : " para que Ø podamos hablar de consenso , Solana tiene que recoger <argset><specifier>todos los</specifier><head>apoyos </head><argument argument="argM" function="cn" thematicrole="loc" type="sp">sobre la mesa</argument></argset>" . </example>
        <example file="CESS-CAST-P/26_19981201.tbf.xml" nodepath="5.3.2.1.0" sentencenodepath="5">El factor Washington ha estado siempre presente , aunque de forma muy discreta , en el caso Pinochet , dado <argset><specifier>el</specifier><head>apoyo </head><reference_modifiers>que la CIA prestó al general para derrocar al Gobierno de Salvador_Allende en 1973</reference_modifiers></argset>. </example>
        <example file="CESS-CAST-P/32_19990501.tbf.xml" nodepath="14.3.1.1.1.3.1.0" sentencenodepath="14">Ø No albergó ninguna duda de que Milosevic perderá <argset><argument argument="arg1" thematicrole="pat" type="spec">sus</argument><head>apoyos </head></argset>. </example>
        <example file="CESS-CAST-P/34_20000401.tbf.xml" nodepath="3.2.1.0" sentencenodepath="3">Gelman , que se entrevistó con el presidente uruguayo antes de que éste hiciera pública la noticia , ha recibido <argset><specifier>el</specifier><head>apoyo </head><argument argument="arg0" function="cn" thematicrole="agt" type="sp">de más de 160 intelectuales de 70 países</argument><argument argument="argM" function="cn" thematicrole="fin" type="sp">en su intento de seguir las huellas de la joven</argument></argset>. </example>
        <example file="CESS-CAST-P/34_20000401.tbf.xml" nodepath="7.4.1.0" sentencenodepath="7">El poeta , en una carta abierta , le reclamó <argset><argument argument="arg0" thematicrole="agt" type="spec">su</argument><head>apoyo </head></argset>. </example>
        <example file="CESS-CAST-P/34_20000903.tbf.xml" nodepath="1.0.0.0.1.2.1.1.1.1.0.0" sentencenodepath="1">Encorsetados por su presencia en el Pacto_de_Lizarra y por la falta de <argset><head>apoyo </head><argument argument="arg0" function="cn" thematicrole="agt" type="s.a">parlamentario</argument></argset>, los nacionalistas vascos no abjuran del diálogo con HB , pero Ø buscan una salida que el PP procura cegar . </example>
        <example file="CESS-CAST-P/34_20000903.tbf.xml" nodepath="23.3.4.1.1.0" sentencenodepath="23">Mientras Ø estrechan el cerco sobre el PNV , tanto Aznar como Mayor_Oreja - - su virtual candidato a lehendakari - - saben que , venza quien venza en las próximas elecciones vascas , Ø carecerá de <argset><specifier>los</specifier><head>apoyos </head><reference_modifiers>suficientes</reference_modifiers><argument argument="argM" function="cn" thematicrole="fin" type="sp">para gobernar en_solitario</argument></argset>. </example>
        <example file="CESS-CAST-P/35_20000202_d.tbf.xml" nodepath="3.2.1.0" sentencenodepath="3">Wahid retiró <argset><argument argument="arg0" thematicrole="agt" type="spec">su</argument><head>apoyo </head></argset>a su ministro el lunes , después de que la Comisión_Nacional_sobre_Derechos_Humanos le acusara de estar implicado en las matanzas perpetradas por los paramilitares en Timor_Oriental el año pasado , cuando Wiranto era jefe del Estado_Mayor . </example>
        <example file="CESS-CAST-P/36_19990301.tbf.xml" nodepath="1.3.1.1.1.2.1.1.1.0" sentencenodepath="1">Un millar de padres y niños procedentes de 30 escuelas públicas de Barcelona participaron ayer en la fiesta celebrada en el parque de la Espanya_Industrial para reclamar <argset><specifier>el</specifier><head>apoyo </head><argument argument="arg0" function="cn" thematicrole="agt" type="sp">de la Administración</argument><argument argument="arg1" function="cn" thematicrole="pat" type="sp">a estos centros</argument></argset>. </example>
        <example file="CESS-CAST-P/39_20000903.tbf.xml" nodepath="3.2.0.0" sentencenodepath="3">La operación ' Ostra ' contra los narcos tuvo <argset><head>apoyo </head><argument argument="arg0" function="cn" thematicrole="agt" type="s.a">internacional y del Ejército</argument></argset>. </example>
        <example file="CESS-CAST-P/3_19991202.tbf.xml" nodepath="0.3.1.1.1.0" sentencenodepath="0">La UE aprovechó la referencia de Clinton a posibles sanciones comerciales por motivos laborales para ganar <argset><specifier>el</specifier><head>apoyo </head><argument argument="arg0" function="cn" thematicrole="agt" type="sp">de esos países</argument></argset>. </example>
        <example file="CESS-CAST-P/40_20000202.tbf.xml" nodepath="5.3.1.2.3.1.1.1.3.1.1.1.1.0" sentencenodepath="5">" Ø No esperaba que la victoria fuera tan grande " , comentó sorprendido el propio McCain , cuyo desafío a la ortodoxia del partido republicano agradó particularmente a los correosos votantes de Nueva_Hampshire , famosos por <argset><argument argument="arg0" thematicrole="agt" type="spec">su</argument><head>apoyo </head><argument argument="arg1" function="cn" thematicrole="pat" type="sp">a los candidatos que se salen de lo marcado por los dos grandes partidos</argument></argset>. </example>
        <example file="CESS-CAST-P/41_20000601.tbf.xml" nodepath="2.2.1.0.2.2.1.0.2.1.1.1.0.0" sentencenodepath="2">Esta historia de CDC recuerda al pobre Ulises entre Scylla y Caribdis , entre el PP del Gobierno central y el PP del <argset><head>apoyo </head><reference_modifiers>indispensable</reference_modifiers><argument argument="argM" function="cn" thematicrole="loc" type="sp">en el Parlament</argument></argset>, y ERC , como frente nacionalista y apoyo honroso en Catalunya . </example>
        <example file="CESS-CAST-P/41_20000601.tbf.xml" nodepath="2.2.1.0.2.2.1.2.0.1.2.0.2.0" sentencenodepath="2">Esta historia de CDC recuerda al pobre Ulises entre Scylla y Caribdis , entre el PP del Gobierno central y el PP del apoyo indispensable en el Parlament , y ERC , como <argset>frente nacionalista y <head>apoyo </head>
            <reference_modifiers>honroso</reference_modifiers>
            <argument argument="argM" function="cn" thematicrole="loc" type="sp">en Catalunya</argument>
          </argset>. </example>
        <example file="CESS-CAST-P/42_19991202.tbf.xml" nodepath="20.4.1.2" sentencenodepath="20">Sobre la concentración por la paz que Ibarretxe ha convocado para mañana , Aznar le trasladó <argset><argument argument="arg0" thematicrole="agt" type="spec">su</argument>" <reference_modifiers>rotundo</reference_modifiers><head>apoyo </head>" </argset>siempre_que Ø sea " unitaria " , es_decir , que HB no lleve un lema propio . </example>
        <example file="CESS-CAST-P/43_20010702.tbf.xml" nodepath="0.4.1.3.1.1.1.0.0" sentencenodepath="0">Desbloqueada la entrega de los etarras detenidos en México , España aspira ahora a que la policía mexicana investigue la red de <argset><head>apoyos </head><reference_modifiers>que ETA tiene en este país</reference_modifiers></argset>, según informaron fuentes oficiales . </example>
        <example file="CESS-CAST-P/43_20010702.tbf.xml" nodepath="4.2.3.4.2.0.0" sentencenodepath="4">Las autoridades españolas sospechan que ETA adiestra y Ø suministra material al EPR y a otros grupos terroristas mexicanos , a_cambio_del <argset><head>apoyo </head><reference_modifiers>necesario para que los etarras perseguidos por la justicia española residan en este país a_salvo de la policía federal</reference_modifiers></argset>. </example>
        <example file="CESS-CAST-P/53_20000202.tbf.xml" nodepath="5.3.1.1.2.1.2.1.0.4.0" sentencenodepath="5">El presidente del PP se manifestó dispuesto a trasladar al Parlament las demandas de UGT en_materia_de <argset>siniestralidad laboral , oportunidades laborales para las mujeres y <head>apoyo </head>
            <argument argument="arg1" function="cn" thematicrole="pat" type="sp">a las personas con discapacidades</argument>
          </argset>. </example>
        <example file="CESS-CAST-P/65_20000602.tbf.xml" nodepath="13.4.1.1.0.0" sentencenodepath="13">Los servicios de protección civil acogieron a las angustiadas familias de los rehenes en un centro cultural situado en las inmediaciones para darles <argset><head>apoyo </head><reference_modifiers>psicológico</reference_modifiers></argset>. </example>
        <example file="CESS-CAST-P/74_20000903.tbf.xml" nodepath="11.2.1.2.1.1.0" sentencenodepath="11">Flores recordó el agradecimiento que Ø hizo a los aficionados por <argset><specifier>el</specifier><head>apoyo </head><reference_modifiers>decisivo</reference_modifiers><reference_modifiers>que protagonizaron en la consecución del título de Copa</reference_modifiers></argset>. </example>
        <example file="CESS-CAST-P/85_20020501.tbf.xml" nodepath="22.5.1.0.1.6.1.1.2.3.2.0.2.1" sentencenodepath="22">En 1987 Ø se instaló con una beca Fulbright en Nueva_York , donde además_de conocer revistas de distinto pelaje Ø se casó con la puertorriqueña Marel_Malaret , con la que Ø ha tenido dos hijos , Amalia , de 8 años , y Mario , de 3 , y que ha sido <argset>cómplice e <reference_modifiers>infatigable</reference_modifiers>
            <head>apoyo </head>
          </argset>. </example>
        <example file="CESS-CAST-P/93_20000701.tbf.xml" nodepath="0.3.1.1.0" sentencenodepath="0">El consejero de Comercio del Gobierno Vasco , Josu_Jon_Imaz , explicó ayer que <argset><specifier>el</specifier><head>apoyo </head><argument argument="arg0" function="cn" thematicrole="agt" type="sp">del PNV</argument><argument argument="argM" function="cn" thematicrole="loc" type="sp">en el Congreso_de_los_Diputados</argument><argument argument="arg1" function="cn" thematicrole="pat" type="sp">a las medidas liberalizadoras de los horarios comerciales</argument></argset>se debió a " una confusión de procedimiento " , al haberse sometido a votación " varios decretos en un mismo paquete " . </example>
        <example file="CESS-CAST-P/93_20000701.tbf.xml" nodepath="4.0.4.1.2.1.2.2.1.1.0" sentencenodepath="4">" Al votarse varios decretos en un mismo paquete , Ø dio_lugar a que hubiese un voto favorable que pudo ser interpretado como <argset><specifier>el</specifier><head>apoyo </head><argument argument="arg1" function="cn" thematicrole="pat" type="sp">al decreto</argument></argset>" , dijo Imaz . </example>
      </examples>
    </frame>
  </sense>
  <sense cousin="no" denotation="event" id="2" lexicalized="no" originlemma="apoyar" originlink="verb.apoyar.1" wordnetsynset="16:00786193">
    <frame appearsinplural="no" type="default">
      <argument argument="arg0" thematicrole="agt">
        <constituent frequency="1" preposition="de" type="sp"/>
      </argument>
      <argument argument="arg1" thematicrole="pat">
        <constituent frequency="2" preposition="a" type="sp"/>
        <constituent frequency="1" preposition="de" type="sp"/>
      </argument>
      <specifiers>
        <constituent frequency="2" postype="article" type="determiner"/>
        <constituent frequency="2" type="void"/>
      </specifiers>
      <examples>
        <example file="CESS-CAST-A/10150_20001114.tbf.xml" nodepath="3.2.0.1.0" sentencenodepath="3">La_Declaración_de_Guadalajara destaca <argset><specifier>el</specifier><head>apoyo </head><argument argument="arg1" function="cn" thematicrole="pat" type="sp">a los procesos de integración , regional y subregional ,</argument></argset>y la intensificación de la cooperación iberoamericana . </example>
        <example file="CESS-CAST-A/14013_20000120.tbf.xml" nodepath="9.3.1.1.1.1.1.2.1.3.1.0.0" sentencenodepath="9">Al_término_de la reunión , el fiscal general recibió el apoyo de los legisladores que admitieron que si se acudió al <argset><head>apoyo </head><argument argument="arg1" function="cn" thematicrole="pat" type="sp">del FBI</argument></argset>fue porque México no cuenta con los avances en medicina forense y otras áreas en las que especialistas estadounidenses respaldaron las tareas durante las excavaciones . </example>
        <example file="CESS-CAST-AA/24052_20000229.tbf.xml" nodepath="3.7.4.7.2.3.1.1.0" sentencenodepath="3">En opinión del técnico albiazul , el jugar el encuentro de vuelta en Pamplona " es siempre una ventaja para pasar a la siguiente ronda de la Recopa " , si_bien Ø puntualizó que para acceder a la final " habrá que hacer también un buen partido en Eslovenia , para luego poder rematar en nuestra cancha con <argset><specifier>el</specifier><head>apoyo </head><argument argument="arg0" function="cn" thematicrole="agt" type="sp">de la afición</argument></argset>" . </example>
        <example file="CESS-CAST-P/56_20000402.tbf.xml" nodepath="0.0.1.1.1.0.1.2.0.1.1.0.0" sentencenodepath="0">Una veintena de jóvenes que proferían consignas de <argset><head>apoyo </head><argument argument="arg1" function="cn" thematicrole="pat" type="sp">a los presos etarras</argument></argset>protagonizó durante la mañana de ayer un acto de intimidación contra los trabajadores del diario El_Correo , en Bilbao , a los que Ø sacaron fotos cuando Ø accedían a las instalaciones situadas en la calle Pintor_Losada del barrio bilbaíno de Santutxu . </example>
      </examples>
    </frame>
  </sense>
  <sense cousin="no" denotation="underspecified" id="3" lexicalized="no" originlemma="apoyar" originlink="verb.apoyar.1" wordnetsynset="16:00788240">
    <frame appearsinplural="no" type="default">
      <argument argument="arg0" thematicrole="agt">
        <constituent frequency="3" postype="possessive" type="determiner"/>
      </argument>
      <argument argument="arg1" thematicrole="pat">
        <constituent frequency="7" preposition="a" type="sp"/>
        <constituent frequency="2" preposition="de" type="sp"/>
        <constituent frequency="2" type="sp"/>
      </argument>
      <specifiers>
        <constituent frequency="7" type="void"/>
        <constituent frequency="1" postype="article" type="determiner"/>
        <constituent frequency="1" postype="indefinite" type="determiner"/>
        <constituent frequency="3" postype="possessive" type="determiner"/>
      </specifiers>
      <reference_modifiers>
        <constituent frequency="2" type="s.a"/>
      </reference_modifiers>
      <examples>
        <example file="3LB-CAST/2000060111_5-2.tbf.xml" nodepath="1.3.1.1.2.2.1.1" sentencenodepath="1">Solicitada al Congreso por el propio jefe del Estado , el recurso de la amnistía ha sido exigida por todos los frentes sociales que han anunciado <argset><argument argument="arg0" thematicrole="agt" type="spec">su</argument><reference_modifiers>incondicional</reference_modifiers><head>apoyo </head><argument argument="arg1" function="cn" thematicrole="pat" type="sp">a los militares rebeldes</argument></argset>. </example>
        <example file="3LB-CAST/r2-0.tbf.xml" nodepath="2.3.1.0" sentencenodepath="2">Durante los dos días siguientes , numerosos diputados habían manifestado <argset><argument argument="arg0" thematicrole="agt" type="spec">su</argument><head>apoyo </head></argset>a Pilar porque al_fin_y_al_cabo muchos políticos con poltrona en el Congreso participan en tertulias . </example>
        <example file="CESS-CAST-A/10242_20000816.tbf.xml" nodepath="3.3.1.1.2.1.1.2.1.0.0" sentencenodepath="3">" Ø Sé que el espíritu de mi padre vive y Ø os lo agradezco " , dijo Caroline_Kennedy en su primera aparición en una convención demócrata en <argset><head>apoyo </head><argument argument="arg1" function="cn" thematicrole="pat" type="sp">del candidato del partido al que tradicionalmente pertenece su familia</argument></argset>. </example>
        <example file="CESS-CAST-A/13108_20000120.tbf.xml" nodepath="0.4.1.0.0" sentencenodepath="0">El Banco_Interamericano_de_Desarrollo ( BID ) prestará a Perú 120 millones de dólares como <argset><head>apoyo </head><argument argument="arg1" function="cn" thematicrole="pat" type="sp">a un programa de mejora de la calidad y cobertura de la educación secundaria en el país andino</argument></argset>. </example>
        <example file="CESS-CAST-A/18375_20000922.tbf.xml" nodepath="5.1.1.1.3.5.1.2.1.0.0" sentencenodepath="5">Así , a las 15.25 hora local ( 13.25 GMT ) , cuando ya se había anunciado la intervención concertada en <argset><head>apoyo </head><argument argument="arg1" function="cn" thematicrole="pat" type="sp">del euro</argument></argset>del Banco_Central_Europeo ( BCE ) , de la Reserva_Federal_Estadounidense y del Banco_Central_de_Japón , el CAC-40 se situaba en 6.145 puntos , un 1,75_por_ciento por_debajo_del cierre de ayer , jueves . </example>
        <example file="CESS-CAST-AA/20450_20000325.tbf.xml" nodepath="4.3.1.0.1.1.1.2.0.3.0.1.1.2.1.1.1.1.0.0" sentencenodepath="4">Poco después_de estas declaraciones , Aznar escapó al impacto de un huevo relleno de tinta roja que le lanzó Aitor_Lazkano_Murua , joven activista de los grupos de <argset><head>apoyo </head><argument argument="arg1" function="cn" thematicrole="pat" type="sp">a los presos de ETA</argument></argset>, y que se estrelló contra la pared . </example>
        <example file="CESS-CAST-AA/21609_20001127.tbf.xml" nodepath="8.3.1.0" sentencenodepath="8">Por esa razón , el Libro_Verde propondrá <argset><specifier>el</specifier><head>apoyo </head><argument argument="arg1" function="cn" thematicrole="pat" type="sp">a la investigación sobre el almacenamiento de residuos procedentes de la explotación de la energía nuclear y la gestión de los combustibles empleados</argument></argset>. </example>
        <example file="CESS-CAST-AA/21717_20000327.tbf.xml" nodepath="1.2.1.1.1.1.0.0" sentencenodepath="1">Esta decisión , que suscitó la semana pasada una gran polémica en San_Sebastián , contrastaba con la política de <argset><head>apoyo </head><argument argument="arg1" function="cn" thematicrole="pat" type="sp">al equipo</argument></argset>impulsada por la directiva guipuzcoana , que en los últimos partidos jugados por la Real en casa había permitido a los socios hacerse con dos entradas adicionales a un precio de mil pesetas y llenar el estadio de Anoeta . </example>
        <example file="CESS-CAST-AA/5327_20000707.tbf.xml" nodepath="6.0.4.1.1.2.1.1.1.1.1.1" sentencenodepath="6">" Ø Vemos esta conferencia como un paso clave en la organización de <argset><specifier>un</specifier><reference_modifiers>amplio</reference_modifiers><head>apoyo </head><argument argument="arg1" function="cn" thematicrole="pat" type="sp">al presidente de Colombia , Andrés_Pastrana y a los colombianos</argument></argset>" , dijo Boucher . </example>
        <example file="CESS-CAST-P/10_20010402_b.tbf.xml" nodepath="3.2.0.1.1.1.1.2.1.0.3.1.0.0" sentencenodepath="3">España es uno de los países con menor número de servicios de apoyo a la familia y con menor gasto social de <argset><head>apoyo </head><argument argument="arg1" function="cn" thematicrole="pat" type="sp">a tal institución</argument></argset>. </example>
        <example file="CESS-CAST-P/24_19990401.tbf.xml" nodepath="1.2.1.3.2.0.1.1.0.0.2.0" sentencenodepath="1">Las fuerzas especiales son una unidad militar de élite que realiza misiones de <argset>reconocimiento y <head>apoyo </head>
            <argument argument="arg1" function="cn" thematicrole="pat" type="sp">al Ejército y a las fuerzas paramilitares que operan en Kosovo</argument>
          </argset>. </example>
        <example file="CESS-CAST-P/49_20001202.tbf.xml" nodepath="0.3.1.0.1.1.1.0" sentencenodepath="0">Los populares añadieron ayer al precio de <argset><argument argument="arg0" thematicrole="agt" type="spec">su</argument><head>apoyo </head><argument argument="arg1" function="cn" thematicrole="pat" type="sp">al Presupuesto</argument></argset>la creación de un fondo de 1.000 millones de pesetas para desarrollar un plan de modernización y apoyo al pequeño y mediano comercio , especialmente el urbano . </example>
      </examples>
    </frame>
  </sense>
  <sense cousin="no" denotation="result" id="4" lexicalized="no" originlemma="apoyar" originlink="verb.apoyar.3" wordnetsynset="16:00788240">
    <frame appearsinplural="no" type="default">
      <argument argument="arg1" thematicrole="pat">
        <constituent frequency="1" preposition="a" type="sp"/>
      </argument>
      <specifiers>
        <constituent frequency="1" type="void"/>
      </specifiers>
      <examples>
        <example file="CESS-CAST-P/49_20001202.tbf.xml" nodepath="0.4.1.1.1.1.2.1.1.1.1.1.0.2.0" sentencenodepath="0">Los populares añadieron ayer al precio de su apoyo al Presupuesto la creación de un fondo de 1.000 millones de pesetas para desarrollar un plan de <argset>modernización y <head>apoyo </head>
            <argument argument="arg1" function="cn" thematicrole="pat" type="sp">al pequeño y mediano comercio , especialmente el urbano</argument>
          </argset>. </example>
      </examples>
    </frame>
  </sense>
</lexentry>
