<?xml version="1.0" encoding="UTF-8" standalone="no"?>
<!-- 

  ancoralex-2.0.3
       
			Copyright (C) 2007,2008,2009,2010,2011 CLiC - UB
			Centre de Llenguatge i Computació - Universitat de Barcelona
 
  This file is part of ancoralex-2.0.3.
 
  ancoralex-2.0.3 is free software and data: you can redistribute it and/or modify
  it under the terms of the GNU General Public License as published
  by the Free Software Foundation, either version 3 of the License,
  or (at your option) any later version.

  ancoralex-2.0.3 is distributed in the hope that it will be useful,
  but WITHOUT ANY WARRANTY; without even the implied warranty of
  MERCHANTABILITY or FITNESS FOR A PARTICULAR PURPOSE.  See the
  GNU General Public License for more details.
 
  You should have received a copy of the GNU General Public License
  along with ancoralex-2.0.3.  If not, see &lt;http://www.gnu.org/licenses/&gt;.
 
  Check a text in catalan explaining the terms of the license at http://www.softcatala.cat/wiki/GPL3.
  In spanish at http://www.viti.es/gnu/licenses/gpl.html
  
  The following paper must be cited when using verb lexicon: 

 * Aparicio, Juan, Mariona Taulé, M.Antònia Martí (2008) 'AnCora-Verb: A Lexical Resource for 
   the Semantic Annotation of Corpora'. Proceedings of 6th International Conference on Language 
   Resources and Evaluation. Marrakesh (Morocco).

  The following paper must be cited when using noun lexicon: 

 * Peris, Aina, Mariona Taulé (2011). AnCora-Nom: A Spanish lexicon of deverbal nominalizations. 
   Procesamiento del Lenguaje Natural, nº46, pp. 11-18.
 
 

 

-->

<lexentry lemma="aprendizaje" lng="es" origin="deverbal" type="noun">
  <sense cousin="no" denotation="result" id="1" lexicalized="no" originlemma="aprender" originlink="verb.aprender.1" wordnetsynset="16:04438179">
    <frame appearsinplural="no" type="default">
      <specifiers>
        <constituent frequency="2" type="void"/>
        <constituent frequency="1" postype="demonstrative" type="determiner"/>
      </specifiers>
      <reference_modifiers>
        <constituent frequency="1" type="s.a"/>
      </reference_modifiers>
      <examples>
        <example file="3LB-CAST/dc1-0.tbf.xml" nodepath="4.2.1.0.3.0.0" sentencenodepath="4">Esto es lo que se llama <argset><head>aprendizaje </head><reference_modifiers>hebbiano</reference_modifiers></argset>. </example>
        <example file="CESS-CAST-A/11099_20000915.tbf.xml" nodepath="8.0.2.4.1.1.1.0" sentencenodepath="8">Yushiro_Yagi , presidente del Comité_Olímpico_Japonés ( JOC ) , aclaró que pese_a_que su país ya ha sido escenario de Juegos_Olímpicos Ø confía en que <argset><specifier>ese</specifier><head>aprendizaje </head></argset>les sirva para albergar otros con garantías y Ø añadió que " la candidatura de Osaka es muy sólida y Ø dispone de todo lo necesario " . </example>
        <example file="CESS-CAST-P/4_20020601_c.tbf.xml" nodepath="11.2.1.0.1.1.1.1.0.0" sentencenodepath="11">La solución adecuada es la de los cursos de <argset><head>aprendizaje </head></argset>. </example>
      </examples>
    </frame>
  </sense>
</lexentry>
