<?xml version="1.0" encoding="UTF-8" standalone="no"?>
<!-- 

  ancoralex-2.0.3
       
			Copyright (C) 2007,2008,2009,2010,2011 CLiC - UB
			Centre de Llenguatge i Computació - Universitat de Barcelona
 
  This file is part of ancoralex-2.0.3.
 
  ancoralex-2.0.3 is free software and data: you can redistribute it and/or modify
  it under the terms of the GNU General Public License as published
  by the Free Software Foundation, either version 3 of the License,
  or (at your option) any later version.

  ancoralex-2.0.3 is distributed in the hope that it will be useful,
  but WITHOUT ANY WARRANTY; without even the implied warranty of
  MERCHANTABILITY or FITNESS FOR A PARTICULAR PURPOSE.  See the
  GNU General Public License for more details.
 
  You should have received a copy of the GNU General Public License
  along with ancoralex-2.0.3.  If not, see &lt;http://www.gnu.org/licenses/&gt;.
 
  Check a text in catalan explaining the terms of the license at http://www.softcatala.cat/wiki/GPL3.
  In spanish at http://www.viti.es/gnu/licenses/gpl.html
  
  The following paper must be cited when using verb lexicon: 

 * Aparicio, Juan, Mariona Taulé, M.Antònia Martí (2008) 'AnCora-Verb: A Lexical Resource for 
   the Semantic Annotation of Corpora'. Proceedings of 6th International Conference on Language 
   Resources and Evaluation. Marrakesh (Morocco).

  The following paper must be cited when using noun lexicon: 

 * Peris, Aina, Mariona Taulé (2011). AnCora-Nom: A Spanish lexicon of deverbal nominalizations. 
   Procesamiento del Lenguaje Natural, nº46, pp. 11-18.
 
 

 

-->

<lexentry lemma="apreciación" lng="es" origin="deverbal" type="noun">
  <sense cousin="no" denotation="result" id="1" lexicalized="no" originlemma="apreciar" originlink="verb.apreciar.2" wordnetsynset="16:04435866">
    <frame appearsinplural="yes" type="default">
      <specifiers>
        <constituent frequency="1" postype="article" type="determiner"/>
      </specifiers>
      <examples>
        <example file="CESS-CAST-P/44_20000902.tbf.xml" nodepath="4.0.1.0.4.1.0.1.1.1.0" sentencenodepath="4">El plan que el ministro Jaume_Matas presentará la semana que viene - - hasta entonces conviene ser prudentes en <argset><specifier>las</specifier><head>apreciaciones </head></argset>- - puede ser más_o_menos correcto , justo y necesario , pero en ningún caso Ø puede contener elementos de confrontación entre comunidades . </example>
      </examples>
    </frame>
  </sense>
  <sense cousin="no" denotation="event" id="2" lexicalized="no" originlemma="apreciar" originlink="verb.apreciar.2" wordnetsynset="16:cs1+16:04474097">
    <frame appearsinplural="no" type="default">
      <argument argument="arg1" thematicrole="pat">
        <constituent frequency="1" postype="possessive" type="determiner"/>
        <constituent frequency="1" preposition="de" type="sp"/>
      </argument>
      <specifiers>
        <constituent frequency="1" postype="article" type="determiner"/>
        <constituent frequency="1" postype="possessive" type="determiner"/>
      </specifiers>
      <examples>
        <example file="3LB-CAST/204_c-6.tbf.xml" nodepath="6.4.1.1.1.0.1.2.2.1.1.0" sentencenodepath="6">Aún_así , cada vez son más los agentes de divisas que creen que lo peor para la divisa europea ya ha pasado y que <argset><argument argument="arg1" thematicrole="pat" type="spec">su</argument><head>apreciación </head></argset>puede continuar , aunque con algunos retrocesos provisionales . </example>
        <example file="CESS-CAST-P/110_20000401.tbf.xml" nodepath="12.3.2.1.1.0" sentencenodepath="12">El descenso de los precios se debió a la debilidad del consumo interno , que aún se resiente de la crisis económica , y a <argset><specifier>la</specifier><head>apreciación </head><argument argument="arg1" function="cn" thematicrole="pat" type="sp">del yen</argument></argset>. </example>
      </examples>
    </frame>
  </sense>
</lexentry>
