<?xml version="1.0" encoding="UTF-8" standalone="no"?>
<!-- 

  ancoralex-2.0.3
       
			Copyright (C) 2007,2008,2009,2010,2011 CLiC - UB
			Centre de Llenguatge i Computació - Universitat de Barcelona
 
  This file is part of ancoralex-2.0.3.
 
  ancoralex-2.0.3 is free software and data: you can redistribute it and/or modify
  it under the terms of the GNU General Public License as published
  by the Free Software Foundation, either version 3 of the License,
  or (at your option) any later version.

  ancoralex-2.0.3 is distributed in the hope that it will be useful,
  but WITHOUT ANY WARRANTY; without even the implied warranty of
  MERCHANTABILITY or FITNESS FOR A PARTICULAR PURPOSE.  See the
  GNU General Public License for more details.
 
  You should have received a copy of the GNU General Public License
  along with ancoralex-2.0.3.  If not, see &lt;http://www.gnu.org/licenses/&gt;.
 
  Check a text in catalan explaining the terms of the license at http://www.softcatala.cat/wiki/GPL3.
  In spanish at http://www.viti.es/gnu/licenses/gpl.html
  
  The following paper must be cited when using verb lexicon: 

 * Aparicio, Juan, Mariona Taulé, M.Antònia Martí (2008) 'AnCora-Verb: A Lexical Resource for 
   the Semantic Annotation of Corpora'. Proceedings of 6th International Conference on Language 
   Resources and Evaluation. Marrakesh (Morocco).

  The following paper must be cited when using noun lexicon: 

 * Peris, Aina, Mariona Taulé (2011). AnCora-Nom: A Spanish lexicon of deverbal nominalizations. 
   Procesamiento del Lenguaje Natural, nº46, pp. 11-18.
 
 

 

-->

<lexentry lemma="aproximación" lng="es" origin="deverbal" type="noun">
  <sense cousin="no" denotation="result" id="1" lexicalized="no" originlemma="aproximar" originlink="verb.aproximar.1" wordnetsynset="16:00181376">
    <frame appearsinplural="no" type="default">
      <argument argument="arg2" thematicrole="loc">
        <constituent frequency="1" type="sp"/>
      </argument>
      <specifiers>
        <constituent frequency="3" type="void"/>
        <constituent frequency="1" postype="indefinite" type="determiner"/>
      </specifiers>
      <examples>
        <example file="3LB-CAST/e3-0.tbf.xml" nodepath="5.1.0.1.4.0.0" sentencenodepath="5">Precisamente esto que al bien sin mezcla no cabe <argset><head>aproximación </head></argset>, es lo que indica la expresión o perfeccionamiento sin crecimiento de lo positivo , , . </example>
        <example file="CESS-CAST-A/11714_20000314.tbf.xml" nodepath="5.3.1.3.1.1.2.0.1.1.0" sentencenodepath="5">A juicio de Alberto_Fernández , el " debate real " en Cataluña está en si CiU afronta la legislatura " predeterminada por <argset><specifier>una</specifier><head>aproximación </head><argument argument="arg2" function="cn" thematicrole="loc" type="sp">a ERC y a planteamientos independentistas</argument></argset>o_bien por los planteamientos de un PP que están construidos desde la moderación " . </example>
        <example file="CESS-CAST-A/17278_20000321.tbf.xml" nodepath="3.6.1.1.0.3.2.2.2.1.0.0" sentencenodepath="3">Para el presidente del Principado , " es evidente " que el PSOE no llega a nuevos sectores de la población por lo que , en su opinión , debe hacerse " un gran esfuerzo de cambio , de <argset><head>aproximación </head></argset>, de mensajes claros y de valores que permitan que ese mensaje sea asumido por los nuevos componentes de una sociedad española que ha cambiado mucho en estos años " . </example>
        <example file="CESS-CAST-P/18_19981102.tbf.xml" nodepath="4.2.2.1.1.1.1.1.1.0.0" sentencenodepath="4">Es cierto que en Roma todavía existe una oficina para los contactos - - diálogo ha sido siempre la palabra para este ejercicio inútil - - entre la Iglesia católica y la anglicana , pero ambas parecen empeñadas en hacer fracasar los esfuerzos de <argset><head>aproximación </head></argset>. </example>
      </examples>
    </frame>
  </sense>
</lexentry>
