<?xml version="1.0" encoding="UTF-8" standalone="no"?>
<!-- 

  ancoralex-2.0.3
       
			Copyright (C) 2007,2008,2009,2010,2011 CLiC - UB
			Centre de Llenguatge i Computació - Universitat de Barcelona
 
  This file is part of ancoralex-2.0.3.
 
  ancoralex-2.0.3 is free software and data: you can redistribute it and/or modify
  it under the terms of the GNU General Public License as published
  by the Free Software Foundation, either version 3 of the License,
  or (at your option) any later version.

  ancoralex-2.0.3 is distributed in the hope that it will be useful,
  but WITHOUT ANY WARRANTY; without even the implied warranty of
  MERCHANTABILITY or FITNESS FOR A PARTICULAR PURPOSE.  See the
  GNU General Public License for more details.
 
  You should have received a copy of the GNU General Public License
  along with ancoralex-2.0.3.  If not, see &lt;http://www.gnu.org/licenses/&gt;.
 
  Check a text in catalan explaining the terms of the license at http://www.softcatala.cat/wiki/GPL3.
  In spanish at http://www.viti.es/gnu/licenses/gpl.html
  
  The following paper must be cited when using verb lexicon: 

 * Aparicio, Juan, Mariona Taulé, M.Antònia Martí (2008) 'AnCora-Verb: A Lexical Resource for 
   the Semantic Annotation of Corpora'. Proceedings of 6th International Conference on Language 
   Resources and Evaluation. Marrakesh (Morocco).

  The following paper must be cited when using noun lexicon: 

 * Peris, Aina, Mariona Taulé (2011). AnCora-Nom: A Spanish lexicon of deverbal nominalizations. 
   Procesamiento del Lenguaje Natural, nº46, pp. 11-18.
 
 

 

-->

<lexentry lemma="arranque" lng="es" origin="deverbal" type="noun">
  <sense cousin="no" denotation="result" id="1" lexicalized="no" originlemma="arrancar" originlink="verb.arrancar.1" wordnetsynset="16:cs1">
    <frame appearsinplural="no" type="default">
      <argument argument="arg1" thematicrole="pat">
        <constituent frequency="1" type="s.a"/>
      </argument>
      <specifiers>
        <constituent frequency="1" type="void"/>
      </specifiers>
      <examples>
        <example file="3LB-CAST/dc10-9.tbf.xml" nodepath="8.0.2.1.1.1.0.0" sentencenodepath="8">La oposición de los críticos y el invento del <argset><head>arranque </head><argument argument="arg1" function="cn" thematicrole="pat" type="s.a">eléctrico</argument></argset>arrumbaron definitivamente su notable idea . </example>
      </examples>
    </frame>
  </sense>
  <sense cousin="no" denotation="result" id="2" lexicalized="no" originlemma="arrancar" originlink="verb.arrancar.3" wordnetsynset="16:00362034+16:cs1">
    <frame appearsinplural="no" type="default">
      <argument argument="arg1" thematicrole="tem">
        <constituent frequency="2" preposition="de" type="sp"/>
      </argument>
      <specifiers>
        <constituent frequency="1" postype="indefinite" type="determiner"/>
        <constituent frequency="1" type="void"/>
      </specifiers>
      <examples>
        <example file="CESS-CAST-A/15801_20000123.tbf.xml" nodepath="16.0.5.1.1.0" sentencenodepath="16">Tras perder este set , Philippoussis destrozó su raqueta contra el suelo en <argset><specifier>un</specifier><head>arranque </head><argument argument="arg1" function="cn" thematicrole="tem" type="sp">de ira incontrolada</argument></argset>, pero el australiano logró calmarse poco después y con saques a 216 kilómetros por hora Ø se hizo con el tercer set . </example>
        <example file="CESS-CAST-A/17070_20000321.tbf.xml" nodepath="7.2.4.1.1.1.1.1.3.1.0.0.2.1.0.0" sentencenodepath="7">El equipo de Venezuela llegará este martes a la capital mexicana y enseguida Ø viajará a Villahermosa para alistarse para el amistoso , que será el último del técnico argentino Omar_Pastoriza antes_del <argset><head>arranque </head><argument argument="arg1" function="cn" thematicrole="tem" type="sp">de la eliminatoria mundialista de Suramérica</argument></argset>. </example>
      </examples>
    </frame>
  </sense>
</lexentry>
