<?xml version="1.0" encoding="UTF-8" standalone="no"?>
<!-- 

  ancoralex-2.0.3
       
			Copyright (C) 2007,2008,2009,2010,2011 CLiC - UB
			Centre de Llenguatge i Computació - Universitat de Barcelona
 
  This file is part of ancoralex-2.0.3.
 
  ancoralex-2.0.3 is free software and data: you can redistribute it and/or modify
  it under the terms of the GNU General Public License as published
  by the Free Software Foundation, either version 3 of the License,
  or (at your option) any later version.

  ancoralex-2.0.3 is distributed in the hope that it will be useful,
  but WITHOUT ANY WARRANTY; without even the implied warranty of
  MERCHANTABILITY or FITNESS FOR A PARTICULAR PURPOSE.  See the
  GNU General Public License for more details.
 
  You should have received a copy of the GNU General Public License
  along with ancoralex-2.0.3.  If not, see &lt;http://www.gnu.org/licenses/&gt;.
 
  Check a text in catalan explaining the terms of the license at http://www.softcatala.cat/wiki/GPL3.
  In spanish at http://www.viti.es/gnu/licenses/gpl.html
  
  The following paper must be cited when using verb lexicon: 

 * Aparicio, Juan, Mariona Taulé, M.Antònia Martí (2008) 'AnCora-Verb: A Lexical Resource for 
   the Semantic Annotation of Corpora'. Proceedings of 6th International Conference on Language 
   Resources and Evaluation. Marrakesh (Morocco).

  The following paper must be cited when using noun lexicon: 

 * Peris, Aina, Mariona Taulé (2011). AnCora-Nom: A Spanish lexicon of deverbal nominalizations. 
   Procesamiento del Lenguaje Natural, nº46, pp. 11-18.
 
 

 

-->

<lexentry lemma="arrepentimiento" lng="es" origin="deverbal" type="noun">
  <sense cousin="no" denotation="result" id="1" lexicalized="no" originlemma="arrepentirse" originlink="verb.arrepentirse.1" wordnetsynset="16:05602852">
    <frame appearsinplural="no" type="default">
      <argument argument="arg0" thematicrole="agt">
        <constituent frequency="2" preposition="de" type="sp"/>
      </argument>
      <specifiers>
        <constituent frequency="2" postype="article" type="determiner"/>
        <constituent frequency="1" type="void"/>
      </specifiers>
      <reference_modifiers>
        <constituent frequency="1" type="s.a"/>
      </reference_modifiers>
      <examples>
        <example file="CESS-CAST-P/47_20000102.tbf.xml" nodepath="0.0.1.0" sentencenodepath="0"><argset><specifier>El</specifier><head>arrepentimiento </head><argument argument="arg0" function="cn" thematicrole="agt" type="sp">del dirigente</argument></argset>conmovió a los ciudadanos . </example>
        <example file="CESS-CAST-P/63_20010901.tbf.xml" nodepath="5.0.1.1" sentencenodepath="5"><argset><specifier>El</specifier><reference_modifiers>repentino</reference_modifiers><head>arrepentimiento </head><argument argument="arg0" function="cn" thematicrole="agt" type="sp">de la madre biológica</argument></argset>condujo a su detención y a la de otras tres personas . </example>
        <example file="CESS-CAST-P/69_20000701.tbf.xml" nodepath="7.2.0.0" sentencenodepath="7">Mujer hubiera mostrado <argset><head>arrepentimiento </head></argset>. </example>
      </examples>
    </frame>
  </sense>
</lexentry>
