<?xml version="1.0" encoding="UTF-8" standalone="no"?>
<!-- 

  ancoralex-2.0.3
       
			Copyright (C) 2007,2008,2009,2010,2011 CLiC - UB
			Centre de Llenguatge i Computació - Universitat de Barcelona
 
  This file is part of ancoralex-2.0.3.
 
  ancoralex-2.0.3 is free software and data: you can redistribute it and/or modify
  it under the terms of the GNU General Public License as published
  by the Free Software Foundation, either version 3 of the License,
  or (at your option) any later version.

  ancoralex-2.0.3 is distributed in the hope that it will be useful,
  but WITHOUT ANY WARRANTY; without even the implied warranty of
  MERCHANTABILITY or FITNESS FOR A PARTICULAR PURPOSE.  See the
  GNU General Public License for more details.
 
  You should have received a copy of the GNU General Public License
  along with ancoralex-2.0.3.  If not, see &lt;http://www.gnu.org/licenses/&gt;.
 
  Check a text in catalan explaining the terms of the license at http://www.softcatala.cat/wiki/GPL3.
  In spanish at http://www.viti.es/gnu/licenses/gpl.html
  
  The following paper must be cited when using verb lexicon: 

 * Aparicio, Juan, Mariona Taulé, M.Antònia Martí (2008) 'AnCora-Verb: A Lexical Resource for 
   the Semantic Annotation of Corpora'. Proceedings of 6th International Conference on Language 
   Resources and Evaluation. Marrakesh (Morocco).

  The following paper must be cited when using noun lexicon: 

 * Peris, Aina, Mariona Taulé (2011). AnCora-Nom: A Spanish lexicon of deverbal nominalizations. 
   Procesamiento del Lenguaje Natural, nº46, pp. 11-18.
 
 

 

-->

<lexentry lemma="arresto" lng="es" origin="deverbal" type="noun">
  <sense cousin="no" denotation="result" id="1" lexicalized="no" originlemma="arrestar" originlink="verb.arrestar.1" wordnetsynset="16:00054269+16:cs1">
    <frame appearsinplural="yes" type="default">
      <argument argument="arg1" foundincorporated="yes" thematicrole="pat"/>
      <argument argument="argM" thematicrole="tmp">
        <constituent frequency="1" type="sadv"/>
      </argument>
      <argument argument="argM" thematicrole="loc">
        <constituent frequency="3" type="s.a"/>
      </argument>
      <specifiers>
        <constituent frequency="3" postype="article" type="determiner"/>
        <constituent frequency="4" type="void"/>
      </specifiers>
      <examples>
        <example file="CESS-CAST-A/12863_20001116.tbf.xml" nodepath="7.0.4.2.1.0" sentencenodepath="7">El pasado 6_de_noviembre , el gobierno de Estados_Unidos felicitó al de Costa_Rica , por <argset><specifier>el</specifier><head>arresto </head><argument argument="argM" function="cn" thematicrole="tmp" type="sadv">cinco días antes de la presunta traficante de personas Gloria_Niño_Canales , quien afronta cargos de corrupción y falsificación de documentos</argument></argset>, agrega Ø . </example>
        <example file="CESS-CAST-P/32_19990501.tbf.xml" nodepath="10.2.0.1.3.4.0.1.0.1.1.0.0" sentencenodepath="10">" Milosevic está cambiando constantemente de generales " , señaló Shea , quien señaló que en la actualidad hay nueve exgenerales yugoslavos en situación de <argset><head>arresto </head><argument argument="argM" function="cn" thematicrole="loc" type="s.a">domiciliario</argument></argset>o bajo control de movimientos . </example>
        <example file="CESS-CAST-P/32_19991101.tbf.xml" nodepath="43.4.4.1.0.0" sentencenodepath="43">De_hecho , éste es el único dosier que le queda pendiente , ya_que Abdesalam_Yasín , el líder del grupo , sigue en <argset><head>arresto </head><argument argument="argM" function="cn" thematicrole="loc" type="s.a">domiciliario</argument></argset>. </example>
        <example file="CESS-CAST-P/33_20010202.tbf.xml" nodepath="0.3.3.1.3.3.1.0" sentencenodepath="0">Lucía_Pinochet_Hiriart negó ayer que su padre vaya a abandonar la urbanización Los_Boldos , en Bucalemu , donde Ø cumple <argset><specifier>el</specifier><head>arresto </head><argument argument="argM" function="cn" thematicrole="loc" type="s.a">domiciliario</argument></argset>, para ser trasladado al Hospital_Militar_de_Santiago . </example>
        <example file="CESS-CAST-P/35_20000202_f.tbf.xml" nodepath="1.0.1.0" sentencenodepath="1"><argset><specifier>Los</specifier><head argument="arg1" thematicrole="pat">arrestos </head></argset>fueron llevados_a_cabo el lunes en la localidad de Velika_Hoca , en el suroeste de Kosovo , por la policía de Naciones_Unidas . </example>
        <example file="CESS-CAST-P/39_20010202.tbf.xml" nodepath="16.2.3.0.1.4.1.0.1.1.0.0" sentencenodepath="16">Ø Sabemos que Putin ha propuesto enmiendas que sólo permiten al juez emitir órdenes de <argset><head>arresto </head></argset>. </example>
        <example file="CESS-CAST-P/7_19991102.tbf.xml" nodepath="8.2.2.0.0" sentencenodepath="8">El leridano no ganó una sola carrera , pero Ø derrochó <argset><head argument="arg1" thematicrole="pat">arrestos </head></argset>con una máquina muy inferior a la de sus rivales . </example>
      </examples>
    </frame>
  </sense>
  <sense cousin="no" denotation="event" id="2" lexicalized="no" originlemma="arrestar" originlink="verb.arrestar.1" wordnetsynset="16:00054269">
    <frame appearsinplural="no" type="default">
      <argument argument="arg1" thematicrole="pat">
        <constituent frequency="1" preposition="de" type="sp"/>
      </argument>
      <specifiers>
        <constituent frequency="1" postype="article" type="determiner"/>
        <constituent frequency="1" type="void"/>
      </specifiers>
      <examples>
        <example file="CESS-CAST-P/30_20010401.tbf.xml" nodepath="1.2.1.1.0" sentencenodepath="1">Los dirigentes albaneses de Kosovo consideraron que <argset><specifier>el</specifier><head>arresto </head><argument argument="arg1" function="cn" thematicrole="pat" type="sp">del expresidente yugoslavo</argument></argset>es " un primer paso " hacia la democratización de Serbia , que quedará en nada si las autoridades de Belgrado no transfieren a Milosevic al tribunal internacional de La_Haya . </example>
        <example file="CESS-CAST-P/30_20010401.tbf.xml" nodepath="3.3.1.2.1.0.0.0" sentencenodepath="3">El primer ministro macedonio , Ljubco_Georgievski , reprobó a EEUU por condicionar su ayuda a Serbia al <argset><head>arresto </head></argset>y la extradición del ex mandatario . </example>
      </examples>
    </frame>
  </sense>
</lexentry>
