<?xml version="1.0" encoding="UTF-8" standalone="no"?>
<!-- 

  ancoralex-2.0.3
       
			Copyright (C) 2007,2008,2009,2010,2011 CLiC - UB
			Centre de Llenguatge i Computació - Universitat de Barcelona
 
  This file is part of ancoralex-2.0.3.
 
  ancoralex-2.0.3 is free software and data: you can redistribute it and/or modify
  it under the terms of the GNU General Public License as published
  by the Free Software Foundation, either version 3 of the License,
  or (at your option) any later version.

  ancoralex-2.0.3 is distributed in the hope that it will be useful,
  but WITHOUT ANY WARRANTY; without even the implied warranty of
  MERCHANTABILITY or FITNESS FOR A PARTICULAR PURPOSE.  See the
  GNU General Public License for more details.
 
  You should have received a copy of the GNU General Public License
  along with ancoralex-2.0.3.  If not, see &lt;http://www.gnu.org/licenses/&gt;.
 
  Check a text in catalan explaining the terms of the license at http://www.softcatala.cat/wiki/GPL3.
  In spanish at http://www.viti.es/gnu/licenses/gpl.html
  
  The following paper must be cited when using verb lexicon: 

 * Aparicio, Juan, Mariona Taulé, M.Antònia Martí (2008) 'AnCora-Verb: A Lexical Resource for 
   the Semantic Annotation of Corpora'. Proceedings of 6th International Conference on Language 
   Resources and Evaluation. Marrakesh (Morocco).

  The following paper must be cited when using noun lexicon: 

 * Peris, Aina, Mariona Taulé (2011). AnCora-Nom: A Spanish lexicon of deverbal nominalizations. 
   Procesamiento del Lenguaje Natural, nº46, pp. 11-18.
 
 

 

-->

<lexentry lemma="asalto" lng="es" origin="deverbal" type="noun">
  <sense cousin="no" denotation="result" id="1" lexicalized="no" originlemma="asaltar" originlink="verb.asaltar.1" wordnetsynset="16:00494444+16:00625655+16:cs1">
    <frame appearsinplural="yes" type="default">
      <argument argument="arg0" thematicrole="agt">
        <constituent frequency="1" postype="possessive" type="determiner"/>
        <constituent frequency="1" type="s.a"/>
        <constituent frequency="1" preposition="a" type="sp"/>
      </argument>
      <argument argument="arg1" thematicrole="pat">
        <constituent frequency="3" preposition="a" type="sp"/>
      </argument>
      <argument argument="argM" thematicrole="adv">
        <constituent frequency="1" preposition="a" type="sp"/>
      </argument>
      <specifiers>
        <constituent frequency="7" type="void"/>
        <constituent frequency="12" postype="article" type="determiner"/>
        <constituent frequency="1" postype="z" type="determiner"/>
        <constituent frequency="1" postype="numeral" type="determiner"/>
        <constituent frequency="1" postype="indefinite" type="determiner"/>
        <constituent frequency="1" postype="possessive" type="determiner"/>
      </specifiers>
      <reference_modifiers>
        <constituent frequency="13" type="s.a"/>
        <constituent frequency="1" type="S"/>
        <constituent frequency="2" preposition="de" type="sp"/>
      </reference_modifiers>
      <examples>
        <example file="3LB-CAST/d1-6.tbf.xml" nodepath="2.2.4.1.1.1.3.1.1" sentencenodepath="2">Después , o en_medio , Ø le das un mordisco traicionero y Ø te llevas los puntos a la guarida donde Ø preparas <argset><argument argument="arg0" thematicrole="agt" type="spec">tu</argument><reference_modifiers>próximo</reference_modifiers><head>asalto </head></argset>. </example>
        <example file="CESS-CAST-A/10209_20001114.tbf.xml" nodepath="3.0.1.1.1.0.0.0" sentencenodepath="3">El número de <argset><head>asaltos </head><argument argument="arg0" function="cn" thematicrole="agt" type="s.a">piratas</argument>o secuestros </argset>se han multiplicado por 30 sólo en los últimos diez meses , el mayor registro en una década , según un informe del Departamento_Marítimo_para_la_Piratería , con sede en Kuala_Lumpur , presentado en una conferencia sobre piratería que durará dos días y que comenzó hoy en la capital malasia . </example>
        <example file="CESS-CAST-A/10872_20001214.tbf.xml" nodepath="4.0.1.1.1.1.0" sentencenodepath="4">Los doce condenados por <argset><specifier>el</specifier><head>asalto </head><argument argument="argM" function="cn" thematicrole="adv" type="sp">al cuartel de La_Tablada</argument></argset>, todos ellos miembros del ultraizquierdista Movimiento_Todos_por_la_Patria ( MTP ) , están hospitalizados a_causa_de una huelga de hambre que Ø mantienen desde hace casi 100 días para lograr que se les reconozca el derecho a apelar sus sentencias . </example>
        <example file="CESS-CAST-A/16230_20000220.tbf.xml" nodepath="0.3.1.2.1.1.0" sentencenodepath="0">El tijuanense Eric " El_Terrible " Morales superó la pelea más difícil de su carrera profesional al imponerse por decisión dividida en <argset><specifier>12</specifier><head>asaltos </head></argset>a su compatriota Marco_Antonio_Barrera en el duelo de los campeones mundiales mexicanos de los pesos supergallos . </example>
        <example file="CESS-CAST-A/16230_20000220.tbf.xml" nodepath="6.1.1.1.1.1.1.1.1.0.1" sentencenodepath="6">" Desde el inicio de la campana del <argset><reference_modifiers>primer</reference_modifiers><head>asalto </head></argset>hasta el final del combate , ambos nos entregamos por_completo en el cuadrilátero " . </example>
        <example file="CESS-CAST-A/16230_20000220.tbf.xml" nodepath="7.0.0.1.0.1.1.1.0" sentencenodepath="7">Al final de <argset><specifier>los 12</specifier><head>asaltos </head></argset>, Morales y Barrera mostraban en sus respectivos rostros los efectos de la encarnizada pelea que dejó al campeón invicto con el ojo derecho semitapado y sangrando , mientras_que Barrera tenía un corte profundo en el pómulo izquierdo . </example>
        <example file="CESS-CAST-A/16230_20000220.tbf.xml" nodepath="10.2.1.2.5.1.1.1" sentencenodepath="10">El juez Duane_Ford con una puntuación de 114-113 fue el único que vio ganador a Barrera , mientras_que Carol_Castellano favoreció 114-113 a Morales y Dalby_Shirley lo hizo con 115-112 , a_pesar_que Ø le dieron como perdedor 8-10 en <argset><specifier>el</specifier><reference_modifiers>último</reference_modifiers><head>asalto </head></argset>. </example>
        <example file="CESS-CAST-A/16230_20000220.tbf.xml" nodepath="11.2.1.1.1" sentencenodepath="11">Morales recibió en <argset><specifier>el</specifier><reference_modifiers>duodécimo</reference_modifiers><head>asalto </head></argset>la cuenta de protección después que el árbitro de la pelea , Mitch_Halpern , consideró a sólo 45 segundos del final una caída por empujón de Barrera como el efecto de una izquierda cruzada . </example>
        <example file="CESS-CAST-A/16230_20000220.tbf.xml" nodepath="15.2.1.1.1" sentencenodepath="15">La clave de la pelea , que fue un intercambio feroz de golpes desde el inicio de la campana , estuvo en <argset><specifier>el</specifier><reference_modifiers>quinto</reference_modifiers><head>asalto </head><reference_modifiers>cuando Morales colocó una serie de derechas potentes a la cabeza de Barrera que sintió el efecto y lo tuvo por casi un minuto al borde del nocaut</reference_modifiers></argset>. </example>
        <example file="CESS-CAST-A/16577_20000320.tbf.xml" nodepath="4.3.1.1.1" sentencenodepath="4">De_La_Hoya ganó por nocáut técnico en <argset><specifier>el</specifier><reference_modifiers>séptimo</reference_modifiers><head>asalto </head></argset>a Coley , en pelea disputada en el Madison_Square_Garden el pasado 26_de_febrero . </example>
        <example file="CESS-CAST-AA/3645_20000305.tbf.xml" nodepath="1.3.1.1.2.1.1.0" sentencenodepath="1">Arambulet , de 23 años , fue el mejor en la pelea pactada a <argset><specifier>doce</specifier><head>asaltos </head></argset>ante un incómodo García , para terminar imponiéndose en las tarjetas por 116-113 , 117-112 y 119-108 . </example>
        <example file="CESS-CAST-AA/3645_20000305.tbf.xml" nodepath="2.4.2.3.2.1.1.1.0.1" sentencenodepath="2">Por su parte , otro venezolano , Antonio_Cemeño , retuvo su corona interina Supergallo de la AMB , al vencer por fuera_de_combate técnico al colombiano Arcelio_Díaz , a los 44 segundos del <argset><reference_modifiers>cuarto</reference_modifiers><head>asalto </head></argset>. </example>
        <example file="CESS-CAST-AA/3645_20000305.tbf.xml" nodepath="4.7.2.2.1.1.1.1.1" sentencenodepath="4">En_tanto , en la categoría mosca , el local Gilberto_"_Tico_"_González se deshizo con facilidad del retador colombiano Wilmer_"_chicanerito_"_Jinete , tras fulminarle por fuera_de_combate técnico a los dos minutos y 24 segundos del <argset><specifier>propio</specifier><reference_modifiers>primer</reference_modifiers><head>asalto </head></argset>. </example>
        <example file="CESS-CAST-AA/3645_20000305.tbf.xml" nodepath="6.7.1.1.1.0.0" sentencenodepath="6">Mientras_tanto , en la categoría Superwelter , el venezolano Elio_"_chingo_"_Ortíz superó con facilidad al neogranadino Humberto_Herrera por fuera_de_combate técnico a los dos minutos y 32 segundos del <argset><head>asalto </head><reference_modifiers>inicial</reference_modifiers></argset>. </example>
        <example file="CESS-CAST-AA/8697_20001011.tbf.xml" nodepath="0.3.2.1.1.1.1.0.2.5.1.3.1.1.1" sentencenodepath="0">El promotor Francisco_García_Montoya , apoderado del púgil Xavi_Moya , ha pedido a la Federación_Española_de_Boxeo ( FEB ) la descalificación del púgil Amadeo_Peña por conducta antideportiva y , a_su_vez , la invalidez del combate por el título nacional del peso medio , en el que Peña retuvo la corona al vencer por K.O. técnico ( abandono ) a Moya en <argset><specifier>el</specifier><reference_modifiers>noveno</reference_modifiers><head>asalto </head></argset>. </example>
        <example file="CESS-CAST-AA/8697_20001011.tbf.xml" nodepath="1.5.1.0.1.1.2.1.1.1.0.1.1.0.1" sentencenodepath="1">Según la carta remitida por García_Montoya a Rubén_Martínez , presidente de la FEB , Amadeo_Peña golpeó con un directo de izquierda a Xavi_Moya cinco segundos después de que sonara la campana de finalización del <argset><reference_modifiers>octavo</reference_modifiers><head>asalto </head><reference_modifiers>de dicho combate</reference_modifiers></argset>. </example>
        <example file="CESS-CAST-AA/8697_20001011.tbf.xml" nodepath="3.2.4.2.0.2.1.1.1.1" sentencenodepath="3">Cuando el árbitro inició la cuenta , levantándose ya Moya , habían pasado casi 30 segundos y el púgil volvió a su rincón con menos de medio minuto para recuperarse , lo que propició que en <argset><specifier>el</specifier><reference_modifiers>noveno</reference_modifiers><head>asalto </head></argset>su preparador arrojase la toalla . </example>
        <example file="CESS-CAST-AA/9405_20000115.tbf.xml" nodepath="1.5.1.1.0" sentencenodepath="1">Las aficiones , dos de las más numerosas de Brasil , se dieron cita en el estadio Maracaná para <argset><specifier>el</specifier><head>asalto </head><reference_modifiers>final</reference_modifiers><reference_modifiers>de una lucha cargada de nervios y esperanza que libraron en Río_de_Janeiro y Sao_Paulo durante toda la semana</reference_modifiers></argset>. </example>
        <example file="CESS-CAST-P/43_19981201.tbf.xml" nodepath="3.2.1.1.1.1.1.1.0" sentencenodepath="3">La policía autonómica trabaja en la hipótesis de que <argset><specifier>el</specifier><head>asalto </head><argument argument="arg1" function="cn" thematicrole="pat" type="sp">a esta residencia de la familia Pujol</argument></argset>fue obra de delincuentes comunes . </example>
        <example file="CESS-CAST-P/65_20000602.tbf.xml" nodepath="2.0.3.1.0" sentencenodepath="2">Las fuerzas especiales de la policía lanzaron ayer por la tarde <argset><specifier>el</specifier><head>asalto </head><argument argument="arg1" function="cn" thematicrole="pat" type="sp">a la escuela infantil de Wasserbillig , en Luxemburgo ,</argument></argset>y Ø lograron liberar sanos y salvos a los 25 niños y los tres educadores que aún permanecían retenidos en el edificio . </example>
        <example file="CESS-CAST-P/65_20000602.tbf.xml" nodepath="4.0.1.1.1.0.0" sentencenodepath="4">La orden de <argset><head>asalto </head></argset>fue dada por la policía a las 19.20 horas cuando el secuestrador salió al exterior del edificio acompañado de un niño pequeño y otro de más edad , según explicó posteriormente el portavoz de la policía . </example>
        <example file="CESS-CAST-P/69_19991001.tbf.xml" nodepath="12.0.3.0.0" sentencenodepath="12">En muchas ocasiones se producen <argset><head>asaltos </head><argument argument="arg0" function="cn" thematicrole="agt" type="sp">a niños</argument></argset>, y los alumnos , añadió Mas , " ven como algo normal que Ø les paren por la calle y Ø les quiten el poco dinero que Ø llevan encima " . </example>
        <example file="CESS-CAST-P/73_20010902.tbf.xml" nodepath="12.0.1.0" sentencenodepath="12"><argset><specifier>El</specifier><head>asalto </head><argument argument="arg1" function="cn" thematicrole="pat" type="sp">a los mercados internacionales</argument></argset>obligó a realizar un cambio definitivo para el grupo . </example>
      </examples>
    </frame>
  </sense>
  <sense cousin="no" denotation="event" id="2" lexicalized="no" originlemma="asaltar" originlink="verb.asaltar.1" wordnetsynset="16:00625655">
    <frame appearsinplural="no" type="default">
      <argument argument="arg1" thematicrole="pat">
        <constituent frequency="1" preposition="de" type="sp"/>
      </argument>
      <specifiers>
        <constituent frequency="1" type="void"/>
      </specifiers>
      <examples>
        <example file="CESS-CAST-A/15595_20000920.tbf.xml" nodepath="23.1.1.0.0" sentencenodepath="23">VORONIN AL <argset><head>ASALTO </head><argument argument="arg1" function="cn" thematicrole="pat" type="sp">DE LA CORONA DE SOTOMAYOR</argument></argset>
        </example>
      </examples>
    </frame>
  </sense>
</lexentry>
