<?xml version="1.0" encoding="UTF-8" standalone="no"?>
<!-- 

  ancoralex-2.0.3
       
			Copyright (C) 2007,2008,2009,2010,2011 CLiC - UB
			Centre de Llenguatge i Computació - Universitat de Barcelona
 
  This file is part of ancoralex-2.0.3.
 
  ancoralex-2.0.3 is free software and data: you can redistribute it and/or modify
  it under the terms of the GNU General Public License as published
  by the Free Software Foundation, either version 3 of the License,
  or (at your option) any later version.

  ancoralex-2.0.3 is distributed in the hope that it will be useful,
  but WITHOUT ANY WARRANTY; without even the implied warranty of
  MERCHANTABILITY or FITNESS FOR A PARTICULAR PURPOSE.  See the
  GNU General Public License for more details.
 
  You should have received a copy of the GNU General Public License
  along with ancoralex-2.0.3.  If not, see &lt;http://www.gnu.org/licenses/&gt;.
 
  Check a text in catalan explaining the terms of the license at http://www.softcatala.cat/wiki/GPL3.
  In spanish at http://www.viti.es/gnu/licenses/gpl.html
  
  The following paper must be cited when using verb lexicon: 

 * Aparicio, Juan, Mariona Taulé, M.Antònia Martí (2008) 'AnCora-Verb: A Lexical Resource for 
   the Semantic Annotation of Corpora'. Proceedings of 6th International Conference on Language 
   Resources and Evaluation. Marrakesh (Morocco).

  The following paper must be cited when using noun lexicon: 

 * Peris, Aina, Mariona Taulé (2011). AnCora-Nom: A Spanish lexicon of deverbal nominalizations. 
   Procesamiento del Lenguaje Natural, nº46, pp. 11-18.
 
 

 

-->

<lexentry lemma="asesinato" lng="es" origin="deverbal" type="noun">
  <sense cousin="no" denotation="result" id="1" lexicalized="no" originlemma="asesinar" originlink="verb.asesinar.1" wordnetsynset="16:00143589">
    <frame appearsinplural="yes" type="default">
      <argument argument="arg0" thematicrole="agt">
        <constituent frequency="1" preposition="de" type="sp"/>
      </argument>
      <argument argument="arg1" thematicrole="pat">
        <constituent frequency="3" preposition="de" type="sp"/>
        <constituent frequency="1" type="sp"/>
        <constituent frequency="1" type="s.a"/>
      </argument>
      <argument argument="argM" thematicrole="tmp">
        <constituent frequency="1" type="sn"/>
        <constituent frequency="1" preposition="en" type="sp"/>
      </argument>
      <specifiers>
        <constituent frequency="8" type="void"/>
        <constituent frequency="5" postype="indefinite" type="determiner"/>
        <constituent frequency="5" postype="article" type="determiner"/>
        <constituent frequency="1" postype="z" type="determiner"/>
        <constituent frequency="1" postype="r" type="determiner"/>
        <constituent frequency="1" postype="possessive" type="determiner"/>
      </specifiers>
      <reference_modifiers>
        <constituent frequency="5" type="s.a"/>
        <constituent frequency="1" postype="possessive" type="determiner"/>
        <constituent frequency="1" preposition="como" type="sp"/>
        <constituent frequency="1" type="S"/>
      </reference_modifiers>
      <examples>
        <example file="CESS-CAST-A/13146_20000216.tbf.xml" nodepath="3.4.1.1.0.0" sentencenodepath="3">En su petición contra " Olga " , sobre la que el Tribunal parisiense dictará sentencia el próximo 15_de_marzo , la Audiencia_Nacional reclama su extradición por " <argset><head>asesinato </head><reference_modifiers>terrorista</reference_modifiers></argset>, 24 intentos de asesinato terrorista , destrozos y falsificación de matrículas " . </example>
        <example file="CESS-CAST-A/13146_20000216.tbf.xml" nodepath="3.4.1.3.1.1.1.0.0" sentencenodepath="3">En su petición contra " Olga " , sobre la que el Tribunal parisiense dictará sentencia el próximo 15_de_marzo , la Audiencia_Nacional reclama su extradición por " asesinato terrorista , 24 intentos de <argset><head>asesinato </head><reference_modifiers>terrorista</reference_modifiers></argset>, destrozos y falsificación de matrículas " . </example>
        <example file="CESS-CAST-A/17037_20000423.tbf.xml" nodepath="2.2.7.4.1.1.1.2.0.1.0" sentencenodepath="2">El lehendakari aseveró que al PNV no le van a " obligar a doblar la rodilla " ni " el frente nacional español , con su huracán mediático , sus insultos y su intolerancia , ni tampoco los de las pistolas , con <argset><specifier>sus</specifier><head>asesinatos </head></argset>, sus bombas y sus ensoñaciones irreales " . </example>
        <example file="CESS-CAST-AA/19559_20000923.tbf.xml" nodepath="10.2.1.4.2.1.3.1.0" sentencenodepath="10">El presidente extremeño insistió en que Ø es partidario de que la gente se manifieste " pero estaría Mejor que cuando ETA comete <argset><specifier>un</specifier><head>asesinato </head></argset>, los amigos de ETA se metieran debajo_de las piedras y Ø no se dediquen a hacer homenajes " . </example>
        <example file="CESS-CAST-AA/20072_20000924.tbf.xml" nodepath="0.2.2.1.2.1.1.1" sentencenodepath="0">Unos diez_mil espectadores presenciaron el partido y Ø guardaron un minuto de silencio por <argset><specifier>el</specifier><reference_modifiers>último</reference_modifiers><head>asesinato </head><argument argument="arg0" function="cn" thematicrole="agt" type="sp">de ETA</argument></argset>. </example>
        <example file="CESS-CAST-AA/5124_20000307.tbf.xml" nodepath="6.2.1.1.3.1.2.1.1.0" sentencenodepath="6">Según agregó Ø , " ante esta presión intolerable de ETA basada en el crimen y en <argset><specifier>el</specifier><head>asesinato </head></argset>, los ciudadanos tienen que responder con mucha contundencia de la única forma que se puede responder en democracia , y Ø es votando el 12_de_marzo " . </example>
        <example file="CESS-CAST-AA/7637_20000510.tbf.xml" nodepath="8.3.1.1.1.2.1.0" sentencenodepath="8">Frutos , en declaraciones en los pasillos del Congreso , consideró que las emociones que provoca <argset><specifier>un</specifier><head>asesinato </head><reference_modifiers>como el de José_Luis_López_de_Lacalle</reference_modifiers></argset>deben hacerse compatibles con la inteligencia para intentar llegar a una solución adecuada . </example>
        <example file="CESS-CAST-AA/7637_20000510.tbf.xml" nodepath="14.0.3.2.0.1.0" sentencenodepath="14">" Ø No digo que haya existido mala voluntad , pero ahí están <argset><specifier>los</specifier><head>asesinatos </head></argset>, EH dejando en el Parlamento vasco al_descubierto a los socios a los que Ø se había comprometido a apoyar y los últimos comunicados de ETA donde Ø pone en_entredicho la acción política del PNV y EA y Ø le recuerda a Ibarretxe que Ø no olvide que Ø gobierna con el apoyo de EH " , declaró Ø . </example>
        <example file="CESS-CAST-AA/7726_20000911.tbf.xml" nodepath="9.2.0.1.0" sentencenodepath="9">La funcionaria lamentó <argset><specifier>el</specifier><head>asesinato </head><argument argument="argM" function="cn" thematicrole="tmp" type="sn">, la semana pasada ,</argument><argument argument="arg1" function="cn" thematicrole="pat" type="sp">de un conductor venezolano</argument></argset>y el incendio de su vehículo en territorio colombiano en un hecho que fue atribuido a rebeldes del Ejército_de_Liberación_Nacional ( ELN ) . </example>
        <example file="CESS-CAST-AA/8193_20000511.tbf.xml" nodepath="8.2.2.1.0" sentencenodepath="8">Ø Estimó que es " evidente " que durante los últimos meses el PSOE siendo uno de los objetivos de la violencia en el País_Vasco , Ø recordó <argset><specifier>los</specifier><head>asesinatos </head><argument argument="arg1" function="cn" thematicrole="pat" type="sp">de Fernando_Buesa y de José_Luis_López_de_Lacalle</argument></argset>, y Ø observó que además_de estos actos los concejales sufren la " violencia urbana " contra sus casas o los locales que Ø regentan , así_como amenazas . </example>
        <example file="CESS-CAST-P/135_20020501.tbf.xml" nodepath="5.0.0.1" sentencenodepath="5"><argset><reference_modifiers>MACABRO</reference_modifiers><head>ASESINATO </head></argset>. </example>
        <example file="CESS-CAST-P/135_20020501.tbf.xml" nodepath="8.4.1.1.1.1.1.1" sentencenodepath="8">Una vez cerrado el caso , Ø se reabre por el descubrimiento de <argset><specifier>un</specifier><reference_modifiers>macabro</reference_modifiers><head>asesinato </head><reference_modifiers>que guarda relación con el anterior</reference_modifiers></argset>. </example>
        <example file="CESS-CAST-P/21_20000202_b.tbf.xml" nodepath="28.1.4.2.1.0" sentencenodepath="28">¿ Por qué se puede describir minuciosamente un banquete o <argset><specifier>un</specifier><head>asesinato </head></argset>y , en_cambio , no se puede hablar del sexo , que es una cosa natural ? . </example>
        <example file="CESS-CAST-P/25_20000701.tbf.xml" nodepath="4.2.3.0.1.1.1.1.1.0.0" sentencenodepath="4">El tribunal rechazó estos argumentos y Ø le declaró culpable de tres delitos de <argset><head>asesinato </head></argset>. </example>
        <example file="CESS-CAST-P/25_20011102.tbf.xml" nodepath="11.1.2.1.0.0" sentencenodepath="11">" Ø Estamos en_contra_de <argset><head>asesinatos </head><argument argument="arg1" function="cn" thematicrole="pat" type="sp">de inocentes</argument></argset>- - dijo Mubarak - - pero qué puede hacer un pueblo si su tierra está ocupada y se le niega el derecho de sentarse en una mesa de negociación " . </example>
        <example file="CESS-CAST-P/28_20020402.tbf.xml" nodepath="1.0.2.1.1.0.1.0.0" sentencenodepath="1">" Estados como Irán , Irak y Siria inspiran y Ø financian una cultura del <argset><head>asesinato </head><argument argument="arg1" function="cn" thematicrole="pat" type="s.a">político</argument></argset>y del atentado suicida " , declaró Ø . </example>
        <example file="CESS-CAST-P/34_20000903.tbf.xml" nodepath="3.0.1.1.0" sentencenodepath="3">Tras <argset><specifier>12</specifier><head>asesinatos </head><argument argument="argM" function="cn" thematicrole="tmp" type="sp">en siete meses</argument></argset>, el Gobierno crucifica sin complejos a Xabier_Arzalluz acusándole de legitimar a ETA . </example>
        <example file="CESS-CAST-P/34_20000903.tbf.xml" nodepath="7.0.1.1.0" sentencenodepath="7">Como antes de la ya olvidada tregua , <argset><specifier>cada</specifier><head>asesinato </head></argset>ha ido acompañado de un cansino rosario de condenas , pero también del creciente hostigamiento político a un Partido_Nacionalista_Vasco ( PNV ) que , si surte efectos la estrategia del Gobierno , pagará muy cara la firma que Ø estampó en Lizarra . </example>
        <example file="CESS-CAST-P/49_19990601_b.tbf.xml" nodepath="2.0.2.0.1.2.1.1.2.1.0.0.0" sentencenodepath="2">El tercer preso es José_Luis_Elustondo , condenado a más de 100 años de cárcel por <argset><head>asesinato </head>, utilización ilegítima de un vehículo y detención ilegal </argset>, quien ha quedado en libertad condicional , mientras_que José_Antonio_Arluciaga ha sido liberado al haber cumplido su condena de 18 años de cárcel por pertenencia a banda armada . </example>
        <example file="CESS-CAST-P/76_20010602.tbf.xml" nodepath="2.2.1.1.1.5.1.1.1.1.0.0" sentencenodepath="2">La defensa explicó que la acusación , que inicialmente pedía tres penas de ocho años de internamiento por otros tantos delitos de <argset><head>asesinato </head></argset>, rebajó la petición a la vista de los informes psicológicos y psiquiátricos . </example>
        <example file="CESS-CAST-P/7_19990901.tbf.xml" nodepath="16.0.1.0" sentencenodepath="16"><argset><specifier>Más</specifier><head>asesinatos </head><argument argument="arg1" function="cn" thematicrole="pat" type="sp">de observadores de la ONU</argument></argset>. </example>
      </examples>
    </frame>
  </sense>
  <sense cousin="no" denotation="event" id="2" lexicalized="no" originlemma="asesinar" originlink="verb.asesinar.1" wordnetsynset="16:00143589">
    <frame appearsinplural="no" type="default">
      <argument argument="arg1" thematicrole="pat">
        <constituent frequency="13" preposition="de" type="sp"/>
      </argument>
      <argument argument="argM" thematicrole="tmp">
        <constituent frequency="2" preposition="en" type="sp"/>
      </argument>
      <specifiers>
        <constituent frequency="10" postype="article" type="determiner"/>
        <constituent frequency="3" type="void"/>
      </specifiers>
      <reference_modifiers>
        <constituent frequency="1" type="s.a"/>
        <constituent frequency="1" type="S"/>
      </reference_modifiers>
      <examples>
        <example file="CESS-CAST-A/11470_20000515.tbf.xml" nodepath="6.4.1.3.1.1.3.1.1.0" sentencenodepath="6">Un total de 4.251.218 dominicanos , 2.133.297 mujeres y 2.117.921 hombres , se preparan hoy para acudir mañana a las urnas en la decimotercera convocatoria electoral desde <argset><specifier>el</specifier><head>asesinato </head><argument argument="arg1" function="cn" thematicrole="pat" type="sp">del dictador Rafael_Leonidas_Trujillo</argument><argument argument="argM" function="cn" thematicrole="tmp" type="sp">, en 1961</argument></argset>. </example>
        <example file="CESS-CAST-A/13146_20000216.tbf.xml" nodepath="10.5.1.1.1.4.1.2.1.1.1.0.0" sentencenodepath="10">El Tribunal_Correccional_de_París condenó el pasado 5_de_octubre a siete años de prisión por " asociación de malhechores " a esta etarra , a la que la policía española relaciona con el " comando Madrid " de ETA y la organización del <argset><head>asesinato </head><argument argument="arg1" function="cn" thematicrole="pat" type="sp">del ex presidente del Tribunal_Constitucional Francisco_Tomás_y_Valiente</argument><argument argument="argM" function="cn" thematicrole="tmp" type="sp">en 1996</argument></argset>. </example>
        <example file="CESS-CAST-AA/3121_20000605.tbf.xml" nodepath="0.0.0.1.4.1.1.0" sentencenodepath="0">El último atentado de ETA en Durango con <argset><specifier>el</specifier><head>asesinato </head><argument argument="arg1" function="cn" thematicrole="pat" type="sp">del concejal del PP Jesús_María_Pedrosa</argument></argset>y la cumbre Putin-Clinton son las noticias más destacadas hoy por la prensa de Barcelona . </example>
        <example file="CESS-CAST-AA/3121_20000605.tbf.xml" nodepath="6.1.2.2.1.0.1.1.0" sentencenodepath="6">En su editorial , Ø subraya que " esta nueva muerte acentúa todavía más el fatalismo " , porque " desgraciadamente todas las opciones democráticas han perdido protagonismo , el fatalismo crece en las calles del País_Vasco al_lado_del miedo y la crispación " y Ø añade " con <argset><specifier>el</specifier><head>asesinato </head><argument argument="arg1" function="cn" thematicrole="pat" type="sp">de Jesús_María_Pedrosa</argument></argset>ETA retoma la ofensiva contra el PP . El PP no había parado la_suya contra el PNV . Ahora Ø la intensificará que " . </example>
        <example file="CESS-CAST-AA/7637_20000510.tbf.xml" nodepath="0.3.1.0.1.5.1.1.2.2.0.1.0" sentencenodepath="0">El PP y el PSOE alertaron hoy del deterioro que , a su juicio , se está produciendo en la sociedad vasca tras los últimos acontecimientos , especialmente <argset><specifier>el</specifier><head>asesinato </head><argument argument="arg1" function="cn" thematicrole="pat" type="sp">del periodista José_Luis_López_de_Lacalle</argument></argset>y la posterior división entre los partidos en los actos de condena del mismo . </example>
        <example file="CESS-CAST-AA/7637_20000510.tbf.xml" nodepath="1.2.1.1.1.1.0" sentencenodepath="1">Entretanto continúan las movilizaciones contra <argset><specifier>el</specifier><head>asesinato </head><argument argument="arg1" function="cn" thematicrole="pat" type="sp">de López_de_Lacalle</argument></argset>, que hoy tuvieron_lugar en las Universidades españolas , que se sumaron al coro de silencio contra este atentado con un paro de cinco minutos a las doce del mediodía en las puertas de los centros y facultades , convocado por la Conferencia_de_Rectores ( CRUE ) . </example>
        <example file="CESS-CAST-AA/7637_20000510.tbf.xml" nodepath="12.0.4.1.1.1.1.2.1.0.1.1.1.0" sentencenodepath="12">Imaz se refirió de este modo a la manifestación celebrada ayer en las calles de Bilbao convocada por el Foro_de_Ermua en repulsa por <argset><specifier>el</specifier><head>asesinato </head><argument argument="arg1" function="cn" thematicrole="pat" type="sp">de José_Luis_López_de_Lacalle</argument></argset>, y a la que no acudió el Gobierno_Vasco , y Ø dijo que su gabinete " respeta a todos los que de_buena_voluntad acudieron ayer a manifestarse en_contra_de ETA " . </example>
        <example file="CESS-CAST-AA/9462_20000115.tbf.xml" nodepath="9.3.1.1.1.3.1.1.1" sentencenodepath="9">El presidente ordenó una investigación interna para establecer las presuntas responsabilidades de agentes del Estado en <argset><specifier>el</specifier><reference_modifiers>" execrable "</reference_modifiers><head>asesinato </head><argument argument="arg1" function="cn" thematicrole="pat" type="sp">del obispo Juan_Gerardi</argument><reference_modifiers>, perpetrado el 26_de_abril_de_1998 ,</reference_modifiers></argset>porque su impunidad es " una vergüenza nacional " . </example>
        <example file="CESS-CAST-P/3_19991102.tbf.xml" nodepath="1.0.3.1.0.0" sentencenodepath="1">Una ex adepta les acusó del <argset><head>asesinato </head><argument argument="arg1" function="cn" thematicrole="pat" type="sp">de un bebé</argument></argset>, pero Ø luego se desdijo . </example>
        <example file="CESS-CAST-P/47_20000602.tbf.xml" nodepath="3.2.0.3.1.2.3.0.1.1.1.0" sentencenodepath="3">El presidente del Parlamento vasco , Juan_María_Atutxa , confirmó que su experiencia personal avala que el ministerio no informa a la Ertzaintza de los objetivos de ETA , y el presidente del PP vasco , Carlos_Iturgaiz , emplazó al PNV a preguntar " a sus colegas de ETA " si Ø quiere datos sobre <argset><specifier>el</specifier><head>asesinato </head><argument argument="arg1" function="cn" thematicrole="pat" type="sp">de Fernando_Buesa</argument></argset>y Ø acusó al partido de Arzalluz de " hipócrita y fariseo " . </example>
        <example file="CESS-CAST-P/47_20000602.tbf.xml" nodepath="6.0.1.3.5.3.1.1.2.1.0" sentencenodepath="6">El portavoz del Gobierno vasco , Josu_Jon_Imaz , que ha solicitado ya dos veces a Mayor_Oreja que Ø aclare las circunstancias que rodearon <argset><specifier>el</specifier><head>asesinato </head><argument argument="arg1" function="cn" thematicrole="pat" type="sp">de Buesa</argument></argset>, concluyó que las parcas explicaciones del ministro confirman que " se ocultó " información . </example>
        <example file="CESS-CAST-P/48_20000602.tbf.xml" nodepath="3.3.3.1.1.3.1.0.0" sentencenodepath="3">Ø También pidió que PP y PNV acaben con la " repugnante " utilización partidista del <argset><head>asesinato </head><argument argument="arg1" function="cn" thematicrole="pat" type="sp">de Fernando_Buesa</argument></argset>. </example>
        <example file="CESS-CAST-P/90_20010402.tbf.xml" nodepath="1.4.1.0" sentencenodepath="1">Un tribunal popular juzga a_partir_de hoy en la Audiencia_de_Lleida <argset><specifier>el</specifier><head>asesinato </head><argument argument="arg1" function="cn" thematicrole="pat" type="sp">de Emilio_Salguero_Cortés , muerto a tiros en 1999 tras una discusión por una deuda iniciada en este bar de Lleida</argument></argset>. </example>
      </examples>
    </frame>
  </sense>
  <sense cousin="no" denotation="underspecified" id="3" lexicalized="no" originlemma="asesinar" originlink="verb.asesinar.1" wordnetsynset="16:00143589">
    <frame appearsinplural="no" type="default">
      <argument argument="arg0" thematicrole="agt">
        <constituent frequency="1" preposition="a" type="sp"/>
      </argument>
      <argument argument="arg1" thematicrole="pat">
        <constituent frequency="1" preposition="de" type="sp"/>
      </argument>
      <specifiers>
        <constituent frequency="1" postype="article" type="determiner"/>
      </specifiers>
      <examples>
        <example file="CESS-CAST-P/32_20000801.tbf.xml" nodepath="0.5.1.1.1.0" sentencenodepath="0">Miles de ciudadanos se manifestaron ayer en toda España para condenar <argset><specifier>el</specifier><head>asesinato </head><argument argument="arg0" function="cn" thematicrole="agt" type="sp">, a manos de ETA ,</argument><argument argument="arg1" function="cn" thematicrole="pat" type="sp">del ex gobernador civil de Guipúzcoa Juan_María_Jáuregui</argument></argset>. </example>
      </examples>
    </frame>
  </sense>
</lexentry>
