<?xml version="1.0" encoding="UTF-8" standalone="no"?>
<!-- 

  ancoralex-2.0.3
       
			Copyright (C) 2007,2008,2009,2010,2011 CLiC - UB
			Centre de Llenguatge i Computació - Universitat de Barcelona
 
  This file is part of ancoralex-2.0.3.
 
  ancoralex-2.0.3 is free software and data: you can redistribute it and/or modify
  it under the terms of the GNU General Public License as published
  by the Free Software Foundation, either version 3 of the License,
  or (at your option) any later version.

  ancoralex-2.0.3 is distributed in the hope that it will be useful,
  but WITHOUT ANY WARRANTY; without even the implied warranty of
  MERCHANTABILITY or FITNESS FOR A PARTICULAR PURPOSE.  See the
  GNU General Public License for more details.
 
  You should have received a copy of the GNU General Public License
  along with ancoralex-2.0.3.  If not, see &lt;http://www.gnu.org/licenses/&gt;.
 
  Check a text in catalan explaining the terms of the license at http://www.softcatala.cat/wiki/GPL3.
  In spanish at http://www.viti.es/gnu/licenses/gpl.html
  
  The following paper must be cited when using verb lexicon: 

 * Aparicio, Juan, Mariona Taulé, M.Antònia Martí (2008) 'AnCora-Verb: A Lexical Resource for 
   the Semantic Annotation of Corpora'. Proceedings of 6th International Conference on Language 
   Resources and Evaluation. Marrakesh (Morocco).

  The following paper must be cited when using noun lexicon: 

 * Peris, Aina, Mariona Taulé (2011). AnCora-Nom: A Spanish lexicon of deverbal nominalizations. 
   Procesamiento del Lenguaje Natural, nº46, pp. 11-18.
 
 

 

-->

<lexentry lemma="aseveración" lng="es" origin="deverbal" type="noun">
  <sense cousin="no" denotation="result" id="1" lexicalized="no" originlemma="aseverar" originlink="verb.aseverar.1" wordnetsynset="16:05045355+16:05382066">
    <frame appearsinplural="yes" type="default">
      <argument argument="arg0" thematicrole="agt">
        <constituent frequency="2" preposition="de" type="sp"/>
      </argument>
      <argument argument="arg1" thematicrole="pat">
        <constituent frequency="1" preposition="sobre" type="sp"/>
        <constituent frequency="1" preposition="de" type="sp"/>
      </argument>
      <specifiers>
        <constituent frequency="1" postype="demonstrative" type="determiner"/>
        <constituent frequency="2" postype="article" type="determiner"/>
      </specifiers>
      <examples>
        <example file="3LB-CAST/dc1-14.tbf.xml" nodepath="5.1.1.0" sentencenodepath="5">En el caso de los dos primeros grupos , peces y reptiles , <argset><specifier>tal</specifier><head>aseveración </head></argset>no suscita la más mínima controversia . </example>
        <example file="CESS-CAST-A/14635_20000121.tbf.xml" nodepath="11.0.1.0" sentencenodepath="11"><argset><specifier>La</specifier><head>aseveración </head><argument argument="arg0" function="cn" thematicrole="agt" type="sp">de Mahuad</argument><argument argument="arg1" function="cn" thematicrole="pat" type="sp">sobre que la anunciada " dolarización " no es la culpable de la especulación</argument>, </argset>contrasta con la realidad , pues desde el 9_de_enero , cuando se anunció esta medida , los precios de varios productos emprendieron una carrera alcista , según Troya . </example>
        <example file="CESS-CAST-AA/5808_20001108.tbf.xml" nodepath="4.4.1.0" sentencenodepath="4">Asimismo , también podrían contribuir a esa decisión <argset><specifier>las</specifier><head>aseveraciones </head><argument argument="arg0" function="cn" thematicrole="agt" type="sp">del jefe del Partido_Socialdemócrata ( SPOE ) , Alfred_Gusenbauer ,</argument><argument argument="arg1" function="cn" thematicrole="pat" type="sp">de que los socios de los liberales en el Gobierno , los democristianos del OEVP , del canciller federal , Wolfgang_Schuessel , han tanteado la posibilidad de volver a aliarse con ellos</argument></argset>. </example>
      </examples>
    </frame>
  </sense>
</lexentry>
