<?xml version="1.0" encoding="UTF-8" standalone="no"?>
<!-- 

  ancoralex-2.0.3
       
			Copyright (C) 2007,2008,2009,2010,2011 CLiC - UB
			Centre de Llenguatge i Computació - Universitat de Barcelona
 
  This file is part of ancoralex-2.0.3.
 
  ancoralex-2.0.3 is free software and data: you can redistribute it and/or modify
  it under the terms of the GNU General Public License as published
  by the Free Software Foundation, either version 3 of the License,
  or (at your option) any later version.

  ancoralex-2.0.3 is distributed in the hope that it will be useful,
  but WITHOUT ANY WARRANTY; without even the implied warranty of
  MERCHANTABILITY or FITNESS FOR A PARTICULAR PURPOSE.  See the
  GNU General Public License for more details.
 
  You should have received a copy of the GNU General Public License
  along with ancoralex-2.0.3.  If not, see &lt;http://www.gnu.org/licenses/&gt;.
 
  Check a text in catalan explaining the terms of the license at http://www.softcatala.cat/wiki/GPL3.
  In spanish at http://www.viti.es/gnu/licenses/gpl.html
  
  The following paper must be cited when using verb lexicon: 

 * Aparicio, Juan, Mariona Taulé, M.Antònia Martí (2008) 'AnCora-Verb: A Lexical Resource for 
   the Semantic Annotation of Corpora'. Proceedings of 6th International Conference on Language 
   Resources and Evaluation. Marrakesh (Morocco).

  The following paper must be cited when using noun lexicon: 

 * Peris, Aina, Mariona Taulé (2011). AnCora-Nom: A Spanish lexicon of deverbal nominalizations. 
   Procesamiento del Lenguaje Natural, nº46, pp. 11-18.
 
 

 

-->

<lexentry lemma="aterrizaje" lng="es" origin="deverbal" type="noun">
  <sense cousin="no" denotation="result" id="1" lexicalized="no" originlemma="aterrizar" originlink="verb.aterrizar.1" wordnetsynset="16:00197419+16:00028670">
    <frame appearsinplural="no" type="default">
      <specifiers>
        <constituent frequency="1" type="void"/>
        <constituent frequency="1" postype="demonstrative" type="determiner"/>
      </specifiers>
      <examples>
        <example file="CESS-CAST-A/1592_20001203.tbf.xml" nodepath="5.2.2.1.1.1.1.3.0.2.1.0.2.0" sentencenodepath="5">Con_respecto_a la operación de compra o fusión de Air_Europa e Iberia , el Presidente señaló que " Ø no tengo porqué decir nada al respecto , ya_que cada uno es muy libre de actuar como Ø quiera ; no_obstante me preocupa el tema de los " slots " ( permisos de <argset>despegue y <head>aterrizaje </head>
          </argset>) " . </example>
        <example file="CESS-CAST-P/42_19990301.tbf.xml" nodepath="5.0.1.1.0" sentencenodepath="5">Con <argset><specifier>este</specifier><head>aterrizaje </head></argset>concluye la misión número 26 de la estación Mir , que se encuentra en órbita desde hace 13 años . </example>
      </examples>
    </frame>
  </sense>
  <sense cousin="no" denotation="event" id="2" lexicalized="no" originlemma="aterrizar" originlink="verb.aterrizar.1" wordnetsynset="16:00028670">
    <frame appearsinplural="no" type="default">
      <specifiers>
        <constituent frequency="1" type="void"/>
      </specifiers>
      <examples>
        <example file="CESS-CAST-P/3_19991101.tbf.xml" nodepath="3.2.1.0.1.2.3.1.1.1.1.0.0" sentencenodepath="3">El más grave y reciente ocurrió en 1976 , cuando un avión de la aerolínea se estrelló durante la maniobra de <argset><head>aterrizaje </head></argset>en el aeropuerto de Bangkok ( Tailandia ) y fallecieron 72 personas . </example>
      </examples>
    </frame>
  </sense>
</lexentry>
