<?xml version="1.0" encoding="UTF-8" standalone="no"?>
<!-- 

  ancoralex-2.0.3
       
			Copyright (C) 2007,2008,2009,2010,2011 CLiC - UB
			Centre de Llenguatge i Computació - Universitat de Barcelona
 
  This file is part of ancoralex-2.0.3.
 
  ancoralex-2.0.3 is free software and data: you can redistribute it and/or modify
  it under the terms of the GNU General Public License as published
  by the Free Software Foundation, either version 3 of the License,
  or (at your option) any later version.

  ancoralex-2.0.3 is distributed in the hope that it will be useful,
  but WITHOUT ANY WARRANTY; without even the implied warranty of
  MERCHANTABILITY or FITNESS FOR A PARTICULAR PURPOSE.  See the
  GNU General Public License for more details.
 
  You should have received a copy of the GNU General Public License
  along with ancoralex-2.0.3.  If not, see &lt;http://www.gnu.org/licenses/&gt;.
 
  Check a text in catalan explaining the terms of the license at http://www.softcatala.cat/wiki/GPL3.
  In spanish at http://www.viti.es/gnu/licenses/gpl.html
  
  The following paper must be cited when using verb lexicon: 

 * Aparicio, Juan, Mariona Taulé, M.Antònia Martí (2008) 'AnCora-Verb: A Lexical Resource for 
   the Semantic Annotation of Corpora'. Proceedings of 6th International Conference on Language 
   Resources and Evaluation. Marrakesh (Morocco).

  The following paper must be cited when using noun lexicon: 

 * Peris, Aina, Mariona Taulé (2011). AnCora-Nom: A Spanish lexicon of deverbal nominalizations. 
   Procesamiento del Lenguaje Natural, nº46, pp. 11-18.
 
 

 

-->

<lexentry lemma="atraque" lng="es" origin="deverbal" type="noun">
  <sense cousin="no" denotation="result" id="1" lexicalized="no" originlemma="atracar" originlink="verb.atracar.1" wordnetsynset="16:06363213">
    <frame appearsinplural="no" type="default">
      <argument argument="arg1" thematicrole="pat">
        <constituent frequency="1" preposition="de" type="sp"/>
      </argument>
      <argument argument="argM" thematicrole="loc">
        <constituent frequency="1" preposition="de" type="sp"/>
      </argument>
      <specifiers>
        <constituent frequency="1" postype="article" type="determiner"/>
        <constituent frequency="2" type="void"/>
      </specifiers>
      <examples>
        <example file="CESS-CAST-AA/4412_20001107.tbf.xml" nodepath="8.4.1.1.1.1.0.1.6.5.1.1.1.1.1.0" sentencenodepath="8">El representante de la Autoridad_Portuaria , Manuel_Vidal , también se congratuló por la continuidad del evento , al que Ø aseguró mejores prestaciones y servicios para próximas ediciones , ya_que próximamente se iniciarán las obras para duplicar <argset><specifier>el</specifier><head>atraque </head><argument argument="argM" function="cn" thematicrole="loc" type="sp">del Muelle_Deportivo , que en la actualidad acoge a mil embarcaciones</argument></argset>. </example>
        <example file="CESS-CAST-P/76_19981201.tbf.xml" nodepath="0.3.1.1.1.1.0.0" sentencenodepath="0">El ente promoverá acciones conjuntas en 8.245 puntos de <argset><head>atraque </head><argument argument="arg1" function="cn" thematicrole="pat" type="sp">de todo el litoral</argument></argset>. </example>
        <example file="CESS-CAST-P/76_19981201.tbf.xml" nodepath="2.4.1.1.1.0.0" sentencenodepath="2">De los 22.800 amarres que hay en la costa catalana , la nueva empresa tendrá bajo su control y promoción 8.245 puntos de <argset><head>atraque </head></argset>. </example>
      </examples>
    </frame>
  </sense>
</lexentry>
