<?xml version="1.0" encoding="UTF-8" standalone="no"?>
<!-- 

  ancoralex-2.0.3
       
			Copyright (C) 2007,2008,2009,2010,2011 CLiC - UB
			Centre de Llenguatge i Computació - Universitat de Barcelona
 
  This file is part of ancoralex-2.0.3.
 
  ancoralex-2.0.3 is free software and data: you can redistribute it and/or modify
  it under the terms of the GNU General Public License as published
  by the Free Software Foundation, either version 3 of the License,
  or (at your option) any later version.

  ancoralex-2.0.3 is distributed in the hope that it will be useful,
  but WITHOUT ANY WARRANTY; without even the implied warranty of
  MERCHANTABILITY or FITNESS FOR A PARTICULAR PURPOSE.  See the
  GNU General Public License for more details.
 
  You should have received a copy of the GNU General Public License
  along with ancoralex-2.0.3.  If not, see &lt;http://www.gnu.org/licenses/&gt;.
 
  Check a text in catalan explaining the terms of the license at http://www.softcatala.cat/wiki/GPL3.
  In spanish at http://www.viti.es/gnu/licenses/gpl.html
  
  The following paper must be cited when using verb lexicon: 

 * Aparicio, Juan, Mariona Taulé, M.Antònia Martí (2008) 'AnCora-Verb: A Lexical Resource for 
   the Semantic Annotation of Corpora'. Proceedings of 6th International Conference on Language 
   Resources and Evaluation. Marrakesh (Morocco).

  The following paper must be cited when using noun lexicon: 

 * Peris, Aina, Mariona Taulé (2011). AnCora-Nom: A Spanish lexicon of deverbal nominalizations. 
   Procesamiento del Lenguaje Natural, nº46, pp. 11-18.
 
 

 

-->

<lexentry lemma="atracción" lng="es" origin="deverbal" type="noun">
  <sense cousin="no" denotation="result" id="1" lexicalized="no" originlemma="atraer" originlink="verb.atraer.1" wordnetsynset="16:03692813+16:03691562">
    <frame appearsinplural="no" type="default">
      <specifiers>
        <constituent frequency="2" type="void"/>
      </specifiers>
      <examples>
        <example file="CESS-CAST-AA/5976_20001008.tbf.xml" nodepath="13.2.3.1.1.1.1.3.1.2.2.1.0.2.1.0.0" sentencenodepath="13">Estos dos países consideran que la " cooperación reforzada " debe ponerse_en_marcha con tan sólo cinco países , que formarían una vanguardia " abierta y funcional " que actuaría de " fuerza de <argset><head>atracción </head></argset>para conseguir que progrese la Unión " , señala su propuesta . </example>
        <example file="CESS-CAST-P/140_20011102.tbf.xml" nodepath="3.3.1.0.2.1.2.3.1.1.1.0.2.0" sentencenodepath="3">Su apasionamiento - - que Ø ha aprendido a tomarse con ironía - - sigue intacto con Falta_Alma ( Planeta ) , decimocuarto de sus libros , que muestra la relación de <argset>antipatía y <head>atracción </head>
          </argset>entre un viejo cascarrabias y la joven enfermera que le cuida . </example>
      </examples>
    </frame>
  </sense>
  <sense cousin="no" denotation="event" id="2" lexicalized="no" originlemma="atraer" originlink="verb.atraer.1" wordnetsynset="16:07776403">
    <frame appearsinplural="no" type="default">
      <argument argument="arg1" thematicrole="tem">
        <constituent frequency="1" preposition="de" type="sp"/>
      </argument>
      <specifiers>
        <constituent frequency="1" type="void"/>
      </specifiers>
      <examples>
        <example file="CESS-CAST-P/53_20000202.tbf.xml" nodepath="3.0.1.1.1.1.0.0" sentencenodepath="3">Para esta labor de <argset><head>atracción </head><argument argument="arg1" function="cn" thematicrole="tem" type="sp">de votantes de CiU</argument></argset>, los estrategas populares han recomendado evitar las críticas excesivamente viscerales . </example>
      </examples>
    </frame>
  </sense>
  <sense cousin="no" denotation="underspecified" id="3" lexicalized="no" originlemma="atraer" originlink="verb.atraer.1" wordnetsynset="16:03692813">
    <frame appearsinplural="no" type="default">
      <argument argument="arg1" thematicrole="tem">
        <constituent frequency="1" postype="possessive" type="determiner"/>
      </argument>
      <argument argument="argM" thematicrole="cau">
        <constituent frequency="1" preposition="por" type="sp"/>
      </argument>
      <examples>
        <example file="3LB-CAST/c2-3.tbf.xml" nodepath="2.1.4.1.0" sentencenodepath="2">Incluso en actores tan firmes como Monty_Clift , la leyenda , la nebulosa , <argset><argument argument="arg1" thematicrole="tem" type="spec">su</argument><head>atracción </head><argument argument="argM" function="cn" thematicrole="cau" type="sp">por los precipicios</argument></argset>ha concluido superponiéndose o , al_menos , equilibrándose con su buen hacer . </example>
      </examples>
      <specifiers>
        <constituent frequency="1" postype="possessive" type="determiner"/>
      </specifiers>
    </frame>
  </sense>
  <sense alternativelemma="parque_de_atracciones" cousin="no" denotation="result" id="4" lexicalizationtype="nominal" lexicalized="yes" originlemma="atraer" originlink="verb.atraer.1" wordnetsynset="16:04961937">
    <frame appearsinplural="yes" type="default">
      <specifiers>
        <constituent frequency="4" type="void"/>
      </specifiers>
      <examples>
        <example file="CESS-CAST-AA/20751_20000128.tbf.xml" nodepath="0.3.1.1.1.0.1.1.0.0" sentencenodepath="0">El ayuntamiento de Barcelona , de_acuerdo_con el ministerio de Trabajo_y_Seguridad_Social , ha pasado a ser el propietario del parque de <argset><head>atracciones </head></argset>del Tibidabo al ejercer el derecho de tanteo sobre este equipamiento y sus terrenos , arrebatándoselo a la empresa Chupa_Chups , que lo adquirió ayer en subasta . </example>
        <example file="CESS-CAST-AA/20751_20000128.tbf.xml" nodepath="2.0.2.1.1.1.1.0.0" sentencenodepath="2">Fuentes del Ayuntamiento han garantizado que el parque de <argset><head>atracciones </head></argset>seguirá abierto , y además Ø consideran que la actual licencia que tiene PATSA , la filial de Grand_Tibidabo que ha sido despojada de los activos , carece de valor al haber perdido los terrenos y equipamientos . </example>
        <example file="CESS-CAST-AA/20751_20000128.tbf.xml" nodepath="3.2.4.4.0.1.1.0.1.1.0.0" sentencenodepath="3">Chupa_Chups anunció esta mañana que la reserva a terceros efectuada ayer por el subastero José_Guindulaín suponía que la empresa pasaba a ser de su propiedad , pero poco después el alcalde de Barcelona , Joan_Clos , hizo público que el consistorio , de_acuerdo_con el ministerio de Trabajo_y_Seguridad_Social , pasará a ser propietario del parque de <argset><head>atracciones </head></argset>del Tibidabo al ejercer el derecho de tanteo sobre este equipamiento y sus terrenos . </example>
        <example file="CESS-CAST-AA/20751_20000128.tbf.xml" nodepath="7.4.1.3.1.1.1.1.1.1.1.1.0.0" sentencenodepath="7">Asimismo , Clos ha invitado a Enric_Bernat , propietario de Chupa_Chups , a que Ø presente un proyecto para invertir en el parque de <argset><head>atracciones </head></argset>Tibidabo . </example>
      </examples>
    </frame>
  </sense>
</lexentry>
