<?xml version="1.0" encoding="UTF-8" standalone="no"?>
<!-- 

  ancoralex-2.0.3
       
			Copyright (C) 2007,2008,2009,2010,2011 CLiC - UB
			Centre de Llenguatge i Computació - Universitat de Barcelona
 
  This file is part of ancoralex-2.0.3.
 
  ancoralex-2.0.3 is free software and data: you can redistribute it and/or modify
  it under the terms of the GNU General Public License as published
  by the Free Software Foundation, either version 3 of the License,
  or (at your option) any later version.

  ancoralex-2.0.3 is distributed in the hope that it will be useful,
  but WITHOUT ANY WARRANTY; without even the implied warranty of
  MERCHANTABILITY or FITNESS FOR A PARTICULAR PURPOSE.  See the
  GNU General Public License for more details.
 
  You should have received a copy of the GNU General Public License
  along with ancoralex-2.0.3.  If not, see &lt;http://www.gnu.org/licenses/&gt;.
 
  Check a text in catalan explaining the terms of the license at http://www.softcatala.cat/wiki/GPL3.
  In spanish at http://www.viti.es/gnu/licenses/gpl.html
  
  The following paper must be cited when using verb lexicon: 

 * Aparicio, Juan, Mariona Taulé, M.Antònia Martí (2008) 'AnCora-Verb: A Lexical Resource for 
   the Semantic Annotation of Corpora'. Proceedings of 6th International Conference on Language 
   Resources and Evaluation. Marrakesh (Morocco).

  The following paper must be cited when using noun lexicon: 

 * Peris, Aina, Mariona Taulé (2011). AnCora-Nom: A Spanish lexicon of deverbal nominalizations. 
   Procesamiento del Lenguaje Natural, nº46, pp. 11-18.
 
 

 

-->

<lexentry lemma="atraco" lng="es" origin="deverbal" type="noun">
  <sense cousin="no" denotation="result" id="1" lexicalized="no" originlemma="atracar" originlink="verb.atracar.1" wordnetsynset="16:00499935">
    <frame appearsinplural="yes" type="default">
      <argument argument="arg0" thematicrole="agt">
        <constituent frequency="1" postype="possessive" type="determiner"/>
      </argument>
      <specifiers>
        <constituent frequency="2" type="void"/>
        <constituent frequency="1" postype="possessive" type="determiner"/>
      </specifiers>
      <reference_modifiers>
        <constituent frequency="1" type="s.a"/>
      </reference_modifiers>
      <examples>
        <example file="CESS-CAST-P/65_20010701.tbf.xml" nodepath="7.4.1.1.1.0" sentencenodepath="7">Belsito siempre utilizaba armas de fuego para cometer <argset><argument argument="arg0" thematicrole="agt" type="spec">sus</argument><head>atracos </head></argset>. </example>
        <example file="CESS-CAST-P/78_19981202.tbf.xml" nodepath="1.2.1.1.1.2.0.1.1.0.2.0" sentencenodepath="1">La policía ha detenido a tres personas , con antecedentes por <argset>robos y <head>atracos </head>
          </argset>, que sustraían vehículos para cometer sus fechorías y que después los quemaban o despeñaban por un barranco del barrio barcelonés del Carmel para destruirlos . </example>
        <example file="CESS-CAST-P/9_20010601_a.tbf.xml" nodepath="11.0.0.1" sentencenodepath="11"><argset><reference_modifiers>Menudo</reference_modifiers><head>atraco </head></argset>. </example>
      </examples>
    </frame>
  </sense>
  <sense cousin="no" denotation="event" id="2" lexicalized="no" originlemma="atracar" originlink="verb.atracar.1" wordnetsynset="16:00499726">
    <frame appearsinplural="no" type="default">
      <argument argument="arg1" thematicrole="pat">
        <constituent frequency="1" preposition="a" type="sp"/>
      </argument>
      <specifiers>
        <constituent frequency="1" type="void"/>
      </specifiers>
      <examples>
        <example file="CESS-CAST-P/56_20000801_b.tbf.xml" nodepath="0.0.0.0" sentencenodepath="0"><argset><head>Atraco </head><argument argument="arg1" function="cn" thematicrole="pat" type="sp">a una entidad bancaria de Roquetes</argument></argset>. </example>
      </examples>
    </frame>
  </sense>
</lexentry>
