<?xml version="1.0" encoding="UTF-8" standalone="no"?>
<!-- 

  ancoralex-2.0.3
       
			Copyright (C) 2007,2008,2009,2010,2011 CLiC - UB
			Centre de Llenguatge i Computació - Universitat de Barcelona
 
  This file is part of ancoralex-2.0.3.
 
  ancoralex-2.0.3 is free software and data: you can redistribute it and/or modify
  it under the terms of the GNU General Public License as published
  by the Free Software Foundation, either version 3 of the License,
  or (at your option) any later version.

  ancoralex-2.0.3 is distributed in the hope that it will be useful,
  but WITHOUT ANY WARRANTY; without even the implied warranty of
  MERCHANTABILITY or FITNESS FOR A PARTICULAR PURPOSE.  See the
  GNU General Public License for more details.
 
  You should have received a copy of the GNU General Public License
  along with ancoralex-2.0.3.  If not, see &lt;http://www.gnu.org/licenses/&gt;.
 
  Check a text in catalan explaining the terms of the license at http://www.softcatala.cat/wiki/GPL3.
  In spanish at http://www.viti.es/gnu/licenses/gpl.html
  
  The following paper must be cited when using verb lexicon: 

 * Aparicio, Juan, Mariona Taulé, M.Antònia Martí (2008) 'AnCora-Verb: A Lexical Resource for 
   the Semantic Annotation of Corpora'. Proceedings of 6th International Conference on Language 
   Resources and Evaluation. Marrakesh (Morocco).

  The following paper must be cited when using noun lexicon: 

 * Peris, Aina, Mariona Taulé (2011). AnCora-Nom: A Spanish lexicon of deverbal nominalizations. 
   Procesamiento del Lenguaje Natural, nº46, pp. 11-18.
 
 

 

-->

<lexentry lemma="audiencia" lng="es" origin="deverbal" type="noun">
  <sense cousin="yes" denotation="result" id="1" lexicalized="no" originlemma="oír" originlink="verb.oír.2" wordnetsynset="16:06103316">
    <frame appearsinplural="no" type="default">
      <argument argument="arg0" thematicrole="agt">
        <constituent frequency="1" type="s.a"/>
      </argument>
      <argument argument="arg1" thematicrole="pat">
        <constituent frequency="1" type="s.a"/>
        <constituent frequency="2" preposition="de" type="sp"/>
      </argument>
      <argument argument="argM" thematicrole="adv">
        <constituent frequency="1" preposition="con" type="sp"/>
      </argument>
      <argument argument="argM" thematicrole="loc">
        <constituent frequency="1" preposition="en" type="sp"/>
      </argument>
      <specifiers>
        <constituent frequency="8" postype="indefinite" type="determiner"/>
        <constituent frequency="10" postype="article" type="determiner"/>
        <constituent frequency="1" postype="demonstrative" type="determiner"/>
        <constituent frequency="4" type="void"/>
      </specifiers>
      <reference_modifiers>
        <constituent frequency="7" type="s.a"/>
        <constituent frequency="4" type="S"/>
      </reference_modifiers>
      <examples>
        <example file="3LB-CAST/211_C-5.tbf.xml" nodepath="8.2.1.3.0.1.0" sentencenodepath="8">La nota informó de que el programa de la estancia de Putin en Madrid incluirá <argset><specifier>una</specifier><head>audiencia </head><argument argument="argM" function="cn" thematicrole="adv" type="sp">con el Rey</argument></argset>y negociaciones con el presidente del Gobierno , José_María_Aznar , " sobre la problemática internacional y las relaciones bilaterales " . </example>
        <example file="CESS-CAST-A/10242_20000816.tbf.xml" nodepath="1.0.1.1.0" sentencenodepath="1">Ante <argset><specifier>una</specifier><head>audiencia </head><reference_modifiers>entregada y nostálgica</reference_modifiers><reference_modifiers>, que la aclamó a_veces con lágrimas en los ojos ,</reference_modifiers></argset>la única superviviente del presidente asesinado aseguró que el llamamiento lanzado por su padre a_favor_de una " nueva frontera " para EEUU " no tiene límite temporal " y que " nosotros somos ahora la nueva frontera " . </example>
        <example file="CESS-CAST-A/11033_20000817.tbf.xml" nodepath="10.3.1.2.3.1.1.0" sentencenodepath="10">También intervino ante la convención el actor Tommy_Lee_Jones , quien deleitó a <argset><specifier>la</specifier><head>audiencia </head></argset>con sus recuerdos de Universidad junto_a Gore , con el que Ø vivió cuatro años , del que Ø ha sido amigo durante 35 años y de quien Ø dijo que " Ø es lo más cercano que Ø tengo a un hermano " . </example>
        <example file="CESS-CAST-A/11553_20000817.tbf.xml" nodepath="0.0.1.1.1.1.0" sentencenodepath="0">La solicitud de <argset><specifier>una</specifier><head>audiencia </head><argument argument="arg1" function="cn" thematicrole="pat" type="s.a">pública</argument></argset>por_parte_de dos diputadas ante el Tribunal_Constitucional ( TC ) ha retrasado de_nuevo el pronunciamiento de esa institución sobre la legalidad del recurso de amparo respecto_a la elección de presidente del Congreso ecuatoriano . </example>
        <example file="CESS-CAST-A/11553_20000817.tbf.xml" nodepath="3.0.1.1.1" sentencenodepath="3">Debido_a <argset><specifier>la</specifier><reference_modifiers>nueva</reference_modifiers><head>audiencia </head></argset>, la resolución del TC podría aplazarse incluso hasta la próxima semana . </example>
        <example file="CESS-CAST-A/13809_20001018.tbf.xml" nodepath="9.0.3.1.1.1.1.1.0" sentencenodepath="9">Los dos candidatos se sometieron a las preguntas de <argset><specifier>la</specifier><head>audiencia </head><reference_modifiers>, formada por 144 indecisos escogidos por la empresa de sondeos Gallup</reference_modifiers></argset>, y , cada uno de ellos , se movió de su silla para dirigirse al público directamente , además_de que en algún momento los dos se vieron frente_a_frente . </example>
        <example file="CESS-CAST-A/15355_20001120.tbf.xml" nodepath="9.3.1.0.2.3.1.0" sentencenodepath="9">La elección del próximo presidente de Estados_Unidos , no_obstante , depende del Tribunal_Supremo de Florida que hoy celebra <argset><specifier>una</specifier><head>audiencia </head><reference_modifiers>crucial</reference_modifiers></argset>para decidir sobre la validez de los recuentos manuales en estos tres condados del estado . </example>
        <example file="CESS-CAST-A/1587_20000703.tbf.xml" nodepath="0.3.2.1.0" sentencenodepath="0">El delantero Ronaldo_Luiz_Nazario_de_Lima negó hoy , en <argset><specifier>una</specifier><head>audiencia </head><argument argument="argM" function="cn" thematicrole="loc" type="sp">en la Policía_Federal brasileña</argument></argset>, haber " driblado " a la Aduana de su país al no declarar una compra hecha en Paraguay que habría superado el límite establecido por las autoridades . </example>
        <example file="CESS-CAST-A/1587_20000703.tbf.xml" nodepath="7.0.3.1.2.1.1.0" sentencenodepath="7">El jugador del Inter italiano se negó a dialogar con la prensa tras <argset><specifier>la</specifier><head>audiencia </head></argset>y Petrone se limitó a decir que el regalo de su amigo " se dañó quince días después " </example>
        <example file="CESS-CAST-A/19134_20000426.tbf.xml" nodepath="0.3.4.1.1.1.0" sentencenodepath="0">La dirección de la Televisión_de_Catalunya ( TV3 ) ha asegurado hoy que Ø ha puesto todos los medios para que <argset><specifier>toda la</specifier><head>audiencia </head><reference_modifiers>española</reference_modifiers></argset>pueda seguir el Gran_Premio_de_España_de_Fórmula_Uno , así_como el resto de carreras de esta temporada . </example>
        <example file="CESS-CAST-A/19134_20000426.tbf.xml" nodepath="2.0.3.2.4.2.1.1.1.0" sentencenodepath="2">" Ø No estamos poniendo ningún impedimento para que Televisión_Española ( TVE ) retransmita la prueba , ni que Ø acceda a todo el mundial . El año pasado Ø ya compartimos todas las carreras e , incluso , Ø no solicitamos oscurecer Catalunya para que <argset><specifier>la</specifier><head>audiencia </head></argset>no viera por La_2 la carrera " , ha añadido Oliva , quien ha recordado que el canal nacional no quiso transmitir los premios de Silverstone ni San_Marino . </example>
        <example file="CESS-CAST-AA/19378_20001024.tbf.xml" nodepath="1.2.2.1.0" sentencenodepath="1">Los 57 estudiantes llegados desde Bilbao , pertenecientes a los cinco cursos de la carrera de Derecho , deseaban visitar las instituciones del Estado y Ø habían solicitado <argset><specifier>esta</specifier><head>audiencia </head></argset>para poder tener un conocimiento directo de la Corona . </example>
        <example file="CESS-CAST-AA/19378_20001024.tbf.xml" nodepath="4.4.1.1.2.1.0" sentencenodepath="4">Además , los estudiantes fueron invitados por Don_Felipe a visitar , al_término_de <argset><specifier>la</specifier><head>audiencia </head></argset>, el Palacio_Real_de_Madrid . </example>
        <example file="CESS-CAST-AA/20450_20000325.tbf.xml" nodepath="7.0.3.1.0.0" sentencenodepath="7">Precisamente esta semana , el futuro comandante de la fuerza multinacional desplegada en la zona ( KFOR ) , el general español Juan_Ortuño , fue recibido en <argset><head>audiencia </head></argset>por el Rey_Juan_Carlos y Ø se entrevistó con el ministro de Defensa , Eduardo_Serra , antes de incorporarse a su nuevo puesto en Pristina . </example>
        <example file="CESS-CAST-AA/8396_20000310.tbf.xml" nodepath="6.0.1.1.0" sentencenodepath="6">Al_término_de <argset><specifier>la</specifier><head>audiencia </head><reference_modifiers>en la que presentó hoy su dimisión al Rey</reference_modifiers></argset>, Bondevik subrayó que Ø había basado la renuncia de su gabinete en el rechazo de la oposición a su propuesta para evitar que las severas leyes ambientales quedaran debilitadas . </example>
        <example file="CESS-CAST-P/10_20010301.tbf.xml" nodepath="5.4.2.1.1.1.1.1.0.0" sentencenodepath="5">Pero al_menos los telediarios deberían salvaguardar la racionalidad y la ética de una información desapasionada , más allá de las ratios de <argset><head>audiencia </head></argset>. </example>
        <example file="CESS-CAST-P/135_19981201_d.tbf.xml" nodepath="1.2.4.1.0" sentencenodepath="1">El prestigioso compositor norteamericano considera que " se está creando <argset><specifier>una</specifier><head>audiencia </head><reference_modifiers>nueva</reference_modifiers><reference_modifiers>que viene a la ópera con el ánimo de ver algo diferente</reference_modifiers></argset>" . </example>
        <example file="CESS-CAST-P/158_20010602.tbf.xml" nodepath="1.0.3.1.1.1.3.1.0" sentencenodepath="1">Domènec_Reixach , con un presupuesto coherente con la realidad del Nacional , huye de una política que busque descaradamente <argset><specifier>la</specifier><head>audiencia </head></argset>( un tema que está haciendo daño a la cultura teatral , en_particular ) y Ø apunta hacia una programación que en última instancia busca formar y consolidar un público fiel para el TNC . </example>
        <example file="CESS-CAST-P/199_20001201.tbf.xml" nodepath="2.1.3.1.0" sentencenodepath="2">Para celebrar este 50 aniversario no se ha escatimado en gastos : 100 jóvenes de 18 a 25 años rivalizando hasta el último minuto por un título merecen <argset><specifier>una</specifier><head>audiencia </head><reference_modifiers>digna de una Copa_del_Mundo de fútbol</reference_modifiers></argset>. </example>
        <example file="CESS-CAST-P/34_19981202.tbf.xml" nodepath="2.0.1.1.1.1" sentencenodepath="2">Al abrir <argset><specifier>la</specifier><reference_modifiers>segunda</reference_modifiers><head>audiencia </head><argument argument="arg0" function="cn" thematicrole="agt" type="s.a">pública</argument><argument argument="arg1" function="cn" thematicrole="pat" type="sp">del comité judicial</argument></argset>, su presidente , Henry_Hyde , sostuvo que " cometer perjurio no es aceptable y Ø debe tener consecuencias " , por lo que el comité se propone seguir adelante con la investigación contra Clinton . </example>
        <example file="CESS-CAST-P/38_19990902_a.tbf.xml" nodepath="1.2.0.1.1.0.1.2.1.2.1.1.1.0.0" sentencenodepath="1">Ø Son datos de Sofres , la empresa que realiza las mediciones de <argset><head>audiencia </head><argument argument="arg1" function="cn" thematicrole="pat" type="sp">de la Corporació_Catalana_de_Ràdio_i_Televisió ( CCRTV )</argument></argset>. </example>
        <example file="CESS-CAST-P/83_19990701.tbf.xml" nodepath="3.0.1.1.0" sentencenodepath="3">Entre <argset><specifier>la</specifier><head>audiencia </head></argset>se podía ver a políticos como Enrique_Lacalle ; el conseller de Presidència_de_la_Generalitat , Xavier_Trias ; el ministro Josep_Piqué y la delegada del Gobierno , Julia_García-Valdecasas . </example>
        <example file="CESS-CAST-P/91_20010301.tbf.xml" nodepath="8.4.0.1.1.2.1.0.1.1.1.0.0" sentencenodepath="8">Además , Ø se muestra en_contra de transformar las desgracias en shows para captar <argset><head>audiencia </head></argset>. </example>
      </examples>
    </frame>
  </sense>
  <sense cousin="yes" denotation="event" id="2" lexicalized="no" originlemma="oír" originlink="verb.oír.2" wordnetsynset="16:10391014">
    <frame appearsinplural="no" type="default">
      <argument argument="arg0" thematicrole="agt">
        <constituent frequency="1" preposition="con" type="sp"/>
      </argument>
      <argument argument="arg1" thematicrole="pat">
        <constituent frequency="1" preposition="de" type="sp"/>
      </argument>
      <argument argument="argM" thematicrole="loc">
        <constituent frequency="1" preposition="en" type="sp"/>
      </argument>
      <specifiers>
        <constituent frequency="1" postype="article" type="determiner"/>
      </specifiers>
      <examples>
        <example file="3LB-CAST/r2-0.tbf.xml" nodepath="10.0.5.2.2.1.0" sentencenodepath="10">Porque esta mujer de 36 años ha sido un verdadero revulsivo de la vida política española en el último año , desde_que , tras <argset><specifier>la</specifier><head>audiencia </head><argument argument="arg1" function="cn" thematicrole="pat" type="sp">de los portavoces parlamentarios</argument><argument argument="arg0" function="cn" thematicrole="agt" type="sp">con el Rey</argument><argument argument="argM" function="cn" thematicrole="loc" type="sp">en La_Zarzuela</argument></argset>, Ø aludiese al - ciudadano Juan_Carlos - refiriéndose al Monarca . </example>
      </examples>
    </frame>
  </sense>
</lexentry>
