<?xml version="1.0" encoding="UTF-8" standalone="no"?>
<!-- 

  ancoralex-2.0.3
       
			Copyright (C) 2007,2008,2009,2010,2011 CLiC - UB
			Centre de Llenguatge i Computació - Universitat de Barcelona
 
  This file is part of ancoralex-2.0.3.
 
  ancoralex-2.0.3 is free software and data: you can redistribute it and/or modify
  it under the terms of the GNU General Public License as published
  by the Free Software Foundation, either version 3 of the License,
  or (at your option) any later version.

  ancoralex-2.0.3 is distributed in the hope that it will be useful,
  but WITHOUT ANY WARRANTY; without even the implied warranty of
  MERCHANTABILITY or FITNESS FOR A PARTICULAR PURPOSE.  See the
  GNU General Public License for more details.
 
  You should have received a copy of the GNU General Public License
  along with ancoralex-2.0.3.  If not, see &lt;http://www.gnu.org/licenses/&gt;.
 
  Check a text in catalan explaining the terms of the license at http://www.softcatala.cat/wiki/GPL3.
  In spanish at http://www.viti.es/gnu/licenses/gpl.html
  
  The following paper must be cited when using verb lexicon: 

 * Aparicio, Juan, Mariona Taulé, M.Antònia Martí (2008) 'AnCora-Verb: A Lexical Resource for 
   the Semantic Annotation of Corpora'. Proceedings of 6th International Conference on Language 
   Resources and Evaluation. Marrakesh (Morocco).

  The following paper must be cited when using noun lexicon: 

 * Peris, Aina, Mariona Taulé (2011). AnCora-Nom: A Spanish lexicon of deverbal nominalizations. 
   Procesamiento del Lenguaje Natural, nº46, pp. 11-18.
 
 

 

-->

<lexentry lemma="aumento" lng="es" origin="deverbal" type="noun">
  <sense cousin="no" denotation="result" id="1" lexicalized="no" originlemma="aumentar" originlink="verb.aumentar.1" wordnetsynset="16:05479891">
    <frame appearsinplural="yes" type="anticausative">
      <argument argument="arg1" thematicrole="tem">
        <constituent frequency="6" preposition="de" type="sp"/>
        <constituent frequency="3" type="sp"/>
      </argument>
      <argument argument="arg2" thematicrole="ext">
        <constituent frequency="1" preposition="de" type="sp"/>
      </argument>
      <argument argument="arg4" thematicrole="efi">
        <constituent frequency="1" preposition="hasta" type="sp"/>
      </argument>
      <argument argument="argM" thematicrole="ext">
        <constituent frequency="1" preposition="de" type="sp"/>
      </argument>
      <argument argument="argM" thematicrole="loc">
        <constituent frequency="1" preposition="en" type="sp"/>
      </argument>
      <argument argument="argM" thematicrole="cau">
        <constituent frequency="1" preposition="como_consecuencia_de" type="sp"/>
      </argument>
      <argument argument="argM" thematicrole="tmp">
        <constituent frequency="1" preposition="en" type="sp"/>
      </argument>
      <specifiers>
        <constituent frequency="6" postype="indefinite" type="determiner"/>
        <constituent frequency="1" type="void"/>
        <constituent frequency="3" postype="article" type="determiner"/>
      </specifiers>
      <reference_modifiers>
        <constituent frequency="1" type="s.a"/>
        <constituent frequency="1" type="sn"/>
      </reference_modifiers>
      <examples>
        <example file="3LB-CAST/2000060104_5-1.tbf.xml" nodepath="0.0.2.1.0" sentencenodepath="0">Las exportaciones de vinos chilenos registraron <argset><specifier>un</specifier><head>aumento </head><argument argument="argM" function="cn" thematicrole="ext" type="sp">del 23,3_por_ciento</argument></argset>en abril_pasado en comparación con el mismo mes de 1999 , hasta los 164,4 millones de dólares , informaron hoy fuentes del sector . </example>
        <example file="CESS-CAST-A/13738_20000217.tbf.xml" nodepath="4.3.1.1.0" sentencenodepath="4">El aumento del número de empresas influye directamente en <argset><specifier>un</specifier><head>aumento </head><argument argument="arg1" function="cn" thematicrole="tem" type="sp">del número de marcas que comercializan</argument></argset>. </example>
        <example file="CESS-CAST-A/14149_20001118.tbf.xml" nodepath="1.2.1.0" sentencenodepath="1">El presidente estadounidense anunció <argset><specifier>un</specifier><head>aumento </head><argument argument="arg1" function="cn" thematicrole="tem" type="sp">de la cooperación con Vietnam para detectar y desactivar minas y explosivos usados en la guerra , que cada año matan o hieren a unas 2.000 personas en este país</argument></argset>. </example>
        <example file="CESS-CAST-A/14635_20000121.tbf.xml" nodepath="1.0.4.0.0" sentencenodepath="1">Aunque todavía no hay datos oficiales , a_través_de denuncias puntuales se constatan <argset><head>aumentos </head><argument argument="arg1" function="cn" thematicrole="tem" type="sp">del 50 y del 100_por_ciento y hasta del 400_por_ciento</argument></argset>, dijo a EFE la directora de la Tribuna , María_José_Troya . </example>
        <example file="CESS-CAST-A/14827_20000719.tbf.xml" nodepath="12.6.1.1.0" sentencenodepath="12">Los productores de café de Costa_Rica también se mostraron optimistas hoy por <argset><specifier>el</specifier><head>aumento </head><argument argument="arg1" function="cn" thematicrole="tem" type="sp">del precio del grano</argument><argument argument="argM" function="cn" thematicrole="loc" type="sp">en el mercado internacional</argument><argument argument="argM" function="cn" thematicrole="cau" type="sp">como_consecuencia_de las heladas en las plantaciones brasileñas</argument></argset>. </example>
        <example file="CESS-CAST-A/16977_20000722.tbf.xml" nodepath="9.2.2.5.1.1" sentencenodepath="9">La producción de café colombiano está calculada entre 9,5 y 10 millones de sacas de 60 kilos , en el año cafetero octubre_de_1999 a septiembre_de_2000 , y en cerca de 11,5 millones de sacas en el actual año civil , porque para el último trimestre de 2000 se espera <argset><specifier>un</specifier><reference_modifiers>importante</reference_modifiers><head>aumento </head><argument argument="arg1" function="cn" thematicrole="tem" type="sp">en la producción</argument><reference_modifiers>, resultado del plan de renovación de cultivos iniciado hace varios años</reference_modifiers></argset>. </example>
        <example file="CESS-CAST-A/17887_20000622.tbf.xml" nodepath="9.0.2.1.0" sentencenodepath="9">La evolución del balance muestra <argset><specifier>un</specifier><head>aumento </head><argument argument="arg2" function="cn" thematicrole="ext" type="sp">del 10,86%</argument><argument argument="arg1" function="cn" thematicrole="tem" type="sp">en los depósitos de acreedores</argument><argument argument="arg4" function="cn" thematicrole="efi" type="sp">hasta alcanzar 121.181 millones</argument></argset>, mientras_que los recursos de fuera de balance ( fondos y planes de pensiones ) tuvieron una evolución muy dispar , con una caída del 9,82% en los fondos . </example>
        <example file="CESS-CAST-AA/2137_20000704.tbf.xml" nodepath="4.1.1.2.1.0.3.2.2.1.0" sentencenodepath="4">Sin_embargo , la aparición reciente de indicadores económicos positivos , como el descenso del desempleo y <argset><specifier>el</specifier><head>aumento </head><argument argument="arg1" function="cn" thematicrole="tem" type="sp">de la confianza inversora de las principales empresas</argument></argset>, le abren el camino para una nueva etapa con una política monetaria más flexible y tipos de interés más altos . </example>
        <example file="CESS-CAST-AA/21460_20000526.tbf.xml" nodepath="4.3.1.2.3.1.0.1.0" sentencenodepath="4">Para el coordinador de IU en Asturias , el rechazo a la OPA era la única medida que podía adoptar el Gobierno ante <argset><specifier>el</specifier><head>aumento </head><argument argument="arg1" function="cn" thematicrole="tem" type="sp">de la concentración del sector eléctrico</argument></argset>y la incidencia que la misma tendría en los consumidores . </example>
        <example file="CESS-CAST-P/40_20000202.tbf.xml" nodepath="12.3.2.1.0" sentencenodepath="12">Estrategia agresiva Los analistas adelantaron que Gore pudo haberse resentido de la agresividad exhibida por Bradley durante el fin de semana , cuando Ø atacó sin piedad su carácter , y Ø auguraron <argset><specifier>un</specifier><head>aumento </head><argument argument="arg1" function="cn" thematicrole="tem" type="sp">de las escaramuzas entre ambos</argument><argument argument="argM" function="cn" thematicrole="tmp" type="sp">en las próximas contiendas</argument></argset>. </example>
      </examples>
    </frame>
    <frame appearsinplural="yes" type="default">
      <argument argument="arg0" thematicrole="cau">
        <constituent frequency="1" preposition="por" type="sp"/>
      </argument>
      <argument argument="arg1" thematicrole="tem">
        <constituent frequency="16" preposition="de" type="sp"/>
        <constituent frequency="1" preposition="en" type="sp"/>
        <constituent frequency="1" type="s.a"/>
      </argument>
      <argument argument="arg2" thematicrole="ext">
        <constituent frequency="4" preposition="de" type="sp"/>
      </argument>
      <argument argument="argM" thematicrole="loc">
        <constituent frequency="1" preposition="en" type="sp"/>
      </argument>
      <argument argument="argM" thematicrole="tmp">
        <constituent frequency="1" preposition="de" type="sp"/>
      </argument>
      <argument argument="argM" thematicrole="ext">
        <constituent frequency="1" preposition="de" type="sp"/>
      </argument>
      <specifiers>
        <constituent frequency="13" postype="indefinite" type="determiner"/>
        <constituent frequency="3" postype="demonstrative" type="determiner"/>
        <constituent frequency="3" type="void"/>
        <constituent frequency="8" postype="article" type="determiner"/>
      </specifiers>
      <reference_modifiers>
        <constituent frequency="7" type="s.a"/>
        <constituent frequency="2" type="S"/>
        <constituent frequency="1" preposition="respecto_del" type="sp"/>
      </reference_modifiers>
      <examples>
        <example file="3LB-CAST/dc1-7.tbf.xml" nodepath="3.2.2.1.0.1.0" sentencenodepath="3">Los aludes tienen_lugar en las laderas con inclinación superior a los 22 grados , y Ø pueden iniciarse por <argset><specifier>un</specifier><head>aumento </head><argument argument="arg1" function="cn" thematicrole="tem" type="sp">de temperatura</argument></argset>, una fuerte ráfaga de viento , un ruido intenso o el simple paso descuidado de un esquiador . </example>
        <example file="3LB-CAST/dc3-3.tbf.xml" nodepath="8.0.0.1.1.0" sentencenodepath="8">Junto_con <argset><specifier>este</specifier><head>aumento </head><argument argument="arg1" function="cn" thematicrole="tem" type="sp">en la estabilidad</argument></argset>, la conductividad aumenta sorprendentemente hasta 147000 S._cm_-_' , lo que le sitúa en un valor incluso mayor que el cobre en_relación_a su peso . </example>
        <example file="3LB-CAST/dc3-6.tbf.xml" nodepath="1.5.0.0" sentencenodepath="1">No_obstante , sometidos a un dopado oxidante Ø muestran a_menudo <argset><head>aumentos </head><reference_modifiers>sustanciales</reference_modifiers><argument argument="arg1" function="cn" thematicrole="tem" type="sp">de la conductividad</argument></argset>. </example>
        <example file="CESS-CAST-AA/19695_20000427.tbf.xml" nodepath="2.0.2.0.0" sentencenodepath="2">Varios sindicatos estatales reclaman <argset><head>aumentos </head><argument argument="arg1" function="cn" thematicrole="tem" type="s.a">salariales</argument></argset>y los estudiantes rechazan el incremento de las tarifas del transporte público . </example>
        <example file="CESS-CAST-AA/19695_20000427.tbf.xml" nodepath="15.2.2.1.0" sentencenodepath="15">Los ajustes incluyen dos incrementos del 60_por_ciento en los precios de los combustibles ( julio y octubre ) , <argset><specifier>el</specifier><head>aumento </head><argument argument="arg1" function="cn" thematicrole="tem" type="sp">de las tarifas eléctricas</argument></argset>, una revisión de la política tributaria , aunque también compensaciones del 20_por_ciento a los salarios en los mismos meses . </example>
        <example file="CESS-CAST-AA/20019_20000427.tbf.xml" nodepath="8.2.3.1.1" sentencenodepath="8">Internet se está consolidando como un instrumento de trabajo para el sector turístico y para los próximos años se prevé <argset><specifier>un</specifier><reference_modifiers>importante</reference_modifiers><head>aumento </head><argument argument="arg1" function="cn" thematicrole="tem" type="sp">de la venta de productos turísticos a_través_de la red</argument></argset>. </example>
        <example file="CESS-CAST-AA/21423_20000428.tbf.xml" nodepath="10.2.1.0.1.1.1.2.1.1.0" sentencenodepath="10">Las protestas estallaron un día después de la entrada en vigor de <argset><specifier>un</specifier><head>aumento </head><argument argument="arg1" function="cn" thematicrole="tem" type="sp">del 33_por_ciento de las tarifas para las categorías preferencial y popular de transporte colectivo</argument></argset>. </example>
        <example file="CESS-CAST-AA/21423_20000428.tbf.xml" nodepath="11.2.1.2.1.2.1.1.1.0.1.0.1.1.0.2.4.1.0" sentencenodepath="11">La Asociación_de_Empresarios_de_Autobuses_Urbanos ha acatado la decisión del presidente del país , Alfonso_Portillo , de restablecer el servicio con los precios vigentes antes del pasado día_24 , cuando entró en vigor <argset><specifier>el</specifier><head>aumento </head></argset>. </example>
        <example file="CESS-CAST-AA/2921_20001105.tbf.xml" nodepath="1.0.1.1" sentencenodepath="1"><argset><specifier>El</specifier><reference_modifiers>mayor</reference_modifiers><head>aumento </head></argset>corresponde a Navarra , donde los 3.379 millones previstos en el proyecto del 2001 suponen un 126_por_ciento más que la cantidad incluida en el 2000 . </example>
        <example file="CESS-CAST-AA/3836_20000204.tbf.xml" nodepath="7.2.1.0" sentencenodepath="7">Las cifras mostraron <argset><specifier>un</specifier><head>aumento </head><argument argument="arg2" function="cn" thematicrole="ext" type="sp">de 387.000 empleos , más de lo que esperaban los analistas y la mayor tasa de aumento de la fuerza laboral estadounidense en más de dos años</argument></argset>. </example>
        <example file="CESS-CAST-AA/3836_20000204.tbf.xml" nodepath="13.3.4.1.0" sentencenodepath="13">Sin_embargo , muchos analistas explican que el hecho de que la economía crezca tanto no implica <argset><specifier>un</specifier><head>aumento </head><argument argument="arg1" function="cn" thematicrole="tem" type="sp">de la inflación</argument></argset>, pues Ø argumentan que el aumento de la actividad se debe a las mejoras de la productividad de los trabajadores , derivadas del cambio tecnológico . </example>
        <example file="CESS-CAST-AA/5244_20000908.tbf.xml" nodepath="6.3.2.4.1.0" sentencenodepath="6">La portavoz de la Asociación_de_Consumidores_Australianos ( ACA ) , Gayle_Kennedy , indicó a EFE que " naturalmente por la dimensión de los Juegos Ø tendremos que esperar <argset><specifier>un</specifier><head>aumento </head><argument argument="arg1" function="cn" thematicrole="tem" type="sp">de precios</argument></argset>como Ø sucedió en Atlanta ( EEUU ) y Barcelona ( España ) , sin_embargo , si el consumidor considera que el precio no es justo Ø puede usar un último recurso : el regateo " . </example>
        <example file="CESS-CAST-AA/7380_20000209.tbf.xml" nodepath="9.2.0.1.3.1.1.0" sentencenodepath="9">" Ø Debemos luchar contra todo aquello que contribuya a la resignación y el silencio de las víctimas " , subrayó Aznar , quien agregó que <argset><specifier>el</specifier><head>aumento </head><argument argument="arg1" function="cn" thematicrole="tem" type="sp">del número de denuncias</argument></argset>demuestra que las diversas campañas llevadas_a_cabo por el Gobierno y por distintas asociaciones de mujeres están cumpliendo un importante papel . </example>
        <example file="CESS-CAST-AA/8222_20000310.tbf.xml" nodepath="2.2.1.0" sentencenodepath="2">Dentro_de los alimentos hortofrutícolas , resaltan <argset><specifier>los</specifier><head>aumentos </head><argument argument="arg1" function="cn" thematicrole="tem" type="sp">de esta diferencia</argument><argument argument="argM" function="cn" thematicrole="loc" type="sp">en las cotizaciones del fresón</argument></argset>, puesto_que en 1999 el margen mayorista de este producto creció el 59_por_ciento respecto_al año anterior , en_tanto_que el margen minorista se incrementó el 42_por_ciento . </example>
        <example file="CESS-CAST-AA/8439_20001011.tbf.xml" nodepath="6.0.1.1" sentencenodepath="6"><argset><specifier>El</specifier><reference_modifiers>mayor</reference_modifiers><head>aumento </head><argument argument="arg1" function="cn" thematicrole="tem" type="sp">de precios de septiembre</argument></argset>fue registrado en la norteña ciudad de Belén , con el 1,08_por_ciento , debido_a un reajuste de las tarifas eléctricas . </example>
        <example file="CESS-CAST-P/110_20000401.tbf.xml" nodepath="5.0.0.1.1.1.1.1.1.0" sentencenodepath="5">Una de las razones de <argset><specifier>este</specifier><head>aumento </head><argument argument="arg1" function="cn" thematicrole="tem" type="sp">del paro</argument></argset>son los planes de reestructuración llevados_a_cabo por algunas de las grandes empresas japonesas . </example>
        <example file="CESS-CAST-P/111_20010702.tbf.xml" nodepath="1.2.1.0" sentencenodepath="1">El punto de mayor conflicto es <argset><specifier>el</specifier><head>aumento </head><argument argument="arg1" function="cn" thematicrole="tem" type="sp">del salario mínimo</argument></argset>. </example>
        <example file="CESS-CAST-P/119_20010401.tbf.xml" nodepath="13.4.1.1.1.1.1.3.2.2.1.0.0" sentencenodepath="13">El Servicio_de_Protección_Civil ya había advertido hace unos días de la posibilidad de un riesgo de aludes en esta zona , derivado de las últimas nevadas registradas en el Pirineo aragonés y del <argset><head>aumento </head><argument argument="arg1" function="cn" thematicrole="tem" type="sp">de temperatura</argument><argument argument="argM" function="cn" thematicrole="tmp" type="sp">de los últimos días</argument></argset>. </example>
        <example file="CESS-CAST-P/139_20010103.tbf.xml" nodepath="11.3.3.1.1" sentencenodepath="11">Los demás soportes presentan una participación residual , si_bien destaca <argset><specifier>el</specifier><reference_modifiers>fuerte</reference_modifiers><head>aumento </head><reference_modifiers>experimentado por las ventas de sencillos , que en 1999 absorbieron casi el 4% del mercado total</reference_modifiers></argset>. </example>
        <example file="CESS-CAST-P/2_20010702.tbf.xml" nodepath="0.3.1.0" sentencenodepath="0">En los últimos años , la demanda de electricidad ha experimentado <argset><specifier>un</specifier><head>aumento </head><reference_modifiers>continuo</reference_modifiers><reference_modifiers>que , según prevén los expertos , seguirá en el futuro</reference_modifiers></argset>. </example>
        <example file="CESS-CAST-P/55_20010103.tbf.xml" nodepath="1.5.2.0.2.1.0" sentencenodepath="1">Los consumidores tendrán que pagar ahora 1.309 pesetas por cada envase de 12,5 kilogramos , lo que supone <argset><specifier>un</specifier><head>aumento </head><argument argument="argM" function="cn" thematicrole="ext" type="sp">del 15,33%</argument><reference_modifiers>respecto_del precio anterior</reference_modifiers></argset>. </example>
        <example file="CESS-CAST-P/67_19981201.tbf.xml" nodepath="2.5.1.0.2.0.1.0" sentencenodepath="2">Según la ONCE , las ventas del cupón han crecido este año entre un 1,8% y un 2% lo que supone <argset><specifier>un</specifier><head>aumento </head><reference_modifiers>similar al del IPC</reference_modifiers></argset>y , en términos reales , una cifra similar al crecimiento cero . </example>
        <example file="CESS-CAST-P/67_20000902.tbf.xml" nodepath="4.0.1.1.0" sentencenodepath="4">Pese_a <argset><specifier>este</specifier><head>aumento </head><argument argument="arg1" function="cn" thematicrole="tem" type="sp">de la facturación</argument></argset>, los beneficios netos cayeron el 3% hasta 164.500 millones de pesetas . </example>
        <example file="CESS-CAST-P/69_20000102.tbf.xml" nodepath="8.2.3.1.1.1.0" sentencenodepath="8">Los médicos del Hospital_de_Cabueñes decidieron sacar al bebé de esa incubadora natural en la que se convirtió el vientre de su madre al detectarse <argset><specifier>un</specifier><head>aumento </head><argument argument="arg1" function="cn" thematicrole="tem" type="sp">del líquido amniótico</argument><argument argument="arg0" function="cn" thematicrole="cau" type="sp">por posible infección</argument></argset>, lo que amenazaba con provocar un parto prematuro . </example>
        <example file="CESS-CAST-P/69_20010201_e.tbf.xml" nodepath="3.2.2.1.0" sentencenodepath="3">Destaca el automóvil , con <argset><specifier>un</specifier><head>aumento </head><argument argument="arg2" function="cn" thematicrole="ext" type="sp">del 32%</argument></argset>. </example>
        <example file="CESS-CAST-P/69_20020501.tbf.xml" nodepath="0.4.1.1.1.0" sentencenodepath="0">MÁS de UN 85% de los trabajadores del sector del metal de Berlín y Brandeburgo apoyaron ayer una convocatoria de huelga para defender <argset><specifier>un</specifier><head>aumento </head><argument argument="arg1" function="cn" thematicrole="tem" type="sp">de los salarios</argument><argument argument="arg2" function="cn" thematicrole="ext" type="sp">del 6,5%</argument></argset>. </example>
        <example file="CESS-CAST-P/81_20001001.tbf.xml" nodepath="1.3.1.2.3.1.1.2.1.0" sentencenodepath="1">Según el Fiscal_General_del_Estado , destacan por su importancia y frecuencia los delitos de abandono de la familia , que alcanzan las 16.450 causas , con <argset><specifier>un</specifier><head>aumento </head><argument argument="arg2" function="cn" thematicrole="ext" type="sp">del 10%</argument></argset>. </example>
      </examples>
    </frame>
  </sense>
  <sense cousin="no" denotation="event" id="2" lexicalized="no" originlemma="aumentar" originlink="verb.aumentar.1" wordnetsynset="16:05459005">
    <frame appearsinplural="no" type="anticausative">
      <argument argument="arg1" thematicrole="tem">
        <constituent frequency="1" preposition="de" type="sp"/>
      </argument>
      <argument argument="argM" thematicrole="tmp">
        <constituent frequency="1" preposition="durante" type="sp"/>
      </argument>
      <specifiers>
        <constituent frequency="1" postype="indefinite" type="determiner"/>
      </specifiers>
      <reference_modifiers>
        <constituent frequency="1" type="s.a"/>
      </reference_modifiers>
      <examples>
        <example file="CESS-CAST-P/56_20000801_d.tbf.xml" nodepath="2.2.3.2.1.2.1.1.2.3.1.1" sentencenodepath="2">La entidad argumenta que las frecuentes interrupciones del suministro provocan importantes pérdidas económicas y Ø dan una mala imagen de esta zona turística , que registra <argset><specifier>un</specifier><reference_modifiers>importante</reference_modifiers><head>aumento </head><argument argument="arg1" function="cn" thematicrole="tem" type="sp">de población y actividad</argument><argument argument="argM" function="cn" thematicrole="tmp" type="sp">durante los meses de verano</argument></argset>. </example>
      </examples>
    </frame>
  </sense>
  <sense cousin="no" denotation="underspecified" id="3" lexicalized="no" originlemma="aumentar" originlink="verb.aumentar.1" wordnetsynset="16:05479891+16:05459005+16:09729055">
    <frame appearsinplural="no" type="default">
      <argument argument="arg0" thematicrole="cau">
        <constituent frequency="1" preposition="de" type="sp"/>
      </argument>
      <argument argument="arg1" thematicrole="tem">
        <constituent frequency="18" preposition="de" type="sp"/>
      </argument>
      <argument argument="argM" thematicrole="tmp">
        <constituent frequency="1" preposition="a" type="sp"/>
        <constituent frequency="1" preposition="en" type="sp"/>
      </argument>
      <argument argument="argM" thematicrole="mnr">
        <constituent frequency="1" preposition="por" type="sp"/>
      </argument>
      <specifiers>
        <constituent frequency="11" postype="article" type="determiner"/>
        <constituent frequency="5" type="void"/>
        <constituent frequency="2" postype="indefinite" type="determiner"/>
      </specifiers>
      <reference_modifiers>
        <constituent frequency="2" type="S"/>
        <constituent frequency="3" type="s.a"/>
        <constituent frequency="1" type="sn"/>
      </reference_modifiers>
      <examples>
        <example file="3LB-CAST/104_c-1.tbf.xml" nodepath="9.4.1.1.0" sentencenodepath="9">Ante unas mil personas , entre ellas la ministra de Ciencia_y_Tecnología , Anna_Birulés , el alcalde de Barcelona , Joan_Clos , la Delegada del Gobierno , Julia_García_Valdecasas , y una nutrida representación del gobierno catalán , Pujol dio un toque de alerta sobre <argset><specifier>el</specifier><head>aumento </head><argument argument="arg1" function="cn" thematicrole="tem" type="sp">de los accidentes laborales</argument></argset>. </example>
        <example file="3LB-CAST/111_C-1.tbf.xml" nodepath="16.5.2.1.2.1.0" sentencenodepath="16">Posteriormente , Barak se entrevistará con Clinton , para analizar los nuevos pasos en el proceso de paz en el Oriente_Medio , tras la retirada del ejército israelí del sur de Líbano , así_como <argset><specifier>el</specifier><head>aumento </head><argument argument="arg1" function="cn" thematicrole="tem" type="sp">de las reivindicaciones de la Autoridad_Palestina</argument></argset>. </example>
        <example file="3LB-CAST/2000060204_5-2.tbf.xml" nodepath="6.0.1.0.0" sentencenodepath="6">Pese_al <argset><head>aumento </head><argument argument="arg1" function="cn" thematicrole="tem" type="sp">del total de contratos</argument></argset>, los de carácter fijo han sufrido un retroceso en comparación con mayo_de_1999 , cuando se firmaron 147.587 , lo que representó el 13,07_por_ciento del total y significa que la temporalidad ha crecido . </example>
        <example file="3LB-CAST/2000060211_6-3.tbf.xml" nodepath="1.2.4.1.2.1.0" sentencenodepath="1">Pese_a_que los agentes de seguridad intentaron proteger al gobernador , algunos manifestantes lograron llegar hasta él y tras agarrarlo por las ropas Ø le increparon por no conceder <argset><specifier>el</specifier><head>aumento </head><argument argument="arg1" function="cn" thematicrole="tem" type="sp">de sueldo</argument><reference_modifiers>exigido</reference_modifiers></argset>. </example>
        <example file="3LB-CAST/204_c-5.tbf.xml" nodepath="10.0.1.0.0" sentencenodepath="10">Pese_al <argset><head>aumento </head><argument argument="arg1" function="cn" thematicrole="tem" type="sp">del total de contratos</argument></argset>, los de carácter fijo han sufrido un retroceso en comparación con mayo_de_1999 , cuando se firmaron 147.587 , lo que representó el 13,07_por_ciento del total y significa que la temporalidad ha crecido . </example>
        <example file="3LB-CAST/204_c-6.tbf.xml" nodepath="2.0.1.0" sentencenodepath="2"><argset><specifier>El</specifier><head>aumento </head><argument argument="arg1" function="cn" thematicrole="tem" type="sp">del índice de desempleo estadounidense</argument></argset>fortaleció hoy considerablemente al euro , que a las 15.35 GMT se cotizaba en el mercado de divisas de Fráncfort a 0,9452 dólares , frente_a los 0,9349 dólares de esta mañana . </example>
        <example file="3LB-CAST/dc3-10.tbf.xml" nodepath="9.5.2.3.1.2.1.0.0" sentencenodepath="9">Al_igual_que en los metales , en esta situación , la conductividad ( a ) disminuye como consecuencia de las vibraciones reticulares , lo que explica también el efecto , antes mencionado para el complejo TCNQ-TTF , de <argset><head>aumento </head><argument argument="arg1" function="cn" thematicrole="tem" type="sp">de 1</argument><argument argument="argM" function="cn" thematicrole="tmp" type="sp">al disminuir la temperatura y , con ella , las vibraciones reticulares</argument></argset>. </example>
        <example file="3LB-CAST/dc3-2.tbf.xml" nodepath="3.3.1.1.1" sentencenodepath="3">La clave de este logro se basaba en <argset><specifier>el</specifier><reference_modifiers>gran</reference_modifiers><head>aumento </head><argument argument="arg1" function="cn" thematicrole="tem" type="sp">de la conductividad</argument><reference_modifiers>que se producía al exponer el poliacetileno a la presencia de un agente oxidante ( - dopado - ) , llegándose a valores de 200</reference_modifiers></argset>. </example>
        <example file="CESS-CAST-AA/23896_20000530.tbf.xml" nodepath="10.0.2.5.2.1.0" sentencenodepath="10">" Convendrá que el Banco_Central_Europeo ( BCE ) continúe orientando la política monetaria hacia una mayor neutralidad , con <argset><specifier>un</specifier><head>aumento </head><argument argument="arg1" function="cn" thematicrole="tem" type="sp">de los tipos de interés</argument><reference_modifiers>gradual</reference_modifiers></argset>" , aconseja la OCDE . </example>
        <example file="CESS-CAST-AA/23896_20000530.tbf.xml" nodepath="14.3.1.0.1.1.1.1.0.0" sentencenodepath="14">Con_respecto_a Japón , la OCDE considera que a_pesar_de las previsiones de <argset><head>aumento </head><argument argument="arg1" function="cn" thematicrole="tem" type="sp">del PIB</argument><reference_modifiers>- un 1,7_por_ciento este año y 2,2_por_ciento en el 2001 ,</reference_modifiers></argset>el crecimiento del consumo privado sigue " carente de dinamismo " y las autoridades " deberían tratar de apoyar la recuperación a_corto_plazo sin comprometer exageradamente la salud de la economía en una perspectiva a_largo_plazo " . </example>
        <example file="CESS-CAST-AA/24050_20000928.tbf.xml" nodepath="3.3.1.1.2.1.1.2.3.1.0" sentencenodepath="3">El vencimiento medio se ha situado en 5,5 años , dos más que a_mediados_de los noventa , extensión que permite al Estado reducir su exposición a los repuntes de tipos pero que , al tiempo , provoca <argset><specifier>un</specifier><head>aumento </head><argument argument="arg1" function="cn" thematicrole="tem" type="sp">de la deuda en circulación</argument></argset>. </example>
        <example file="CESS-CAST-AA/4020_20000906.tbf.xml" nodepath="11.3.1.1.1.0" sentencenodepath="11">El Ministerio_de_Economía informó hoy de que <argset><specifier>el</specifier><head>aumento </head><argument argument="arg1" function="cn" thematicrole="tem" type="sp">de los precios al consumidor</argument><argument argument="argM" function="cn" thematicrole="tmp" type="sp">en agosto pasado</argument></argset>experimentaron un alza de un 0,4_por_ciento , en_relación_con el mes anterior . </example>
        <example file="CESS-CAST-AA/5786_20000407.tbf.xml" nodepath="11.0.1.0" sentencenodepath="11"><argset><specifier>El</specifier><head>aumento </head><argument argument="arg1" function="cn" thematicrole="tem" type="sp">de la polarización</argument></argset>llevó hoy a que el presidente de la Dirección_del_Partido_Liberal , Luis_Guillermo_Vélez , pidiera a Pastrana que " Ø abra los escenarios de la discusión " de la reforma política que Ø quiere hacer con el referendo , " Ø evite una mayor polarización " y Ø no divida al país " entre buenos y malos " . </example>
        <example file="CESS-CAST-AA/8504_20001212.tbf.xml" nodepath="3.3.2.1.1.0" sentencenodepath="3">El diputado justificó la petición del PSOE en el crecimiento económico y en <argset><specifier>el</specifier><head>aumento </head><argument argument="arg1" function="cn" thematicrole="tem" type="sp">del tráfico</argument><argument argument="argM" function="cn" thematicrole="mnr" type="sp">por carretera</argument></argset>que han garantizado una cuenta de resultados " extraordinariamente " elevada en las circunstancias actuales , llegándose en algunos casos a " unos beneficios de hasta un 60_por_ciento sobre el volumen de facturación " . </example>
        <example file="CESS-CAST-P/102_20011002.tbf.xml" nodepath="8.3.4.1.0" sentencenodepath="8">Sus males comenzaron a aflorar en 1999 , al_tiempo_que las disposiciones de la Conselleria_d_'_Ensenyament promovían <argset><specifier>el</specifier><head>aumento </head><argument argument="arg1" function="cn" thematicrole="tem" type="sp">del tiempo invertido en ampliar o reforzar los contenidos de Lengua_y_Literatura , Idioma_Extranjero , Ciencias_Sociales y Matemáticas</argument></argset>. </example>
        <example file="CESS-CAST-P/113_19990501_c.tbf.xml" nodepath="3.0.1.0" sentencenodepath="3"><argset><specifier>El</specifier><head>aumento </head><argument argument="arg1" function="cn" thematicrole="tem" type="sp">del paro</argument></argset>provocó una fuerte caída del índice Nikkei de la Bolsa_de_Tokio que bajó 240,71 puntos . </example>
        <example file="CESS-CAST-P/26_19990701_d.tbf.xml" nodepath="1.2.2.1.1.0.1.1.0.1" sentencenodepath="1">Ø Irán a los aparcamientos , al ser de pago ; que se escuchen ruidos ; y algún caco como símbolo del <argset><reference_modifiers>posible</reference_modifiers><head>aumento </head><argument argument="arg1" function="cn" thematicrole="tem" type="sp">de la inseguridad ciudadana</argument></argset>. </example>
        <example file="CESS-CAST-P/9_20010601_a.tbf.xml" nodepath="6.2.1.0" sentencenodepath="6">El incremento alarmante en el número de siniestros en algunos colectivos ha provocado <argset><specifier>el</specifier><head>aumento </head><argument argument="arg1" function="cn" thematicrole="tem" type="sp">de primas</argument><argument argument="arg0" function="cn" thematicrole="cau" type="sp">de todos los asegurados</argument></argset>. </example>
      </examples>
    </frame>
    <frame appearsinplural="no" type="anticausative">
      <argument argument="arg1" thematicrole="tem">
        <constituent frequency="10" preposition="de" type="sp"/>
      </argument>
      <specifiers>
        <constituent frequency="8" postype="article" type="determiner"/>
        <constituent frequency="3" type="void"/>
      </specifiers>
      <reference_modifiers>
        <constituent frequency="2" type="S"/>
        <constituent frequency="1" type="S"/>
      </reference_modifiers>
      <examples>
        <example file="3LB-CAST/2000060104_5-1.tbf.xml" nodepath="4.0.1.0" sentencenodepath="4"><argset><specifier>El</specifier><head>aumento </head><reference_modifiers>sostenido</reference_modifiers><reference_modifiers>que ha experimentado la exportación vitivinícola durante los últimos cuatro meses</reference_modifiers></argset>fue valorado por los productores y exportadores como " un logro muy significativo " . </example>
        <example file="CESS-CAST-A/12584_20001016.tbf.xml" nodepath="13.0.1.0.1.0" sentencenodepath="13">" <argset><specifier>El</specifier><head>aumento </head><argument argument="arg1" function="cn" thematicrole="tem" type="sp">del grado de competencia</argument></argset>reduce los márgenes , Ø obliga a buscar mejoras de eficiencia y Ø conduce a la búsqueda de fórmulas de crecimiento que consuman pocos recursos propios y faciliten la rotación del activo " , concluyó Croissier . </example>
        <example file="CESS-CAST-A/13738_20000217.tbf.xml" nodepath="4.0.1.0" sentencenodepath="4"><argset><specifier>El</specifier><head>aumento </head><argument argument="arg1" function="cn" thematicrole="tem" type="sp">del número de empresas</argument></argset>influye directamente en un aumento del número de marcas que Ø comercializan . </example>
        <example file="CESS-CAST-A/14635_20000121.tbf.xml" nodepath="5.0.0.1.0" sentencenodepath="5"><argset><specifier>El</specifier><head>aumento </head><argument argument="arg1" function="cn" thematicrole="tem" type="sp">de los precios</argument></argset>sobrepasa con_creces los controles de las autoridades encargadas , mientras los productores y comerciantes deslindan responsabilidades y Ø los atribuyen a los intermediarios . </example>
        <example file="CESS-CAST-A/14827_20000719.tbf.xml" nodepath="4.1.1.0" sentencenodepath="4">Para el dirigente cafetero <argset><specifier>el</specifier><head>aumento </head><argument argument="arg1" function="cn" thematicrole="tem" type="sp">del precio externo , que va directamente a los productores ,</argument></argset>significará más tranquilidad para los cultivadores , porque ahora Ø podrán atender sus deudas , mejorar sus cafetales y tener confianza en las inversiones . </example>
        <example file="CESS-CAST-A/17317_20000221.tbf.xml" nodepath="0.3.3.2.1.1.1.0" sentencenodepath="0">La Asociación_Nacional_de_Instituciones_Financieras ( ANIF ) afirmó hoy que " la solución adecuada " para los problemas fiscales de Colombia está en mayores recortes en los gastos y no en <argset><specifier>el</specifier><head>aumento </head><argument argument="arg1" function="cn" thematicrole="tem" type="sp">de los tributos</argument></argset>. </example>
        <example file="CESS-CAST-A/17482_20000621.tbf.xml" nodepath="0.4.2.0.0" sentencenodepath="0">Los contratos futuros de petróleo subieron hoy , miércoles , en el mercado de Londres , a_pesar_del <argset><head>aumento </head><argument argument="arg1" function="cn" thematicrole="tem" type="sp">de la producción</argument><reference_modifiers>decidido en Viena por la Organización_de_Países_Exportadores_de_Petróleo ( OPEP )</reference_modifiers></argset>. </example>
        <example file="CESS-CAST-A/18451_20000425.tbf.xml" nodepath="3.3.1.1.1.1.0" sentencenodepath="3">La Dirección_de_Migración manifestó recientemente su preocupación por <argset><specifier>el</specifier><head>aumento </head><argument argument="arg1" function="cn" thematicrole="tem" type="sp">de los casos de ecuatorianos indocumentados que tratan de usar Panamá como " puente " de tránsito hacia el resto de Centroamérica y Estados_Unidos</argument></argset>. </example>
        <example file="CESS-CAST-AA/3836_20000204.tbf.xml" nodepath="7.2.1.1.1.1.1.3.1.2.1.0.0" sentencenodepath="7">Las cifras mostraron un aumento de 387.000 empleos , más de lo que esperaban los analistas y la mayor tasa de <argset><head>aumento </head><argument argument="arg1" function="cn" thematicrole="tem" type="sp">de la fuerza laboral estadounidense</argument></argset>en más de dos años . </example>
        <example file="CESS-CAST-AA/3836_20000204.tbf.xml" nodepath="13.3.5.4.1.1.0" sentencenodepath="13">Sin_embargo , muchos analistas explican que el hecho de que la economía crezca tanto no implica un aumento de la inflación , pues Ø argumentan que <argset><specifier>el</specifier><head>aumento </head><argument argument="arg1" function="cn" thematicrole="tem" type="sp">de la actividad</argument></argset>se debe a las mejoras de la productividad de los trabajadores , derivadas del cambio tecnológico . </example>
        <example file="CESS-CAST-P/81_20001001.tbf.xml" nodepath="0.0.1.1.0.0" sentencenodepath="0">Paralelamente al <argset><head>aumento </head><argument argument="arg1" function="cn" thematicrole="tem" type="sp">de las rupturas matrimoniales</argument></argset>, se ha producido durante 1999 un espectacular crecimiento de los delitos contra las relaciones familiares . </example>
      </examples>
    </frame>
  </sense>
  <sense alternativelemma="en_aumento" cousin="no" denotation="none" id="4" lexicalizationtype="adverbial" lexicalized="yes" originlemma="aumentar" originlink="verb.aumentar.1" wordnetsynset="16:00233535">
    <frame appearsinplural="no" type="default">
      <specifiers>
        <constituent frequency="1" type="void"/>
      </specifiers>
      <examples>
        <example file="CESS-CAST-A/14635_20000121.tbf.xml" nodepath="0.0.2.1.0.0" sentencenodepath="0">La oleada especulativa que se ha desatado en Ecuador tras el anuncio de que se " dolarizará " la economía continúa en <argset><head>aumento </head></argset>y Ø hace pensar que los controles emprendidos por el Gobierno resultan insuficientes , según la Tribuna_Ecuatoriana_de_Consumidores_y_Usuarios . </example>
      </examples>
    </frame>
  </sense>
</lexentry>
