<?xml version="1.0" encoding="UTF-8" standalone="no"?>
<!-- 

  ancoralex-2.0.3
       
			Copyright (C) 2007,2008,2009,2010,2011 CLiC - UB
			Centre de Llenguatge i Computació - Universitat de Barcelona
 
  This file is part of ancoralex-2.0.3.
 
  ancoralex-2.0.3 is free software and data: you can redistribute it and/or modify
  it under the terms of the GNU General Public License as published
  by the Free Software Foundation, either version 3 of the License,
  or (at your option) any later version.

  ancoralex-2.0.3 is distributed in the hope that it will be useful,
  but WITHOUT ANY WARRANTY; without even the implied warranty of
  MERCHANTABILITY or FITNESS FOR A PARTICULAR PURPOSE.  See the
  GNU General Public License for more details.
 
  You should have received a copy of the GNU General Public License
  along with ancoralex-2.0.3.  If not, see &lt;http://www.gnu.org/licenses/&gt;.
 
  Check a text in catalan explaining the terms of the license at http://www.softcatala.cat/wiki/GPL3.
  In spanish at http://www.viti.es/gnu/licenses/gpl.html
  
  The following paper must be cited when using verb lexicon: 

 * Aparicio, Juan, Mariona Taulé, M.Antònia Martí (2008) 'AnCora-Verb: A Lexical Resource for 
   the Semantic Annotation of Corpora'. Proceedings of 6th International Conference on Language 
   Resources and Evaluation. Marrakesh (Morocco).

  The following paper must be cited when using noun lexicon: 

 * Peris, Aina, Mariona Taulé (2011). AnCora-Nom: A Spanish lexicon of deverbal nominalizations. 
   Procesamiento del Lenguaje Natural, nº46, pp. 11-18.
 
 

 

-->

<lexentry lemma="ausencia" lng="es" origin="deverbal" type="noun">
  <sense cousin="no" denotation="result" id="1" lexicalized="no" originlemma="ausentar" originlink="verb.ausentar.1" wordnetsynset="16:00801297">
    <frame appearsinplural="yes" type="default">
      <argument argument="arg1" thematicrole="tem">
        <constituent frequency="1" postype="possessive" type="determiner"/>
        <constituent frequency="9" preposition="de" type="sp"/>
      </argument>
      <argument argument="argM" thematicrole="loc">
        <constituent frequency="3" preposition="en" type="sp"/>
      </argument>
      <argument argument="argM" thematicrole="cau">
        <constituent frequency="2" preposition="por" type="sp"/>
      </argument>
      <specifiers>
        <constituent frequency="10" postype="article" type="determiner"/>
        <constituent frequency="5" type="void"/>
        <constituent frequency="2" postype="indefinite" type="determiner"/>
        <constituent frequency="1" postype="possessive" type="determiner"/>
      </specifiers>
      <reference_modifiers>
        <constituent frequency="1" type="sn"/>
        <constituent frequency="1" preposition="de" type="sp"/>
        <constituent frequency="2" type="s.a"/>
      </reference_modifiers>
      <examples>
        <example file="3LB-CAST/t6-3.tbf.xml" nodepath="1.2.5.1.1.0" sentencenodepath="1">Ella debería saberlo , porque Ø había trabajado en el Ayuntamiento , y sin_embargo Ø nunca había mostrado extrañeza ante <argset><argument argument="arg1" thematicrole="tem" type="spec">sus</argument><head>ausencias </head><reference_modifiers>, Barcelona , Valencia , Vigo , incluso Frankfurt una vez , al_principio , una semana entera</reference_modifiers></argset>, cuando la nostalgia se hizo insoportable . </example>
        <example file="CESS-CAST-A/11084_20001014.tbf.xml" nodepath="11.0.3.2.1.0" sentencenodepath="11">El duro golpe recibido con el descubrimiento que su madre y hermana mayor sufrían de cáncer de mama , afectó a su rendimiento deportivo , incluida <argset><specifier>la</specifier><head>ausencia </head><reference_modifiers>de los Juegos_Olímpicos de Sydney , donde esperaba defender la medalla de oro conseguida en Atlanta'96,</reference_modifiers></argset>pero en_absoluto Ø le han quitado la ilusión de seguir en la competición activa . </example>
        <example file="CESS-CAST-A/12746_20000615.tbf.xml" nodepath="3.3.1.1.2.1.1.1.1.1.1.0.0" sentencenodepath="3">Según señaló Socorro a la prensa local , Ø está dispuesto a vestir la camiseta de su país , después de tres años de <argset><head>ausencia </head></argset>. </example>
        <example file="CESS-CAST-A/15021_20000218.tbf.xml" nodepath="2.5.0.2.1.0" sentencenodepath="2">La Cámara también aprobó hoy , con los votos de los grupos de la oposición , el rechazo del PNV y EA y <argset><specifier>la</specifier><head>ausencia </head><argument argument="argM" function="cn" thematicrole="loc" type="sp">en las votaciones de EH</argument></argset>, una iniciativa socialista en la que Ø instan al Ejecutivo autónomo a " extremar " su actuación en la lucha contra la violencia callejera . </example>
        <example file="CESS-CAST-A/1506_20001003.tbf.xml" nodepath="8.3.1.1.0" sentencenodepath="8">La protesta en los puertos se traduce en <argset><specifier>una</specifier><head>ausencia </head><argument argument="arg1" function="cn" thematicrole="tem" type="sp">de actividad del transporte</argument></argset>, ya_que Transcont considera que no se deben realizar concentraciones " para no molestar a la sociedad " . </example>
        <example file="CESS-CAST-AA/19561_20000830.tbf.xml" nodepath="0.0.1.2.2.1.1" sentencenodepath="0">Una reunión de técnicos sanitarios de los países del Mercado_Común_del_Sur ( MERCOSUR ) , con <argset><specifier>la</specifier><reference_modifiers>sola</reference_modifiers><head>ausencia </head><argument argument="arg1" function="cn" thematicrole="tem" type="sp">de Argentina</argument></argset>, culminó hoy en Montevideo con una serie de recomendaciones estratégicas y operativas inmediatas para detener la expansión de la fiebre aftosa en el ganado de la región . </example>
        <example file="CESS-CAST-AA/19996_20000726.tbf.xml" nodepath="5.1.1.0" sentencenodepath="5">En EEUU <argset><specifier>la</specifier><head>ausencia </head><argument argument="arg1" function="cn" thematicrole="tem" type="sp">de factores que inviten a pensar en un encarecimiento mayor de los tipos de interés</argument></argset>contribuyeron al alza del dólar respecto_al yen . </example>
        <example file="CESS-CAST-AA/21609_20001127.tbf.xml" nodepath="11.3.4.2.1.0" sentencenodepath="11">En el borrador del documento que examinará la Comisión_Europea , se indica que la preocupación por el recalentamiento terrestre ha conducido a un cambio sobre la percepción de la energía nuclear como fuente de aprovisionamiento , debido precisamente a <argset><specifier>la</specifier><head>ausencia </head><argument argument="arg1" function="cn" thematicrole="tem" type="sp">de emisiones de gases de efecto invernadero</argument></argset>. </example>
        <example file="CESS-CAST-AA/22653_20000227.tbf.xml" nodepath="6.0.3.0.1.0" sentencenodepath="6">" Con la mínima ventaja Ø nos pensábamos que estaba todo hecho y que Ø íbamos a ganar . <argset><specifier>Las tres</specifier><head>ausencias </head><argument argument="argM" function="cn" thematicrole="loc" type="sp">en defensa</argument></argset>nos han hecho mucho daño . Ø Se han notado mucho " , ha añadido Ø . </example>
        <example file="CESS-CAST-AA/24289_20000731.tbf.xml" nodepath="2.0.3.4.2.1.1.1.1.3.0.1.1.1.1.1.0.0" sentencenodepath="2">" Ø Estoy triste porque Colombia no contagia , Ø no gusta . Y fue precisamente por eso que surgió la idea de mi posible regreso al equipo nacional después de dos años de <argset><head>ausencia </head></argset>. Ø Consideré que Ø podría aportarle al equipo no_sólo mi juego sino_también mi experiencia internacional " , agrega " El_Pibe " en su columna . </example>
        <example file="CESS-CAST-AA/3286_20000505.tbf.xml" nodepath="16.2.1.1.0" sentencenodepath="16">La otra novedad provendrá de <argset><specifier>la</specifier><head>ausencia </head><argument argument="argM" function="cn" thematicrole="loc" type="sp">en el once inicial</argument><argument argument="arg1" function="cn" thematicrole="tem" type="sp">del vitoriano Pablo_Gómez , cuyo puesto en el centro del campo será cubierto , con toda probabilidad , por Angel_Morales</argument></argset>. </example>
        <example file="CESS-CAST-AA/3502_20001106.tbf.xml" nodepath="1.3.1.1.5.1.1.1.1.0" sentencenodepath="1">El portavoz socialista de Infraestructuras , José_Segura , justificó hoy esta medida , que se completa con enmiendas parciales , por " <argset><specifier>la</specifier><head>ausencia </head><argument argument="arg1" function="cn" thematicrole="tem" type="sp">de información</argument></argset>y la falta de planificación " de las obras previstas . </example>
        <example file="CESS-CAST-AA/6498_20000409.tbf.xml" nodepath="2.2.1.0" sentencenodepath="2">En esta lista , aprobada el pasado viernes por la Comisión_Nacional_del_Mercado_de_Valores ( CNMV , órgano regulador ) , destaca <argset><specifier>la</specifier><head>ausencia </head><argument argument="arg1" function="cn" thematicrole="tem" type="sp">de Sogecable , compañía candidata que no estará presente al no haber completado los requisitos que debe reunir para su incorporación</argument></argset>. </example>
        <example file="CESS-CAST-AA/8105_20000310.tbf.xml" nodepath="0.2.4.2.2.1.1" sentencenodepath="0">La película de la campaña electoral toca a su fin y , a_juzgar_por la variedad de sus contenidos , Ø podría pertenecer a cualquier género cinematográfico , con una larga lista de anécdotas y <argset><specifier>una</specifier><reference_modifiers>llamativa</reference_modifiers><head>ausencia </head><argument argument="arg1" function="cn" thematicrole="tem" type="sp">de palabras gruesas</argument></argset>. </example>
        <example file="CESS-CAST-P/107_20000701.tbf.xml" nodepath="18.3.2.1.1.1.0.0" sentencenodepath="18">Jan_Ullrich volvió a ser centro de atención , tras un año de <argset><head>ausencia </head><argument argument="argM" function="cn" thematicrole="cau" type="sp">por lesión</argument></argset>. </example>
        <example file="CESS-CAST-P/169_20010401.tbf.xml" nodepath="9.3.0.1.1.1.1.1.0.0" sentencenodepath="9">En ella figuraban , por primera vez después de tres meses de <argset><head>ausencia </head><argument argument="argM" function="cn" thematicrole="cau" type="sp">por lesión</argument></argset>, Carles_Puyol e Iván_de_la_Peña . </example>
        <example file="CESS-CAST-P/187_20010401.tbf.xml" nodepath="0.3.2.1.0.2.1.0.1.2.1.1.1.2.4.2.1.1.1.0.0" sentencenodepath="0">La red italiana de Internet quedó el viernes por la noche totalmente colapsada por 15 millones de ordenadores que intentaron entrar en el portal de Wind , que transmitió la primera aparición pública de la mítica cantante Mina , tras 23 años de <argset><head>ausencia </head></argset>. </example>
        <example file="CESS-CAST-P/45_20000302.tbf.xml" nodepath="2.2.3.1.1.0" sentencenodepath="2">A._T. denunció que Ø había sido maltratada y violada por Abdeljlak_B. durante <argset><specifier>las</specifier><head>ausencias </head><argument argument="arg1" function="cn" thematicrole="tem" type="sp">de la esposa</argument></argset>. </example>
      </examples>
    </frame>
  </sense>
  <sense cousin="no" denotation="event" id="2" lexicalized="no" originlemma="ausentar" originlink="verb.ausentar.1" wordnetsynset="16:00801297">
    <frame appearsinplural="no" type="default">
      <argument argument="arg1" thematicrole="tem">
        <constituent frequency="2" preposition="de" type="sp"/>
      </argument>
      <argument argument="argM" thematicrole="loc">
        <constituent frequency="1" preposition="en" type="sp"/>
      </argument>
      <specifiers>
        <constituent frequency="2" postype="article" type="determiner"/>
      </specifiers>
      <reference_modifiers>
        <constituent frequency="1" type="S"/>
      </reference_modifiers>
      <examples>
        <example file="3LB-CAST/t6-4.tbf.xml" nodepath="1.4.2.2.1.1.1" sentencenodepath="1">Cuando Ø descubrió los primeros síntomas de esta irreversible agonía Ø llegó a considerarse vagamente culpable de lo sucedido , atribuyendo a su deserción , a <argset><specifier>la</specifier><reference_modifiers>prolongada</reference_modifiers><head>ausencia </head><argument argument="arg1" function="cn" thematicrole="tem" type="sp">de sus ojos</argument></argset>, la ruina de esas tomateras que un año tras otro habían sobrevivido para él , machacando la lógica , el humo , y el periódico estallido de las litronas de cristal , con la tímida potencia de sus hojas verdes . </example>
        <example file="CESS-CAST-AA/19561_20000830.tbf.xml" nodepath="2.0.1.1.0" sentencenodepath="2">Sobre <argset><specifier>la</specifier><head>ausencia </head><argument argument="arg1" function="cn" thematicrole="tem" type="sp">de Argentina</argument><argument argument="argM" function="cn" thematicrole="loc" type="sp">en la reunión</argument></argset>, sólo se informó de que hubo una comunicación de los servicios sanitarios de ese país en la que Ø expresaron la imposibilidad de concurrir al encuentro . </example>
      </examples>
    </frame>
  </sense>
  <sense cousin="no" denotation="underspecified" id="3" lexicalized="no" originlemma="ausentar" originlink="verb.ausentar.1" wordnetsynset="16:00801297+16:10058951">
    <frame appearsinplural="no" type="default">
      <argument argument="arg1" thematicrole="tem">
        <constituent frequency="7" preposition="de" type="sp"/>
        <constituent frequency="1" type="sp"/>
        <constituent frequency="1" postype="possessive" type="determiner"/>
      </argument>
      <argument argument="argM" thematicrole="cau">
        <constituent frequency="1" preposition="por" type="sp"/>
      </argument>
      <argument argument="argM" thematicrole="loc">
        <constituent frequency="1" preposition="en" type="sp"/>
      </argument>
      <specifiers>
        <constituent frequency="7" postype="article" type="determiner"/>
        <constituent frequency="1" type="void"/>
        <constituent frequency="1" postype="possessive" type="determiner"/>
      </specifiers>
      <reference_modifiers>
        <constituent frequency="1" type="s.a"/>
      </reference_modifiers>
      <examples>
        <example file="3LB-CAST/a22-0.tbf.xml" nodepath="8.0.0.1.0" sentencenodepath="8"><argset><specifier>La</specifier><head>ausencia </head><argument argument="arg1" function="cn" thematicrole="tem" type="sp">de Baltasar</argument></argset>era explicable pero alarmante : Ø significaba que la ola racista acababa de llegar hasta los belenes . </example>
        <example file="3LB-CAST/dc3-7.tbf.xml" nodepath="4.4.1.0.2.3.1.0.0" sentencenodepath="4">Así , se han conseguido mesofases discóticas con derivados de ftalocianinas tanto con tomo metálico en su interior como en <argset><head>ausencia </head><argument argument="arg1" function="cn" thematicrole="tem" type="sp">de metal</argument></argset>. </example>
        <example file="CESS-CAST-A/13150_20000316.tbf.xml" nodepath="5.0.5.0.3.1.1.1" sentencenodepath="5">" El Barcelona es un equipo muy físico , pero Ø no sé si Ø es más rápido que el nuestro . Ø Tenemos que hacernos fuertes en el rebote defensivo , impedir que ellos capturen rechaces bajo nuestra canasta y tratar de sacar de la zona a Rentzias y Dueñas . Ø No tenemos que pensar en <argset><specifier>la</specifier><reference_modifiers>posible</reference_modifiers><head>ausencia </head><argument argument="arg1" function="cn" thematicrole="tem" type="sp">de Oberto</argument></argset>, y sí tratar de hacer segundas ayudas " , aseveró el escolta argentino . </example>
        <example file="CESS-CAST-A/18886_20000323.tbf.xml" nodepath="6.0.0.1.1.0" sentencenodepath="6">A <argset><specifier>la</specifier><head>ausencia </head><argument argument="argM" function="cn" thematicrole="cau" type="sp">por sanción</argument><argument argument="arg1" function="cn" thematicrole="tem" type="sp">de Pauleta</argument></argset>se unen , por idéntico motivo , las de Mauro_Silva y Flavio , mientras_que Djalminha , Bassir y , probablemente , Naybet , serán bajas por lesión . </example>
        <example file="CESS-CAST-AA/23978_20000629.tbf.xml" nodepath="8.0.0.1.0" sentencenodepath="8"><argset><specifier>La</specifier><head>ausencia </head><argument argument="arg1" function="cn" thematicrole="tem" type="sp">de un motor específico para disputar la sesión de clasificación</argument></argset>es uno de los motivos que más penaliza a la escudería , prácticamente condenada a los últimos puestos , mientras los pilotos en carrera son sensiblemente más rápidos . </example>
        <example file="CESS-CAST-AA/6036_20001108.tbf.xml" nodepath="2.0.1.1.3.1.0" sentencenodepath="2">La selección , que notó <argset><specifier>la</specifier><head>ausencia </head><argument argument="argM" function="cn" thematicrole="loc" type="sp">en el centro del campo</argument><argument argument="arg1" function="cn" thematicrole="tem" type="sp">del barcelonista Arteta , baja por lesión , y del valencianista Parri , que ayer jugó con su equipo en la Liga_de_Campeones ,</argument></argset>se obcecó en atacar por el centro , lo que facilitó el trabajo a la defensa nórdica comandada por el interista Sinisola . </example>
        <example file="CESS-CAST-P/130_19991001.tbf.xml" nodepath="36.2.6.1.1.0" sentencenodepath="36">Valero_Rivera prescindió de Mateo_Garralda durante la pretemporada y ayer , en el primer partido en el que Iñaki_Urdangarín no pudo jugar a_causa_del nacimiento de su hijo , el bloque azulgrana se resintió en el lateral derecho ante <argset><specifier>la</specifier><head>ausencia </head><argument argument="arg1" function="cn" thematicrole="tem" type="sp">de un zurdo con experiencia</argument></argset>. </example>
        <example file="CESS-CAST-P/132_20010301.tbf.xml" nodepath="22.2.2.1.0" sentencenodepath="22">El delantero del Real_Madrid se desconectó del partido y España acusó <argset><argument argument="arg1" thematicrole="tem" type="spec">su</argument><head>ausencia </head></argset>en ataque . </example>
        <example file="CESS-CAST-P/30_20000903.tbf.xml" nodepath="20.0.3.1.1.1.2.1.1.2.1.0" sentencenodepath="20">El portavoz del Ejecutivo_de_Vitoria , Josu_Jon_Imaz , acusó a Aznar de lanzar un " mensaje basado en la confrontación y <argset><specifier>la</specifier><head>ausencia </head><argument argument="arg1" function="cn" thematicrole="tem" type="sp">de diálogo</argument></argset>" , pero Ø aseguró que PNV y EA acudirán a sus respectivas reuniones con Mayor_Oreja dispuestos a buscar " espacios de entendimiento " , porque Ø no desean potenciar " mensajes de crispación , fractura o división " . </example>
      </examples>
    </frame>
  </sense>
</lexentry>
