<?xml version="1.0" encoding="UTF-8" standalone="no"?>
<!-- 

  ancoralex-2.0.3
       
			Copyright (C) 2007,2008,2009,2010,2011 CLiC - UB
			Centre de Llenguatge i Computació - Universitat de Barcelona
 
  This file is part of ancoralex-2.0.3.
 
  ancoralex-2.0.3 is free software and data: you can redistribute it and/or modify
  it under the terms of the GNU General Public License as published
  by the Free Software Foundation, either version 3 of the License,
  or (at your option) any later version.

  ancoralex-2.0.3 is distributed in the hope that it will be useful,
  but WITHOUT ANY WARRANTY; without even the implied warranty of
  MERCHANTABILITY or FITNESS FOR A PARTICULAR PURPOSE.  See the
  GNU General Public License for more details.
 
  You should have received a copy of the GNU General Public License
  along with ancoralex-2.0.3.  If not, see &lt;http://www.gnu.org/licenses/&gt;.
 
  Check a text in catalan explaining the terms of the license at http://www.softcatala.cat/wiki/GPL3.
  In spanish at http://www.viti.es/gnu/licenses/gpl.html
  
  The following paper must be cited when using verb lexicon: 

 * Aparicio, Juan, Mariona Taulé, M.Antònia Martí (2008) 'AnCora-Verb: A Lexical Resource for 
   the Semantic Annotation of Corpora'. Proceedings of 6th International Conference on Language 
   Resources and Evaluation. Marrakesh (Morocco).

  The following paper must be cited when using noun lexicon: 

 * Peris, Aina, Mariona Taulé (2011). AnCora-Nom: A Spanish lexicon of deverbal nominalizations. 
   Procesamiento del Lenguaje Natural, nº46, pp. 11-18.
 
 

 

-->

<lexentry lemma="autointuición" lng="es" origin="deverbal" type="noun">
  <sense cousin="no" denotation="result" id="1" lexicalized="no" originlemma="intuir" originlink="verb.intuir.1" wordnetsynset="16:cs1">
    <frame appearsinplural="no" type="default">
      <specifiers>
        <constituent frequency="2" type="void"/>
      </specifiers>
      <examples>
        <example file="3LB-CAST/e3-3.tbf.xml" nodepath="4.0.2.3.1.1.0.0" sentencenodepath="4">Que yo me encuentre dado a mí mismo como objeto de intuición empírica no es lo_mismo que pensar que Ø pienso , y esta diferencia es lo decisivo puesto_que sin <argset><head>autointuición </head></argset>- - advierte Kant - - no habría autoconciencia : - Yo , el sujeto , soy objeto ( Gegenstan ) de mí mismo . </example>
        <example file="3LB-CAST/e3-3.tbf.xml" nodepath="5.2.0.1.1.3.1.1.0.0" sentencenodepath="5">Con esto , sin_embargo , se dice más que con la autoconciencia , para comprender por qué Ø dice que sin <argset><head>autointuición </head></argset>no habría autoconciencia , basta apercibirse de que la verdad del cogito presupone las palabras que la enuncian , y el lenguaje es corpóreo , movimiento de moléculas de aire que hace vibrar un tímpano y , por qué con la autoafección se dice más que con la autoconciencia ? </example>
      </examples>
    </frame>
  </sense>
</lexentry>
