<?xml version="1.0" encoding="UTF-8" standalone="no"?>
<!-- 

  ancoralex-2.0.3
       
			Copyright (C) 2007,2008,2009,2010,2011 CLiC - UB
			Centre de Llenguatge i Computació - Universitat de Barcelona
 
  This file is part of ancoralex-2.0.3.
 
  ancoralex-2.0.3 is free software and data: you can redistribute it and/or modify
  it under the terms of the GNU General Public License as published
  by the Free Software Foundation, either version 3 of the License,
  or (at your option) any later version.

  ancoralex-2.0.3 is distributed in the hope that it will be useful,
  but WITHOUT ANY WARRANTY; without even the implied warranty of
  MERCHANTABILITY or FITNESS FOR A PARTICULAR PURPOSE.  See the
  GNU General Public License for more details.
 
  You should have received a copy of the GNU General Public License
  along with ancoralex-2.0.3.  If not, see &lt;http://www.gnu.org/licenses/&gt;.
 
  Check a text in catalan explaining the terms of the license at http://www.softcatala.cat/wiki/GPL3.
  In spanish at http://www.viti.es/gnu/licenses/gpl.html
  
  The following paper must be cited when using verb lexicon: 

 * Aparicio, Juan, Mariona Taulé, M.Antònia Martí (2008) 'AnCora-Verb: A Lexical Resource for 
   the Semantic Annotation of Corpora'. Proceedings of 6th International Conference on Language 
   Resources and Evaluation. Marrakesh (Morocco).

  The following paper must be cited when using noun lexicon: 

 * Peris, Aina, Mariona Taulé (2011). AnCora-Nom: A Spanish lexicon of deverbal nominalizations. 
   Procesamiento del Lenguaje Natural, nº46, pp. 11-18.
 
 

 

-->

<lexentry lemma="autorregulación" lng="es" origin="deverbal" type="noun">
  <sense cousin="no" denotation="result" id="1" lexicalized="no" originlemma="autorregular" originlink="verb.autorregular.1" wordnetsynset="16:cs2">
    <frame appearsinplural="no" type="default">
      <specifiers>
        <constituent frequency="2" type="void"/>
      </specifiers>
      <examples>
        <example file="CESS-CAST-P/61_19991001.tbf.xml" nodepath="2.0.2.3.1.1.1.1.1.1.1.0.0" sentencenodepath="2">En el congreso , cuyo objetivo es elaborar las bases de un código de <argset><head>autorregulación </head></argset>de la profesión , están inscritos unos 1.200 abogados de los 25.300 que ejercen en Catalunya . </example>
        <example file="CESS-CAST-P/61_19991001.tbf.xml" nodepath="4.2.2.1.1.1.1.1.0.0" sentencenodepath="4">La primera medida votada ayer en el congreso permitió aprobar la legitimidad del colectivo para sacar_adelante el código de <argset><head>autorregulación </head></argset>. </example>
      </examples>
    </frame>
  </sense>
</lexentry>
