<?xml version="1.0" encoding="UTF-8" standalone="no"?>
<!-- 

  ancoralex-2.0.3
       
			Copyright (C) 2007,2008,2009,2010,2011 CLiC - UB
			Centre de Llenguatge i Computació - Universitat de Barcelona
 
  This file is part of ancoralex-2.0.3.
 
  ancoralex-2.0.3 is free software and data: you can redistribute it and/or modify
  it under the terms of the GNU General Public License as published
  by the Free Software Foundation, either version 3 of the License,
  or (at your option) any later version.

  ancoralex-2.0.3 is distributed in the hope that it will be useful,
  but WITHOUT ANY WARRANTY; without even the implied warranty of
  MERCHANTABILITY or FITNESS FOR A PARTICULAR PURPOSE.  See the
  GNU General Public License for more details.
 
  You should have received a copy of the GNU General Public License
  along with ancoralex-2.0.3.  If not, see &lt;http://www.gnu.org/licenses/&gt;.
 
  Check a text in catalan explaining the terms of the license at http://www.softcatala.cat/wiki/GPL3.
  In spanish at http://www.viti.es/gnu/licenses/gpl.html
  
  The following paper must be cited when using verb lexicon: 

 * Aparicio, Juan, Mariona Taulé, M.Antònia Martí (2008) 'AnCora-Verb: A Lexical Resource for 
   the Semantic Annotation of Corpora'. Proceedings of 6th International Conference on Language 
   Resources and Evaluation. Marrakesh (Morocco).

  The following paper must be cited when using noun lexicon: 

 * Peris, Aina, Mariona Taulé (2011). AnCora-Nom: A Spanish lexicon of deverbal nominalizations. 
   Procesamiento del Lenguaje Natural, nº46, pp. 11-18.
 
 

 

-->

<lexentry lemma="auxilio" lng="es" origin="deverbal" type="noun">
  <sense cousin="no" denotation="result" id="1" lexicalized="no" originlemma="auxiliar" originlink="verb.auxiliar.1" wordnetsynset="16:cs2">
    <frame appearsinplural="no" type="default">
      <argument argument="arg0" thematicrole="agt">
        <constituent frequency="1" type="s.a"/>
      </argument>
      <argument argument="arg1" thematicrole="pat">
        <constituent frequency="1" preposition="a" type="sp"/>
        <constituent frequency="1" preposition="de" type="sp"/>
      </argument>
      <specifiers>
        <constituent frequency="10" type="void"/>
        <constituent frequency="1" postype="article" type="determiner"/>
      </specifiers>
      <reference_modifiers>
        <constituent frequency="2" type="s.a"/>
      </reference_modifiers>
      <examples>
        <example file="CESS-CAST-AA/2137_20000704.tbf.xml" nodepath="8.0.1.1.1.0.0" sentencenodepath="8">El plan de <argset><head>auxilio </head><reference_modifiers>oficial</reference_modifiers></argset>, que fue criticado por usar dinero de los contribuyentes para auxiliar una firma cuyo camino hacia la recuperación está lleno de incertidumbre , es para Miyazawa una forma de reducir el impacto de la quiebra de Sogo en el erario público . </example>
        <example file="CESS-CAST-AA/2137_20000704.tbf.xml" nodepath="9.2.1.1.1.0" sentencenodepath="9">Las empresas de calificación de riesgo extranjeras y los analistas económicos locales coinciden en que <argset><specifier>el</specifier><head>auxilio </head><reference_modifiers>oficial</reference_modifiers><argument argument="arg1" function="cn" thematicrole="pat" type="sp">a Sogo</argument></argset>equivale a una burla de la ya iniciada desregulación financiera en la que son las leyes del mercado las que determinan el destino de las empresas y no sus buenos contactos políticos . </example>
        <example file="CESS-CAST-P/112_20020102.tbf.xml" nodepath="10.1.0.2.1.0.0" sentencenodepath="10">Tras la pelea en la cueva del trol , Aragorn ( Viggo_Mortensen ) acude en <argset><head>auxilio </head><argument argument="arg1" function="cn" thematicrole="pat" type="sp">de Frodo , que está herido</argument></argset>, y Ø aparta unas grandes piedras , que se tambalean demostrando claramente que Ø pesan muy poco y Ø no son , en_consecuencia , reales . </example>
        <example file="CESS-CAST-P/119_20010401.tbf.xml" nodepath="6.2.0.0" sentencenodepath="6">Los montañeros accidentados pudieron pedir <argset><head>auxilio </head></argset>con una llamada al teléfono de emergencias 112 desde un aparato particular de otro excursionista que vio la caída de la avalancha sobre la expedición y alertó a la Guardia_Civil de Huesca . </example>
        <example file="CESS-CAST-P/20_20010301.tbf.xml" nodepath="15.0.1.1.1.0.0" sentencenodepath="15">Los equipos de <argset><head>auxilio </head></argset>tardaron siete horas en poder rescatar algunos de los cuerpos de entre el amasijo de hierros . </example>
        <example file="CESS-CAST-P/21_20020702_b.tbf.xml" nodepath="6.0.2.1.1.1.0.0" sentencenodepath="6">Los servicios de emergencia recibieron 81 llamadas de <argset><head>auxilio </head></argset>y los bomberos se emplearon a_fondo en achicar agua y en el rescate de 10 personas que quedaron atrapadas dentro de sus vehículos a_causa_de la tromba . </example>
        <example file="CESS-CAST-P/45_20000802.tbf.xml" nodepath="3.0.0.1.1.2.1.1.0.0" sentencenodepath="3">Tras varios forcejeos y gritos de <argset><head>auxilio </head></argset>por la ventana , y presas del miedo , las dos jóvenes saltaron en marcha pensando que el vehículo no iba excesivamente rápido . </example>
        <example file="CESS-CAST-P/49_19990501.tbf.xml" nodepath="3.3.0.1.1.1.1.1.0.1" sentencenodepath="3">Los abogados del financiero han remitido al juzgado copia de la petición de <argset>" <head>auxilio </head>
            <argument argument="arg0" function="cn" thematicrole="agt" type="s.a">jurisdiccional</argument>" </argset>formulada por el fiscal general de Kuwait ante los tribunales suizos . </example>
        <example file="CESS-CAST-P/54_20020102.tbf.xml" nodepath="0.3.1.1.1.0.0" sentencenodepath="0">LA POLICÍA COSTERA de Grecia recibió ayer una llamada de <argset><head>auxilio </head></argset>de una nave que pasaba delante de sus costas y que se dirigía presuntamente hacia la isla de Creta . </example>
        <example file="CESS-CAST-P/69_20000602.tbf.xml" nodepath="11.3.3.0.2.1.0.1.1.0.0" sentencenodepath="11">En Vigo , los familiares de un anciano de Vigo , A._B._G. , de 86 años , que falleció el miércoles a escasos metros del Hospital_de_la_Cruz_Roja de esta ciudad , han anunciado que Ø emprenderán acciones legales por denegación de <argset><head>auxilio </head></argset>contra el centro médico . </example>
        <example file="CESS-CAST-P/71_20010501.tbf.xml" nodepath="1.3.1.1.0.0" sentencenodepath="1">Los montañeros , de La_Coruña y de entre 18 y 22 años , llamaron a un hostal para pedir <argset><head>auxilio </head></argset>. </example>
      </examples>
    </frame>
  </sense>
</lexentry>
