<?xml version="1.0" encoding="UTF-8" standalone="no"?>
<!-- 

  ancoralex-2.0.3
       
			Copyright (C) 2007,2008,2009,2010,2011 CLiC - UB
			Centre de Llenguatge i Computació - Universitat de Barcelona
 
  This file is part of ancoralex-2.0.3.
 
  ancoralex-2.0.3 is free software and data: you can redistribute it and/or modify
  it under the terms of the GNU General Public License as published
  by the Free Software Foundation, either version 3 of the License,
  or (at your option) any later version.

  ancoralex-2.0.3 is distributed in the hope that it will be useful,
  but WITHOUT ANY WARRANTY; without even the implied warranty of
  MERCHANTABILITY or FITNESS FOR A PARTICULAR PURPOSE.  See the
  GNU General Public License for more details.
 
  You should have received a copy of the GNU General Public License
  along with ancoralex-2.0.3.  If not, see &lt;http://www.gnu.org/licenses/&gt;.
 
  Check a text in catalan explaining the terms of the license at http://www.softcatala.cat/wiki/GPL3.
  In spanish at http://www.viti.es/gnu/licenses/gpl.html
  
  The following paper must be cited when using verb lexicon: 

 * Aparicio, Juan, Mariona Taulé, M.Antònia Martí (2008) 'AnCora-Verb: A Lexical Resource for 
   the Semantic Annotation of Corpora'. Proceedings of 6th International Conference on Language 
   Resources and Evaluation. Marrakesh (Morocco).

  The following paper must be cited when using noun lexicon: 

 * Peris, Aina, Mariona Taulé (2011). AnCora-Nom: A Spanish lexicon of deverbal nominalizations. 
   Procesamiento del Lenguaje Natural, nº46, pp. 11-18.
 
 

 

-->

<lexentry lemma="avance" lng="es" origin="deverbal" type="noun">
  <sense cousin="no" denotation="result" id="1" lexicalized="no" originlemma="avanzar" originlink="verb.avanzar.1" wordnetsynset="16:00159874">
    <frame appearsinplural="yes" type="default">
      <argument argument="arg1" thematicrole="tem">
        <constituent frequency="1" postype="possessive" type="determiner"/>
        <constituent frequency="2" preposition="en" type="sp"/>
        <constituent frequency="2" type="s.a"/>
        <constituent frequency="2" preposition="de" type="sp"/>
      </argument>
      <argument argument="arg2" thematicrole="loc">
        <constituent frequency="4" preposition="en" type="sp"/>
        <constituent frequency="1" preposition="en_materia_de" type="sp"/>
      </argument>
      <argument argument="arg3" thematicrole="ori">
        <constituent frequency="1" preposition="sobre" type="sp"/>
      </argument>
      <argument argument="argM" thematicrole="tmp">
        <constituent frequency="1" preposition="en" type="sp"/>
        <constituent frequency="1" preposition="de" type="sp"/>
      </argument>
      <specifiers>
        <constituent frequency="7" postype="indefinite" type="determiner"/>
        <constituent frequency="10" postype="article" type="determiner"/>
        <constituent frequency="3" type="void"/>
        <constituent frequency="1" postype="possessive" type="determiner"/>
      </specifiers>
      <reference_modifiers>
        <constituent frequency="2" type="s.a"/>
        <constituent frequency="5" type="S"/>
      </reference_modifiers>
      <examples>
        <example file="3LB-CAST/104_c-3.tbf.xml" nodepath="2.2.1.1.1" sentencenodepath="2">Esta puntualización fue considerada como <argset><specifier>un</specifier>" <head>avance </head>" </argset>por los sindicatos Confederación_Francesa_del_Trabajo ( CFDT ) , Fuerza_Obrera ( FO ) , Confederación_Francesa_de_Trabajadores_Cristianos ( CFTC ) y Confederación_Francesa_de_Directivos_de_Empresas ( CFE-CGC ) . </example>
        <example file="3LB-CAST/2000060204_5-3.tbf.xml" nodepath="6.2.1.1.1" sentencenodepath="6">Esta puntualización fue considerada como <argset><specifier>un</specifier>" <head>avance </head>" </argset>por los sindicatos Confederación_Francesa_del_Trabajo ( CFDT ) , Fuerza_Obrera ( FO ) , Confederación_Francesa_de_Trabajadores_Cristianos ( CFTC ) y Confederación_Francesa_de_Directivos_de_Empresas ( CFE-CGC ) . </example>
        <example file="3LB-CAST/dc2-1.tbf.xml" nodepath="1.2.1.2.1.1.1.0" sentencenodepath="1">La nueva dimensión de estas insidiosas armas es un resultado directo , paradójicamente , de <argset><specifier>los</specifier><head>avances </head><argument argument="arg2" function="cn" thematicrole="loc" type="sp">en la investigación biomédica</argument></argset>. </example>
        <example file="3LB-CAST/dc3-5.tbf.xml" nodepath="3.4.2.2.1.1" sentencenodepath="3">Recientemente , Yoshino ha patentado un procedimiento para moldear piezas conductoras de poli-3-alquiltiofenos , lo que supone <argset><specifier>un</specifier><reference_modifiers>notable</reference_modifiers><head>avance </head></argset>, si_bien estos tipos de polímeros son térmicamente sensibles , no porque Ø se degraden , sino porque se pierde el - dopado - a temperaturas elevadas . </example>
        <example file="3LB-CAST/e3-2.tbf.xml" nodepath="5.0.1.1" sentencenodepath="5"><argset><argument argument="arg1" thematicrole="tem" type="spec">Su</argument><reference_modifiers>principal</reference_modifiers><head>avance </head><argument argument="arg3" function="cn" thematicrole="ori" type="sp">sobre la filosofía de Leibniz</argument></argset>Ø lo cifró siempre en que , a diferencia de éste , reconoce la sensibilidad como fuente de un conocimiento distinto del intelectual . </example>
        <example file="CESS-CAST-A/12163_20000415.tbf.xml" nodepath="4.3.4.0.0" sentencenodepath="4">Chávez , en ese sentido , reveló que durante los cuatro días de la cita cubana , Ø consiguió <argset><head>avances </head><argument argument="arg2" function="cn" thematicrole="loc" type="sp">en algunos aspectos de las relaciones bilaterales que sostiene con Guyana , nación con la que Venezuela sostiene una disputa territorial desde hace más de 100 años</argument></argset>. </example>
        <example file="CESS-CAST-A/14013_20000120.tbf.xml" nodepath="9.3.1.1.1.1.1.2.3.4.1.1.0" sentencenodepath="9">Al_término_de la reunión , el fiscal general recibió el apoyo de los legisladores que admitieron que si se acudió al apoyo del FBI fue porque México no cuenta con <argset><specifier>los</specifier><head>avances </head><argument argument="arg1" function="cn" thematicrole="tem" type="sp">en medicina forense y otras áreas en las que especialistas estadounidenses respaldaron las tareas durante las excavaciones</argument></argset>. </example>
        <example file="CESS-CAST-A/15786_20001220.tbf.xml" nodepath="0.3.1.2.1.2.1.0" sentencenodepath="0">El ex diputado de UCD y uno de los ponentes de la Constitución española , José_Pedro_Pérez_Llorca , destacó hoy la similitud existente entre el pacto antiterrorista alcanzado entre el PP y el PSOE y <argset><specifier>el</specifier><head>avance </head><argument argument="arg1" function="cn" thematicrole="tem" type="s.a">constitucional</argument><reference_modifiers>logrado por el PSOE y UCD</reference_modifiers></argset>. </example>
        <example file="CESS-CAST-A/16875_20000321.tbf.xml" nodepath="4.2.2.1.0" sentencenodepath="4">Sin_embargo , Bell resaltó el gran esfuerzo que el Gobierno está haciendo y Ø enumeró <argset><specifier>los</specifier><head>avances </head><reference_modifiers>logrados en los últimos años</reference_modifiers><argument argument="arg2" function="cn" thematicrole="loc" type="sp">en_materia_de protección de la población civil y de los defensores de derechos_humanos , la tipificación en el Código_Penal del reclutamiento de menores o las investigaciones de los presuntos delitos cometidos por miembros de las Fuerzas_Armadas</argument></argset>. </example>
        <example file="CESS-CAST-A/17928_20000622.tbf.xml" nodepath="0.2.1.3.3.0.1" sentencenodepath="0">El portavoz del PSOE en la Comisión_de_Interior_del_Congreso , Ramón_Jáuregui , aseguró que aunque su partido desea que de la cita entre el presidente del Gobierno , José_María_Aznar , y el lehendakari , Juan_José_Ibarretxe , salgan <argset>" <head>avances </head>" </argset>, su impresión es que se producirá un " desencuentro profundo " . </example>
        <example file="CESS-CAST-A/17928_20000622.tbf.xml" nodepath="3.0.1.1.0" sentencenodepath="3">Entre <argset><specifier>los</specifier><head>avances </head><reference_modifiers>que el PSOE desearía que se produjeran entre los Ejecutivos central y vasco</reference_modifiers></argset>Ø citó un acuerdo en cooperación policial y entendimientos sobre la articulación de la Ertzaintza y las Fuerzas_de_Seguridad_del_Estado , ya_que - subrayó Ø - la reciente reunión entre Mayor_Oreja y el consejero vasco de Interior , Javier_Balza , " fue simple foto " y no se produjeron acuerdos posteriores . </example>
        <example file="CESS-CAST-AA/24699_20000229.tbf.xml" nodepath="3.2.2.2.2.1.1.0" sentencenodepath="3">Botella ha descrito la situación laboral en España y Ø ha asegurado que " aún considerando que <argset><specifier>los</specifier><head>avances </head></argset>pueden , como_mínimo , calificarse de notables , las estadísticas ponen_de_manifiesto que hay que continuar apostando por esta línea , puesto_que el desempleo femenino supera en más del doble al masculino " . </example>
        <example file="CESS-CAST-AA/5976_20001008.tbf.xml" nodepath="4.4.1.0" sentencenodepath="4">Presididos por el ministro francés de Asuntos_Europeos , Pierre_Moscovici , los Quince no lograron hoy <argset><specifier>ningún</specifier><head>avance </head><argument argument="arg2" function="cn" thematicrole="loc" type="sp">en uno de los tres puntos claves de la reforma , el reparto de votos que tendrá cada país en el Consejo de ministros</argument></argset>. </example>
        <example file="CESS-CAST-AA/6736_20000208.tbf.xml" nodepath="5.2.0.1.1.2.1.0" sentencenodepath="5">La decisión de la Casa_Blanca llega después de que , en los últimos años , <argset><specifier>los</specifier><head>avances </head><argument argument="arg1" function="cn" thematicrole="tem" type="sp">de la investigación genética</argument></argset>, además_de ofrecer nuevas esperanzas a la medicina , también pueden anticipar a qué enfermedades es proclive cierta persona . </example>
        <example file="CESS-CAST-AA/7380_20000209.tbf.xml" nodepath="3.2.1.2.1.0" sentencenodepath="3">El presidente del Gobierno reconoció que , pese_a <argset><specifier>los</specifier><head>avances </head><reference_modifiers>logrados</reference_modifiers><argument argument="argM" function="cn" thematicrole="tmp" type="sp">en la pasada legislatura</argument></argset>, la existencia de víctimas demuestra que " queda bastante por hacer " , según el comunicado hecho público por la Secretaría_de_Estado_de_la_Comunicación . </example>
        <example file="CESS-CAST-AA/9294_20000512.tbf.xml" nodepath="1.1.2.2.3.1.1.0" sentencenodepath="1">En una conferencia de prensa convocada en Alicante con_motivo_de la clausura de un seminario sobre los modelos de relación entre el sindicato y la sociedad organizado por UGT , Méndez apostó por un " cambio en la legislación " y Ø resaltó que hay que " conectar la buena situación económica con <argset><specifier>un</specifier><head>avance </head><argument argument="arg2" function="cn" thematicrole="loc" type="sp">en la protección por desempleo</argument></argset>" . </example>
        <example file="CESS-CAST-P/139_19991201.tbf.xml" nodepath="9.2.3.1.1.0" sentencenodepath="9">Así , Sebastián_Alvaro , director de Al_filo_de_lo_imposible , se ocupará de contar las grandes aventuras del siglo , y Manuel_Serrano , ex director de programas culturales de TVE , hará lo propio con <argset><specifier>los</specifier><head>avances </head><argument argument="arg1" function="cn" thematicrole="tem" type="s.a">culturales , políticos y científicos</argument><argument argument="argM" function="cn" thematicrole="tmp" type="sp">de la centuria</argument></argset>. </example>
        <example file="CESS-CAST-P/146_19991001.tbf.xml" nodepath="16.0.1.0" sentencenodepath="16"><argset><specifier>Un</specifier><head>avance </head><argument argument="arg1" function="cn" thematicrole="tem" type="sp">de esta nueva experiencia , que se pondrá_en_marcha en el 2000 ,</argument></argset>se realizará el próximo viernes_12_de_noviembre , a las nueve de la noche . </example>
        <example file="CESS-CAST-P/28_20010102.tbf.xml" nodepath="2.5.6.0.0" sentencenodepath="2">Horas antes , el primer ministro israelí , Ehud_Barak , llamó a su Ejército a prepararse ante una escalada de violencia importante , que podría extenderse a otros países de la zona , si en un futuro cercano no se logran <argset><head>avances </head><reference_modifiers>basados en la iniciativa de paz de Clinton</reference_modifiers></argset>. </example>
        <example file="CESS-CAST-P/34_20010502.tbf.xml" nodepath="0.4.2.2.1.1.0.1.1.1.1.1.0" sentencenodepath="0">El presidente mexicano , Vicente_Fox , reaccionó ayer a las críticas zapatistas , Ø reconoció que la reforma constitucional aprobada por el Congreso " deja a un lado " buena parte de la iniciativa que él envió al Senado y Ø pidió " realizar los ajustes necesarios para profundizar en <argset><specifier>los</specifier><head>avances </head></argset>" . </example>
        <example file="CESS-CAST-P/3_20020501.tbf.xml" nodepath="2.0.1.1.1.1.1.0" sentencenodepath="2">El deseo de lograr <argset><specifier>un</specifier><head>avance </head><argument argument="arg1" function="cn" thematicrole="tem" type="sp">en la negociación sobre el futuro del Peñón</argument></argset>sin renunciar a la reintegración a la soberanía española es tan fuerte por_parte_del Ejecutivo de José_María_Aznar que el jefe de la diplomacia se mostró dispuesto a aceptar un acuerdo " duradero " o " perdurable " aunque no " definitivo " , tal_como anticipó el pasado Lunes el secretario de Estado británico para Europa , Peter_Hain . </example>
      </examples>
    </frame>
  </sense>
  <sense cousin="no" denotation="underspecified" id="2" lexicalized="no" originlemma="avanzar" originlink="verb.avanzar.1" wordnetsynset="16:00182418+16:05489950">
    <frame appearsinplural="no" type="default">
      <argument argument="arg1" thematicrole="tem">
        <constituent frequency="3" type="s.a"/>
      </argument>
      <argument argument="argM" thematicrole="tmp">
        <constituent frequency="1" preposition="de" type="sp"/>
      </argument>
      <specifiers>
        <constituent frequency="3" type="void"/>
      </specifiers>
      <reference_modifiers>
        <constituent frequency="1" type="s.a"/>
      </reference_modifiers>
      <examples>
        <example file="3LB-CAST/204_C-1.tbf.xml" nodepath="2.2.1.2.0.2" sentencenodepath="2">Zubía explicó que , además_del <argset>" <reference_modifiers>vertiginoso</reference_modifiers>
            <head>avance </head>
            <argument argument="arg1" function="cn" thematicrole="tem" type="s.a">tecnológico</argument>" <argument argument="argM" function="cn" thematicrole="tmp" type="sp">de los últimos años</argument>
          </argset>, el desprestigio sufrido por la Formación_Profesional ( FP ) ha provocado un abandono de estos oficios en_favor_de una concentración de estudiantes en carreras universitarias de bajo o muy bajo grado de inserción laboral , como el Derecho o Psicología . </example>
        <example file="CESS-CAST-P/130_20010201.tbf.xml" nodepath="4.3.2.1.0.0" sentencenodepath="4">Ø Los disfrazarán de progreso , de <argset><head>avance </head><argument argument="arg1" function="cn" thematicrole="tem" type="s.a">tecnológico</argument></argset>, de alta competición . </example>
        <example file="CESS-CAST-P/169_20010202.tbf.xml" nodepath="9.0.1.0.0" sentencenodepath="9">A_pesar_del <argset><head>avance </head><argument argument="arg1" function="cn" thematicrole="tem" type="s.a">tecnológico</argument></argset>, ninguna sofisticada máquina ha sido capaz de imitar el sonido de un buen stradivarius , de un Guadagnini o de un Guarneri_de_Gesù . </example>
      </examples>
    </frame>
  </sense>
  <sense cousin="no" denotation="result" id="3" lexicalized="no" originlemma="avanzar" originlink="verb.avanzar.4" wordnetsynset="16:cs1+16:05489950">
    <frame appearsinplural="no" type="default">
      <argument argument="arg1" thematicrole="tem">
        <constituent frequency="1" preposition="de" type="sp"/>
      </argument>
      <argument argument="arg2" thematicrole="ext">
        <constituent frequency="2" preposition="de" type="sp"/>
      </argument>
      <argument argument="arg4" thematicrole="efi">
        <constituent frequency="1" preposition="hasta" type="sp"/>
      </argument>
      <specifiers>
        <constituent frequency="2" postype="indefinite" type="determiner"/>
      </specifiers>
      <examples>
        <example file="CESS-CAST-AA/19731_20000127.tbf.xml" nodepath="1.0.3.1.1.0" sentencenodepath="1">El índice general de la Bolsa_de_Madrid cerró hoy con <argset><specifier>un</specifier><head>avance </head><argument argument="arg2" function="cn" thematicrole="ext" type="sp">de 16,33 puntos , equivalentes a un 1,65_por_ciento</argument><argument argument="arg4" function="cn" thematicrole="efi" type="sp">, hasta fijarse en los 1.007,84 puntos</argument></argset>, en_tanto_que el Ibex-35 subió 175,20 puntos , un 1,59_por_ciento , y Ø se colocó en los 11.206,60 . </example>
        <example file="CESS-CAST-AA/8222_20000310.tbf.xml" nodepath="6.2.1.2.2.1.0" sentencenodepath="6">Los márgenes de las peras tuvieron un incremento del 62_por_ciento , para los mayoristas y un seis_por_ciento del minorista ; las uvas , con una subida del 5,5_por_ciento para el mayorista y <argset><specifier>un</specifier><head>avance </head><argument argument="arg2" function="cn" thematicrole="ext" type="sp">del 85_por_ciento</argument><argument argument="arg1" function="cn" thematicrole="tem" type="sp">del minorista</argument></argset>; en las manzanas , el porcentaje mayorista cayó el 31_por_ciento y pero el detallista subió el 14_por_ciento . </example>
      </examples>
    </frame>
  </sense>
</lexentry>
