<?xml version="1.0" encoding="UTF-8" standalone="no"?>
<!-- 

  ancoralex-2.0.3
       
			Copyright (C) 2007,2008,2009,2010,2011 CLiC - UB
			Centre de Llenguatge i Computació - Universitat de Barcelona
 
  This file is part of ancoralex-2.0.3.
 
  ancoralex-2.0.3 is free software and data: you can redistribute it and/or modify
  it under the terms of the GNU General Public License as published
  by the Free Software Foundation, either version 3 of the License,
  or (at your option) any later version.

  ancoralex-2.0.3 is distributed in the hope that it will be useful,
  but WITHOUT ANY WARRANTY; without even the implied warranty of
  MERCHANTABILITY or FITNESS FOR A PARTICULAR PURPOSE.  See the
  GNU General Public License for more details.
 
  You should have received a copy of the GNU General Public License
  along with ancoralex-2.0.3.  If not, see &lt;http://www.gnu.org/licenses/&gt;.
 
  Check a text in catalan explaining the terms of the license at http://www.softcatala.cat/wiki/GPL3.
  In spanish at http://www.viti.es/gnu/licenses/gpl.html
  
  The following paper must be cited when using verb lexicon: 

 * Aparicio, Juan, Mariona Taulé, M.Antònia Martí (2008) 'AnCora-Verb: A Lexical Resource for 
   the Semantic Annotation of Corpora'. Proceedings of 6th International Conference on Language 
   Resources and Evaluation. Marrakesh (Morocco).

  The following paper must be cited when using noun lexicon: 

 * Peris, Aina, Mariona Taulé (2011). AnCora-Nom: A Spanish lexicon of deverbal nominalizations. 
   Procesamiento del Lenguaje Natural, nº46, pp. 11-18.
 
 

 

-->

<lexentry lemma="beso" lng="es" origin="deverbal" type="noun">
  <sense cousin="no" denotation="result" id="1" lexicalized="no" originlemma="besar" originlink="verb.besar.1" wordnetsynset="16:00090133">
    <frame appearsinplural="yes" type="default">
      <specifiers>
        <constituent frequency="3" postype="indefinite" type="determiner"/>
        <constituent frequency="1" postype="demonstrative" type="determiner"/>
        <constituent frequency="3" type="void"/>
        <constituent frequency="1" postype="article" type="determiner"/>
      </specifiers>
      <reference_modifiers>
        <constituent frequency="3" type="s.a"/>
      </reference_modifiers>
      <examples>
        <example file="3LB-CAST/a1-1.tbf.xml" nodepath="2.0.2.3.1.1.1.0" sentencenodepath="2">De la mano de un tío suyo , Ø volvió a casa una tarde , Ø fue corriendo al cuarto de su madre a darle <argset><specifier>un</specifier><head>beso </head></argset>y su madre no estaba , y ese beso le faltó toda la vida . </example>
        <example file="3LB-CAST/a1-1.tbf.xml" nodepath="2.2.0.1.0" sentencenodepath="2">De la mano de un tío suyo , Ø volvió a casa una tarde , Ø fue corriendo al cuarto de su madre a darle un beso y su madre no estaba , y <argset><specifier>ese</specifier><head>beso </head></argset>le faltó toda la vida . </example>
        <example file="3LB-CAST/a27-0.tbf.xml" nodepath="17.3.1.1.1.0.0.0" sentencenodepath="17">Entre las muchas lindezas con las que se descolgó el edil , la más comentada fue la prohibición de <argset><head>besos </head>, caricias y arrumacos </argset>entre las parejas que circulaban por la vía pública . </example>
        <example file="3LB-CAST/d2-15.tbf.xml" nodepath="7.2.1.0.1" sentencenodepath="7">La última bala acompañará al <argset><reference_modifiers>último</reference_modifiers><head>beso </head></argset>. </example>
        <example file="3LB-CAST/t4-2.tbf.xml" nodepath="5.0.3.1.1.1.1.1.0" sentencenodepath="5">El amor se cuenta por la frecuencia de <argset><specifier>los</specifier><head>besos </head></argset>y la pasión por la frecuencia de los insultos . </example>
        <example file="CESS-CAST-AA/8105_20000310.tbf.xml" nodepath="18.2.4.1.1" sentencenodepath="18">Y después del reproche , una buena dosis de cariño : un ama de casa impulsiva le planta <argset><specifier>un</specifier><reference_modifiers>sonoro</reference_modifiers><head>beso </head></argset>en la calva en un mercado del barrio madrileño de Usera . </example>
        <example file="CESS-CAST-P/105_19990401.tbf.xml" nodepath="2.5.4.0.0" sentencenodepath="2">Si sus compañeros lo celebraban como locos , el base no olvidaba a su gente , mientras Ø lanzaba <argset><head>besos </head></argset>al público . </example>
        <example file="CESS-CAST-P/11_20000302.tbf.xml" nodepath="12.2.4.6.1.3.1.0" sentencenodepath="12">Ø Sabía que Ø no firmaría autógrafos , que las gentes de Girona no se echarían en sus brazos al verla pasar y que las madres no pondrían a sus hijos a su alcance para que Ø depositara <argset><specifier>un</specifier><head>beso </head><reference_modifiers>cariñoso</reference_modifiers></argset>en sus tiernas mejillas . </example>
      </examples>
    </frame>
  </sense>
</lexentry>
