<?xml version="1.0" encoding="UTF-8" standalone="no"?>
<!-- 

  ancoralex-2.0.3
       
			Copyright (C) 2007,2008,2009,2010,2011 CLiC - UB
			Centre de Llenguatge i Computació - Universitat de Barcelona
 
  This file is part of ancoralex-2.0.3.
 
  ancoralex-2.0.3 is free software and data: you can redistribute it and/or modify
  it under the terms of the GNU General Public License as published
  by the Free Software Foundation, either version 3 of the License,
  or (at your option) any later version.

  ancoralex-2.0.3 is distributed in the hope that it will be useful,
  but WITHOUT ANY WARRANTY; without even the implied warranty of
  MERCHANTABILITY or FITNESS FOR A PARTICULAR PURPOSE.  See the
  GNU General Public License for more details.
 
  You should have received a copy of the GNU General Public License
  along with ancoralex-2.0.3.  If not, see &lt;http://www.gnu.org/licenses/&gt;.
 
  Check a text in catalan explaining the terms of the license at http://www.softcatala.cat/wiki/GPL3.
  In spanish at http://www.viti.es/gnu/licenses/gpl.html
  
  The following paper must be cited when using verb lexicon: 

 * Aparicio, Juan, Mariona Taulé, M.Antònia Martí (2008) 'AnCora-Verb: A Lexical Resource for 
   the Semantic Annotation of Corpora'. Proceedings of 6th International Conference on Language 
   Resources and Evaluation. Marrakesh (Morocco).

  The following paper must be cited when using noun lexicon: 

 * Peris, Aina, Mariona Taulé (2011). AnCora-Nom: A Spanish lexicon of deverbal nominalizations. 
   Procesamiento del Lenguaje Natural, nº46, pp. 11-18.
 
 

 

-->

<lexentry lemma="blanqueo" lng="es" origin="deverbal" type="noun">
  <sense cousin="no" denotation="result" id="1" lexicalized="no" originlemma="blanquear" originlink="verb.blanquear.1" wordnetsynset="16:00176075">
    <frame appearsinplural="no" type="default">
      <argument argument="argL">
        <constituent frequency="2" preposition="de" type="sp"/>
      </argument>
      <specifiers>
        <constituent frequency="1" type="void"/>
        <constituent frequency="1" postype="article" type="determiner"/>
      </specifiers>
      <examples>
        <example file="CESS-CAST-A/18701_20000922.tbf.xml" nodepath="0.2.4.1.1.1.1.2.1.1.2.2.1.1.1.1.1.0.0" sentencenodepath="0">La presidencia francesa de la UE espera que España o Portugal levanten la semana que viene sus reservas a la inclusión de abogados y contables en la directiva comunitaria que obliga a denunciar las operaciones de <argset><head>blanqueo </head><argument argument="argL" function="cn" type="sp">de dinero</argument></argset>. </example>
        <example file="CESS-CAST-A/18701_20000922.tbf.xml" nodepath="9.2.2.1.2.1.1.1.1.1.0" sentencenodepath="9">La nueva directiva pretende extender a abogados y contables , incluidos los asesores fiscales , agentes inmobiliarios , marchantes de arte , anticuarios y casinos las mismas obligaciones que ahora tienen las instituciones financieras y de crédito en_relación_con la lucha contra <argset><specifier>el</specifier><head>blanqueo </head><argument argument="argL" function="cn" type="sp">de capitales</argument></argset>. </example>
      </examples>
    </frame>
  </sense>
  <sense cousin="no" denotation="event" id="2" lexicalized="no" originlemma="blanquear" originlink="verb.blanquear.1" wordnetsynset="16:00176075">
    <frame appearsinplural="no" type="default">
      <argument argument="argL">
        <constituent frequency="1" preposition="de" type="sp"/>
      </argument>
      <specifiers>
        <constituent frequency="1" postype="article" type="determiner"/>
      </specifiers>
      <examples>
        <example file="CESS-CAST-A/17937_20000723.tbf.xml" nodepath="3.2.1.1.1.3.1.1.0" sentencenodepath="3">Una unidad de investigación del Consejo_Nacional_de_Sustancias_Estupefacientes_y_Psicotrópicas ( Cosnep ) mostró su preocupación por que el nuevo sistema monetario pueda ser aprovechado para <argset><specifier>el</specifier><head>blanqueo </head><argument argument="argL" function="cn" type="sp">de dinero del narcotráfico</argument></argset>. </example>
      </examples>
    </frame>
  </sense>
</lexentry>
