<?xml version="1.0" encoding="UTF-8" standalone="no"?>
<!-- 

  ancoralex-2.0.3
       
			Copyright (C) 2007,2008,2009,2010,2011 CLiC - UB
			Centre de Llenguatge i Computació - Universitat de Barcelona
 
  This file is part of ancoralex-2.0.3.
 
  ancoralex-2.0.3 is free software and data: you can redistribute it and/or modify
  it under the terms of the GNU General Public License as published
  by the Free Software Foundation, either version 3 of the License,
  or (at your option) any later version.

  ancoralex-2.0.3 is distributed in the hope that it will be useful,
  but WITHOUT ANY WARRANTY; without even the implied warranty of
  MERCHANTABILITY or FITNESS FOR A PARTICULAR PURPOSE.  See the
  GNU General Public License for more details.
 
  You should have received a copy of the GNU General Public License
  along with ancoralex-2.0.3.  If not, see &lt;http://www.gnu.org/licenses/&gt;.
 
  Check a text in catalan explaining the terms of the license at http://www.softcatala.cat/wiki/GPL3.
  In spanish at http://www.viti.es/gnu/licenses/gpl.html
  
  The following paper must be cited when using verb lexicon: 

 * Aparicio, Juan, Mariona Taulé, M.Antònia Martí (2008) 'AnCora-Verb: A Lexical Resource for 
   the Semantic Annotation of Corpora'. Proceedings of 6th International Conference on Language 
   Resources and Evaluation. Marrakesh (Morocco).

  The following paper must be cited when using noun lexicon: 

 * Peris, Aina, Mariona Taulé (2011). AnCora-Nom: A Spanish lexicon of deverbal nominalizations. 
   Procesamiento del Lenguaje Natural, nº46, pp. 11-18.
 
 

 

-->

<lexentry lemma="bloqueo" lng="es" origin="deverbal" type="noun">
  <sense cousin="no" denotation="result" id="1" lexicalized="no" originlemma="bloquear" originlink="verb.bloquear.1" wordnetsynset="16:cs1">
    <frame appearsinplural="yes" type="default">
      <argument argument="arg0" thematicrole="agt">
        <constituent frequency="2" type="s.a"/>
      </argument>
      <argument argument="arg1" thematicrole="pat">
        <constituent frequency="4" preposition="de" type="sp"/>
      </argument>
      <argument argument="argM" thematicrole="loc">
        <constituent frequency="1" preposition="en_torno_a" type="sp"/>
      </argument>
      <specifiers>
        <constituent frequency="5" type="void"/>
        <constituent frequency="11" postype="article" type="determiner"/>
      </specifiers>
      <reference_modifiers>
        <constituent frequency="2" type="S"/>
        <constituent frequency="1" type="s.a"/>
      </reference_modifiers>
      <examples>
        <example file="3LB-CAST/111_C-6.tbf.xml" nodepath="6.2.5.1.1.1.3.1.3.3.1.0.0" sentencenodepath="6">Fuentes políticas israelíes indicaron que Barak se quejará ante Clinton de la actitud que mantiene en las negociaciones el líder palestino , Yasser_Arafat , a quien Israel culpa del <argset><head>bloqueo </head></argset>, en_parte_por aumentar sus exigencias tras la retirada israelí del Líbano . </example>
        <example file="3LB-CAST/111_C-7.tbf.xml" nodepath="7.5.1.0.1.1.1.3.1.1.2.6.1.1.0" sentencenodepath="7">Para los responsables de la ciudad , la coincidencia de los diversos eventos , especialmente la visita de Clinton , se convertirá desde el punto de vista logístico en una de las mayores pruebas de fuerza desde el Puente_Aéreo de 1948 , cuando los norteamericanos abastecieron Berlín desde el aire durante <argset><specifier>el</specifier><head>bloqueo </head><argument argument="arg0" function="cn" thematicrole="agt" type="s.a">soviético</argument></argset>. </example>
        <example file="3LB-CAST/2000060111_5-3.tbf.xml" nodepath="2.0.0.1.1.0.2.1.1.1.1.1.1.1.0" sentencenodepath="2">La posibilidad de aliviar los costes y de contrarrestar las pérdidas causadas por <argset><specifier>los</specifier><head>bloqueos </head></argset>mediante el pago diferido de aranceles también es estudiada por el Gobierno , añadió el titular de Agricultura . </example>
        <example file="CESS-CAST-A/10150_20001114.tbf.xml" nodepath="17.2.2.1.1.1.0.0.0.0" sentencenodepath="17">La Declaración_de_Cartagena apostó por el libre comercio y el progreso sin renunciar a los aspectos sociales , e Ø incluyó una referencia al <argset><head>bloqueo </head>o embargo impuesto por Estados_Unidos contra Cuba desde principios de los sesenta </argset>. </example>
        <example file="CESS-CAST-A/1506_20001003.tbf.xml" nodepath="1.3.1.1.2.1.1.0" sentencenodepath="1">Fuentes de la Asociación_de_Empresarios_Transportistas_de_Valencia ( Asetraval ) , convocante de la protesta , manifestaron a EFE que la participación de vehículos pesados en <argset><specifier>el</specifier><head>bloqueo </head><argument argument="arg1" function="cn" thematicrole="pat" type="sp">de la circunvalación de Valencia</argument></argset>ha sido hoy algo inferior a la de ayer , pues " hay menos camiones circulando al darse_cuenta de la conveniencia de esta protesta " . </example>
        <example file="CESS-CAST-A/18701_20000922.tbf.xml" nodepath="6.2.1.1.1.0.0" sentencenodepath="6">Si España o Portugal levantaran sus reservas desaparecería la minoría de <argset><head>bloqueo </head></argset>que actualmente impide la aprobación de la directiva . </example>
        <example file="CESS-CAST-AA/20443_20000128.tbf.xml" nodepath="6.3.5.1.2.2.2.1.1.3.1.0.1.1.2.2.1.1.1.1.2.1.0" sentencenodepath="6">Ø Eludió referirse a la respuesta concreta del Vaticano , aunque Ø se mostró satisfecho " por la acogida y la cordialidad " del Papa_Juan_Pablo_II , en una visita que Ø calificó de " provechosa y útil " para explicar la " situación dramática del pueblo cubano " y recordar a Su_Santidad que su llamamiento para que finalizara <argset><specifier>el</specifier><head>bloqueo </head><argument argument="arg0" function="cn" thematicrole="agt" type="s.a">estadounidense</argument></argset>no ha sido escuchado porque , dijo Ø , " Ø se ha recrudecido " . </example>
        <example file="CESS-CAST-AA/20443_20000128.tbf.xml" nodepath="11.2.2.3.1.1.1.3.1.0" sentencenodepath="11">El canciller cubano fue preguntado también por la exposición que se celebra en Cuba en la que participan compañías farmacéuticas estadounidenses y Ø rechazó que ello pueda ser un ejemplo de que se haya flexibilizado <argset><specifier>el</specifier><head>bloqueo </head><reference_modifiers>, que se mantiene " estricta y rigurosamente aplicado "</reference_modifiers></argset>. </example>
        <example file="CESS-CAST-AA/2505_20001004.tbf.xml" nodepath="1.3.0.1.0" sentencenodepath="1">También prosiguen hoy <argset><specifier>los</specifier><head>bloqueos </head><argument argument="arg1" function="cn" thematicrole="pat" type="sp">de carreteras</argument><argument argument="argM" function="cn" thematicrole="loc" type="sp">en_torno_a varias ciudades de Serbia</argument></argset>y los paros en las fábricas como forma de presión contra el jefe de Estado de Yugoslavia , Slobodan_Milosevic , para que Ø entregue la Presidencia al candidato opositor Vojislav_Kostunica . </example>
        <example file="CESS-CAST-AA/2505_20001004.tbf.xml" nodepath="11.3.1.0.2.0.0" sentencenodepath="11">Zoran_Djindjic , coordinador de DOS , declaró en una emisora de televisión belgradense que las huelgas y <argset><head>bloqueos </head><argument argument="arg1" function="cn" thematicrole="pat" type="sp">de carreteras</argument></argset>que se han extendido por toda Serbia " obligarán " a Milosevic a que Ø reconozca que Kostunica venció en las presidenciales el pasado 24_de_septiembre por mayoría absoluta y no simple . </example>
        <example file="CESS-CAST-AA/6874_20000910.tbf.xml" nodepath="2.3.1.2.1.1.0" sentencenodepath="2">Brown ya ha advertido de que el Gobierno no va a rebajar ni un penique los impuestos del carburante y que <argset><specifier>los</specifier><head>bloqueos </head></argset>no suponen una solución . </example>
        <example file="CESS-CAST-AA/6874_20000910.tbf.xml" nodepath="3.4.3.1.1.0.1.1.1.0" sentencenodepath="3">Según el ministro , " la gente sabe que las decisiones en Gran_Bretaña se toman en los presupuestos y no como resultado de <argset><specifier>los</specifier><head>bloqueos </head></argset>" . </example>
        <example file="CESS-CAST-AA/6874_20000910.tbf.xml" nodepath="11.0.1.1.0" sentencenodepath="11">Aunque la gravedad de las protestas británicas no pueden compararse a las manifestaciones de Francia , <argset><specifier>los</specifier><head>bloqueos </head></argset>han mermado las reservas de las gasolineras y Ø han dificultado la distribución del carburante . </example>
        <example file="CESS-CAST-P/151_20010202.tbf.xml" nodepath="1.4.1.1.1.3.1.3.2.1.1.1.1.0" sentencenodepath="1">Los tres comisarios europeos responsables de Competencia ( Mario_Monti ) , Deportes ( Viviane_Reding ) y Asuntos_Sociales ( Anna_Diamantopoulou ) comunicaron por escrito a los dos organismos del fútbol su voluntad de celebrar una reunión , antes de la cumbre del 16_de_febrero , para dar " un impulso político " decisivo a las discusiones , por la inquietud ante <argset><specifier>el</specifier><head>bloqueo </head><reference_modifiers>actual</reference_modifiers></argset>. </example>
        <example file="CESS-CAST-P/17_20020202.tbf.xml" nodepath="0.4.1.2.2.0" sentencenodepath="0">El Tribunal_Supremo de Argentina declaró ayer inconstitucional el corralito financiero <argset>, <specifier>el</specifier>
            <head>bloqueo </head>
            <argument argument="arg1" function="cn" thematicrole="pat" type="sp">de las cuentas salariales y de ahorro</argument>
            <reference_modifiers>decretado por el EX expresidente Fernando_de_la_Rúa y su ministro de Economía , Domingo_Cavallo , y ratificado por el presidente Eduardo_Duhalde mediante una ley aprobada en el Parlamento</reference_modifiers>
          </argset>. </example>
        <example file="CESS-CAST-P/57_20000601_a.tbf.xml" nodepath="1.2.1.2.1.1.1.1.0.0" sentencenodepath="1">Esta decisión , anunciada ayer por Pasqual_Maragall , supone un cambio radical en_relación_con la actitud de <argset><head>bloqueo </head></argset>mantenida por el PSC en el último pleno . </example>
      </examples>
    </frame>
  </sense>
  <sense cousin="no" denotation="event" id="2" lexicalized="no" originlemma="bloquear" originlink="verb.bloquear.1" wordnetsynset="16:cs1">
    <frame appearsinplural="no" type="default">
      <argument argument="arg1" thematicrole="pat">
        <constituent frequency="2" preposition="de" type="sp"/>
      </argument>
      <specifiers>
        <constituent frequency="2" postype="article" type="determiner"/>
      </specifiers>
      <examples>
        <example file="CESS-CAST-AA/6874_20000910.tbf.xml" nodepath="0.2.2.1.1.0" sentencenodepath="0">Los camioneros británicos intensificaron hoy sus protestas y Ø continuaron con <argset><specifier>el</specifier><head>bloqueo </head><argument argument="arg1" function="cn" thematicrole="pat" type="sp">de refinerías y depósitos de combustible</argument></argset>, pese_a la negativa del ministro británico de Economía , Gordon_Brown , a bajar los impuestos del carburante . </example>
        <example file="CESS-CAST-AA/6874_20000910.tbf.xml" nodepath="9.3.1.2.3.1.1.0" sentencenodepath="9">" La gente está perdiendo la paciencia . Los altos precios del petróleo , , al_final afectan a los consumidores . Ellos son los que tendrán que pagar por estos costes adicionales " , comentó el agricultor Charlie_Armstrong , quien participa en <argset><specifier>el</specifier><head>bloqueo </head><argument argument="arg1" function="cn" thematicrole="pat" type="sp">de la autopista</argument></argset>. </example>
      </examples>
    </frame>
  </sense>
  <sense cousin="no" denotation="underspecified" id="3" lexicalized="no" originlemma="bloquear" originlink="verb.bloquear.1" wordnetsynset="16:cs1+16:00610851">
    <frame appearsinplural="no" type="default">
      <argument argument="arg1" thematicrole="pat">
        <constituent frequency="2" preposition="de" type="sp"/>
      </argument>
      <specifiers>
        <constituent frequency="2" postype="article" type="determiner"/>
      </specifiers>
      <examples>
        <example file="CESS-CAST-AA/4287_20000306.tbf.xml" nodepath="9.2.0.3.0.1.1.1.0" sentencenodepath="9">Galloway anunció que Ø tomará medidas contra <argset><specifier>el</specifier><head>bloqueo </head><argument argument="arg1" function="cn" thematicrole="pat" type="sp">del vuelo</argument></argset>, que Ø tenía previsto llevar medicinas , médicos , abogados , psiquiatras y otro personal de ayuda y asistencia a la población . </example>
        <example file="CESS-CAST-P/16_20001002_a.tbf.xml" nodepath="1.1.1.4.1.1.3.1.1.1.0" sentencenodepath="1">Miles de payeses hicieron ayer en Lleida una exhibición de fuerza en plena Fira_de_Sant_Miquel : Ø declararon persona_non_grata al conseller Mas por las cargas de los Mossos del viernes para romper <argset><specifier>el</specifier><head>bloqueo </head><argument argument="arg1" function="cn" thematicrole="pat" type="sp">de los centros de distribución de hidrocarburos</argument></argset>, y Ø ratificaron que el alza del gasóleo es la gota que colma el vaso en un sector deprimido . </example>
      </examples>
    </frame>
  </sense>
</lexentry>
