<?xml version="1.0" encoding="UTF-8" standalone="no"?>
<!-- 

  ancoralex-2.0.3
       
			Copyright (C) 2007,2008,2009,2010,2011 CLiC - UB
			Centre de Llenguatge i Computació - Universitat de Barcelona
 
  This file is part of ancoralex-2.0.3.
 
  ancoralex-2.0.3 is free software and data: you can redistribute it and/or modify
  it under the terms of the GNU General Public License as published
  by the Free Software Foundation, either version 3 of the License,
  or (at your option) any later version.

  ancoralex-2.0.3 is distributed in the hope that it will be useful,
  but WITHOUT ANY WARRANTY; without even the implied warranty of
  MERCHANTABILITY or FITNESS FOR A PARTICULAR PURPOSE.  See the
  GNU General Public License for more details.
 
  You should have received a copy of the GNU General Public License
  along with ancoralex-2.0.3.  If not, see &lt;http://www.gnu.org/licenses/&gt;.
 
  Check a text in catalan explaining the terms of the license at http://www.softcatala.cat/wiki/GPL3.
  In spanish at http://www.viti.es/gnu/licenses/gpl.html
  
  The following paper must be cited when using verb lexicon: 

 * Aparicio, Juan, Mariona Taulé, M.Antònia Martí (2008) 'AnCora-Verb: A Lexical Resource for 
   the Semantic Annotation of Corpora'. Proceedings of 6th International Conference on Language 
   Resources and Evaluation. Marrakesh (Morocco).

  The following paper must be cited when using noun lexicon: 

 * Peris, Aina, Mariona Taulé (2011). AnCora-Nom: A Spanish lexicon of deverbal nominalizations. 
   Procesamiento del Lenguaje Natural, nº46, pp. 11-18.
 
 

 

-->

<lexentry lemma="bombardeo" lng="es" origin="deverbal" type="noun">
  <sense cousin="no" denotation="result" id="1" lexicalized="no" originlemma="bombardear" originlink="verb.bombardear.1" wordnetsynset="16:00629628">
    <frame appearsinplural="yes" type="default">
      <argument argument="arg0" thematicrole="agt">
        <constituent frequency="3" preposition="de" type="sp"/>
        <constituent frequency="1" type="S"/>
        <constituent frequency="1" type="s.a"/>
      </argument>
      <argument argument="arg1" thematicrole="pat">
        <constituent frequency="1" preposition="de" type="sp"/>
        <constituent frequency="1" preposition="contra" type="sp"/>
        <constituent frequency="1" preposition="sobre" type="sp"/>
      </argument>
      <argument argument="argM" thematicrole="loc">
        <constituent frequency="2" preposition="en" type="sp"/>
      </argument>
      <argument argument="argM" thematicrole="cau">
        <constituent frequency="1" preposition="por" type="sp"/>
      </argument>
      <specifiers>
        <constituent frequency="1" postype="indefinite" type="determiner"/>
        <constituent frequency="11" postype="article" type="determiner"/>
        <constituent frequency="1" type="void"/>
        <constituent frequency="1" postype="demonstrative" type="determiner"/>
      </specifiers>
      <reference_modifiers>
        <constituent frequency="2" type="s.a"/>
        <constituent frequency="1" type="S"/>
      </reference_modifiers>
      <examples>
        <example file="3LB-CAST/a20-1.tbf.xml" nodepath="3.2.1.5.1.1.0" sentencenodepath="3">Ø Tiene más casta de lo que indica su tensión baja y su conversación irónica , al_fin_y_al_cabo , si Ø no nació en <argset><specifier>un</specifier><head>bombardeo </head></argset>, Ø sí creció en el de Londres , cuando su papá era medio espía inglés y la reina de Inglaterra jugaba con ella a las enfermeras y los aviadores de la RAF . </example>
        <example file="3LB-CAST/dc2-1.tbf.xml" nodepath="4.1.1.2.1.0" sentencenodepath="4">El estallido de la Primera_Guerra_Mundial , en 1914 , llevó muy poco después a que la humanidad contemplara con sus propios ojos los efectos combinados de ciencia y guerra : los espantos de los combates de trincheras y <argset><specifier>los</specifier><head>bombardeos </head><reference_modifiers>aéreos</reference_modifiers><argument argument="arg1" function="cn" thematicrole="pat" type="sp">de ciudades</argument></argset>quedaron ensombrecidos por un nuevo fantasma , el de las armas químicas . </example>
        <example file="CESS-CAST-A/10242_20000816.tbf.xml" nodepath="20.5.1.1.2.1.1.1.1.2.0.1.0" sentencenodepath="20">Mientras el centro Staples aclamaba a los Kennedy , la ciudad de Los_Angeles volvió a ser escenario hoy de diversas protestas en la calle convocadas contra diversas causas , como <argset><specifier>los</specifier><head>bombardeos </head><argument argument="argM" function="cn" thematicrole="loc" type="sp">en Iraq</argument></argset>y la globalización , aunque no se informó de altercados similares a los producidos el lunes_pasado . </example>
        <example file="CESS-CAST-A/15776_20000320.tbf.xml" nodepath="4.4.5.1.1.0" sentencenodepath="4">Según la circular interna distribuida entre las autoridades de los centros universitarios , dichas protestas podrían haber dado_lugar a brotes de inestabilidad social no_sólo en Pekín , sino_también en otras grandes ciudades , como Ø ocurrió en mayo pasado tras <argset><specifier>el</specifier><head>bombardeo </head><argument argument="arg0" function="cn" thematicrole="agt" type="sp">de la OTAN</argument><reference_modifiers>que destruyó la Embajada china en Belgrado durante la crisis de Kosovo</reference_modifiers></argset>. </example>
        <example file="CESS-CAST-AA/20450_20000325.tbf.xml" nodepath="11.5.2.0.2.1.1.0" sentencenodepath="11">El viernes , Izquierda_Unida y diversos colectivos leyeron un manifiesto de protesta contra " la guerra , las sanciones económicas a Yugoslavia , la OTAN y el intervencionismo de los Estados_Unidos " frente_a la embajada de este país , con_motivo_del primer aniversario de <argset><specifier>los</specifier><head>bombardeos </head><argument argument="arg0" function="cn" thematicrole="agt" type="S">aliados</argument><argument argument="argM" function="cn" thematicrole="loc" type="sp">en los Balcanes</argument></argset>. </example>
        <example file="CESS-CAST-AA/3589_20000405.tbf.xml" nodepath="9.1.0.2.1.0" sentencenodepath="9">Durante el debate , el ministro de Exteriores volvió a defender <argset><specifier>los</specifier><head>bombardeos </head><argument argument="arg0" function="cn" thematicrole="agt" type="sp">de la OTAN</argument><argument argument="arg1" function="cn" thematicrole="pat" type="sp">contra Serbia</argument></argset>y Ø calificó de mitos todas las informaciones que han puesto_en_duda algunas de las operaciones urdidas por el gobierno de Belgrado , como la matanza de Radzack o la llamada " operación herradura " , mediante la que el ejército serbio tenía previsto expulsar de la provincia de Kosovo a la población albanesa . </example>
        <example file="CESS-CAST-AA/5560_20001007.tbf.xml" nodepath="8.3.3.5.1.3.0.0.1.3.1.4.1.0.1" sentencenodepath="8">Incluso Milosevic , en su único y virulento discurso tras la primera vuelta electoral , cuando Ø aún insistía en celebrar una segunda , supo que Ø no podía atacar a Kostunica y " Ø alertó " a los serbios de que el verdadero líder de la DOS no era él sino Zoran_Djindjic , odiado por muchos desde que Ø abandonó Yugoslavia en <argset><reference_modifiers>plenos</reference_modifiers><head>bombardeos </head><argument argument="arg0" function="cn" thematicrole="agt" type="sp">de la OTAN</argument></argset>. </example>
        <example file="CESS-CAST-P/113_19990501_a.tbf.xml" nodepath="1.2.2.1.2.1.1.0" sentencenodepath="1">UGT y CCOO manifestarán hoy su rechazo a la OTAN y Ø pedirán el cese inmediato de <argset><specifier>los</specifier><head>bombardeos </head><argument argument="arg1" function="cn" thematicrole="pat" type="sp">sobre Yugoslavia</argument></argset>durante los 61 actos conmemorativos del Primero_de_Mayo . </example>
        <example file="CESS-CAST-P/20_20010702.tbf.xml" nodepath="6.0.1.0" sentencenodepath="6"><argset><specifier>El</specifier><head>bombardeo </head><argument argument="arg0" function="cn" thematicrole="agt" type="s.a">israelí</argument></argset>provocó la indignación del mundo árabe , especialmente de Siria y Líbano , cuyos ministros de Asuntos_Exteriores se pusieron en contacto telefónico para estudiar una respuesta . </example>
        <example file="CESS-CAST-P/26_19990701_a.tbf.xml" nodepath="14.2.4.1.3.1.0" sentencenodepath="14">Ø Creo que los ingleses ganaron la guerra entre otras razones porque Ø soportaron <argset><specifier>los</specifier><head>bombardeos </head></argset>. </example>
        <example file="CESS-CAST-P/26_19990701_a.tbf.xml" nodepath="19.2.0.1.2.2.1.1.1.0" sentencenodepath="19">Mira Ø , no se trata de hacer un elogio de la guerra , pero el único dirigente que dijo que además_de <argset><specifier>los</specifier><head>bombardeos </head></argset>se tenía que invadir Yugoslavia fue Tony_Blair . </example>
        <example file="CESS-CAST-P/26_19990701_a.tbf.xml" nodepath="20.3.1.1.2.1.1.2.3.1.0.1.1.1.0" sentencenodepath="20">En un diario francés Ø leí las declaraciones de una mujer , de una piloto norteamericana , que participó en varios de <argset><specifier>esos</specifier><head>bombardeos </head></argset>. </example>
        <example file="CESS-CAST-P/29_19990502.tbf.xml" nodepath="0.3.1.2.2.1.1.1.1.0" sentencenodepath="0">Un portavoz del Pentágono rechazó ayer el plan de seis puntos propuesto por el presidente de Yugoslavia , Slobodan_Milosevic , para acabar con <argset><specifier>los</specifier><head>bombardeos </head><argument argument="argM" function="cn" thematicrole="cau" type="sp">por no responder a las exigencias de la OTAN</argument></argset>. </example>
        <example file="CESS-CAST-P/31_19990401.tbf.xml" nodepath="10.2.4.2.1.1.1.0" sentencenodepath="10">El primer ministro se sumó a la retórica antioccidental y , al llegar a Moscú , Ø acusó a la OTAN de sabotear sus esfuerzos y de reanudar <argset><specifier>el</specifier><head>bombardeo </head></argset>antes de que él llegara a Alemania . </example>
      </examples>
    </frame>
  </sense>
</lexentry>
