<?xml version="1.0" encoding="UTF-8" standalone="no"?>
<!-- 

  ancoralex-2.0.3
       
			Copyright (C) 2007,2008,2009,2010,2011 CLiC - UB
			Centre de Llenguatge i Computació - Universitat de Barcelona
 
  This file is part of ancoralex-2.0.3.
 
  ancoralex-2.0.3 is free software and data: you can redistribute it and/or modify
  it under the terms of the GNU General Public License as published
  by the Free Software Foundation, either version 3 of the License,
  or (at your option) any later version.

  ancoralex-2.0.3 is distributed in the hope that it will be useful,
  but WITHOUT ANY WARRANTY; without even the implied warranty of
  MERCHANTABILITY or FITNESS FOR A PARTICULAR PURPOSE.  See the
  GNU General Public License for more details.
 
  You should have received a copy of the GNU General Public License
  along with ancoralex-2.0.3.  If not, see &lt;http://www.gnu.org/licenses/&gt;.
 
  Check a text in catalan explaining the terms of the license at http://www.softcatala.cat/wiki/GPL3.
  In spanish at http://www.viti.es/gnu/licenses/gpl.html
  
  The following paper must be cited when using verb lexicon: 

 * Aparicio, Juan, Mariona Taulé, M.Antònia Martí (2008) 'AnCora-Verb: A Lexical Resource for 
   the Semantic Annotation of Corpora'. Proceedings of 6th International Conference on Language 
   Resources and Evaluation. Marrakesh (Morocco).

  The following paper must be cited when using noun lexicon: 

 * Peris, Aina, Mariona Taulé (2011). AnCora-Nom: A Spanish lexicon of deverbal nominalizations. 
   Procesamiento del Lenguaje Natural, nº46, pp. 11-18.
 
 

 

-->

<lexentry lemma="cabreo" lng="es" origin="deverbal" type="noun">
  <sense cousin="no" denotation="result" id="1" lexicalized="no" originlemma="cabrear" originlink="verb.cabrear.1" wordnetsynset="16:cs1+16:cs2">
    <frame appearsinplural="no" type="default">
      <specifiers>
        <constituent frequency="2" type="void"/>
      </specifiers>
      <reference_modifiers>
        <constituent frequency="1" type="s.a"/>
      </reference_modifiers>
      <examples>
        <example file="3LB-CAST/c5-1.tbf.xml" nodepath="9.2.3.2.2.1.3.4.1.1.0.1.1.0.0" sentencenodepath="9">Ahora Ø ya sé que Mario_Conde es un masón dormido y hasta es posible que más de uno esté temblando sólo de pensar que el martes Ø se despierte ; Ø ya sé que Banesto , según su nuevo presidente impuesto tan serio , tan triste , tan con cara de <argset><head>cabreo </head><reference_modifiers>permanente</reference_modifiers></argset>tiene arreglo ( lo cual lleva a preguntarse por qué Ø tienen entonces nuevo presidente ) ; Ø ya sé que el PNV está un_poco de los nervios y que la libertad se compra a_plazos a los etarras ; Ø sé también que a los indiecitos mexicanos Ø les iba mejor con Felipe_II que con Salinas_de_Gortari . </example>
        <example file="CESS-CAST-P/85_20000401.tbf.xml" nodepath="9.0.0.0.1.2.1.0.0" sentencenodepath="9">Presa del nerviosismo y del <argset><head>cabreo </head></argset>, una veintena de viajeros rodeó a una azafata y Ø estuvo a_punto_de lincharla verbalmente . </example>
      </examples>
    </frame>
  </sense>
  <sense cousin="no" denotation="underspecified" id="2" lexicalized="no" originlemma="cabrear" originlink="verb.cabrear.1" wordnetsynset="16:cs1">
    <frame appearsinplural="no" type="default">
      <argument argument="arg1" thematicrole="tem">
        <constituent frequency="1" preposition="de" type="sp"/>
      </argument>
      <specifiers>
        <constituent frequency="1" type="void"/>
      </specifiers>
      <examples>
        <example file="3LB-CAST/r2-7.tbf.xml" nodepath="2.2.2.1.1.1.1.0.0" sentencenodepath="2">La partida Ø la saldaron pagando un décimo de lotería y las copas de la peña , pero el ex_gobernador notó que el origen del <argset><head>cabreo </head><argument argument="arg1" function="cn" thematicrole="tem" type="sp">de Corcuera</argument></argset>era otro : - Ø Le noté preocupado con la situación que se vive y cabreado . </example>
      </examples>
    </frame>
  </sense>
</lexentry>
