<?xml version="1.0" encoding="UTF-8" standalone="no"?>
<!-- 

  ancoralex-2.0.3
       
			Copyright (C) 2007,2008,2009,2010,2011 CLiC - UB
			Centre de Llenguatge i Computació - Universitat de Barcelona
 
  This file is part of ancoralex-2.0.3.
 
  ancoralex-2.0.3 is free software and data: you can redistribute it and/or modify
  it under the terms of the GNU General Public License as published
  by the Free Software Foundation, either version 3 of the License,
  or (at your option) any later version.

  ancoralex-2.0.3 is distributed in the hope that it will be useful,
  but WITHOUT ANY WARRANTY; without even the implied warranty of
  MERCHANTABILITY or FITNESS FOR A PARTICULAR PURPOSE.  See the
  GNU General Public License for more details.
 
  You should have received a copy of the GNU General Public License
  along with ancoralex-2.0.3.  If not, see &lt;http://www.gnu.org/licenses/&gt;.
 
  Check a text in catalan explaining the terms of the license at http://www.softcatala.cat/wiki/GPL3.
  In spanish at http://www.viti.es/gnu/licenses/gpl.html
  
  The following paper must be cited when using verb lexicon: 

 * Aparicio, Juan, Mariona Taulé, M.Antònia Martí (2008) 'AnCora-Verb: A Lexical Resource for 
   the Semantic Annotation of Corpora'. Proceedings of 6th International Conference on Language 
   Resources and Evaluation. Marrakesh (Morocco).

  The following paper must be cited when using noun lexicon: 

 * Peris, Aina, Mariona Taulé (2011). AnCora-Nom: A Spanish lexicon of deverbal nominalizations. 
   Procesamiento del Lenguaje Natural, nº46, pp. 11-18.
 
 

 

-->

<lexentry lemma="calefacción" lng="es" origin="deverbal" type="noun">
  <sense cousin="no" denotation="result" id="1" lexicalized="no" originlemma="calentar" originlink="verb.calentar.1" wordnetsynset="16:02812030">
    <frame appearsinplural="no" type="default">
      <specifiers>
        <constituent frequency="1" type="void"/>
      </specifiers>
      <examples>
        <example file="3LB-CAST/t6-4.tbf.xml" nodepath="5.2.0.8.3.1.1.1.0.0" sentencenodepath="5">El descubrimiento de la decoración , en cuyos torpes misterios Ø decidiera iniciarse con la enfermiza disponibilidad de un fanático , le había resultado muy saludable , pero Ø había aprovechado ya todas las esquinas , Ø había llenado todos los armarios de cajoneras , Ø había cubierto la terraza , Ø había diseñado hasta en los más mínimos detalles la distribución del jardín , y Ø hasta había instalado un sistema de <argset><head>calefacción </head></argset>alimentado con acumuladores solares , y Ø era domingo , llovía , habían pasado seis meses desde el día de su boda , y el azar , que una vez fuera con él generoso hasta los límites de lo grotesco , le había abandonado para siempre , dejándole a_solas con su nueva mujer y su casa nueva , espléndidamente decorada . </example>
      </examples>
    </frame>
  </sense>
</lexentry>
