<?xml version="1.0" encoding="UTF-8" standalone="no"?>
<!-- 

  ancoralex-2.0.3
       
			Copyright (C) 2007,2008,2009,2010,2011 CLiC - UB
			Centre de Llenguatge i Computació - Universitat de Barcelona
 
  This file is part of ancoralex-2.0.3.
 
  ancoralex-2.0.3 is free software and data: you can redistribute it and/or modify
  it under the terms of the GNU General Public License as published
  by the Free Software Foundation, either version 3 of the License,
  or (at your option) any later version.

  ancoralex-2.0.3 is distributed in the hope that it will be useful,
  but WITHOUT ANY WARRANTY; without even the implied warranty of
  MERCHANTABILITY or FITNESS FOR A PARTICULAR PURPOSE.  See the
  GNU General Public License for more details.
 
  You should have received a copy of the GNU General Public License
  along with ancoralex-2.0.3.  If not, see &lt;http://www.gnu.org/licenses/&gt;.
 
  Check a text in catalan explaining the terms of the license at http://www.softcatala.cat/wiki/GPL3.
  In spanish at http://www.viti.es/gnu/licenses/gpl.html
  
  The following paper must be cited when using verb lexicon: 

 * Aparicio, Juan, Mariona Taulé, M.Antònia Martí (2008) 'AnCora-Verb: A Lexical Resource for 
   the Semantic Annotation of Corpora'. Proceedings of 6th International Conference on Language 
   Resources and Evaluation. Marrakesh (Morocco).

  The following paper must be cited when using noun lexicon: 

 * Peris, Aina, Mariona Taulé (2011). AnCora-Nom: A Spanish lexicon of deverbal nominalizations. 
   Procesamiento del Lenguaje Natural, nº46, pp. 11-18.
 
 

 

-->

<lexentry lemma="calificación" lng="es" origin="deverbal" type="noun">
  <sense cousin="no" denotation="result" id="1" lexicalized="no" originlemma="calificar" originlink="verb.calificar.1" wordnetsynset="16:04429217+16:03711014">
    <frame appearsinplural="no" type="default">
      <argument argument="arg0" thematicrole="agt">
        <constituent frequency="2" type="s.a"/>
      </argument>
      <argument argument="argM" thematicrole="fin">
        <constituent frequency="1" preposition="para" type="sp"/>
      </argument>
      <specifiers>
        <constituent frequency="3" postype="article" type="determiner"/>
        <constituent frequency="1" type="void"/>
      </specifiers>
      <reference_modifiers>
        <constituent frequency="1" type="s.a"/>
      </reference_modifiers>
      <examples>
        <example file="3LB-CAST/c5-1.tbf.xml" nodepath="10.3.2.3.0.1.0" sentencenodepath="10">Ø Ya sé que la vida , en_general , no está para bromas y que un partido de fútbol como el de ayer , algo tan tonto y que puede ser a_la_vez algo tan bello , merece <argset><specifier>la misma</specifier><head>calificación </head><argument argument="arg0" function="cn" thematicrole="agt" type="s.a">oficial / policial</argument></argset>que un terremoto : máximo riesgo . </example>
        <example file="CESS-CAST-AA/19336_20000623.tbf.xml" nodepath="10.2.3.1.3.2.1.1.3.1.1.0" sentencenodepath="10">La Federación Ø parece que cree ahora en la versión de Baumann y su fallo le faculta para tomar la salida el domingo , en un mitin del que Ø espera conseguir <argset><specifier>la</specifier><head>calificación </head><argument argument="argM" function="cn" thematicrole="fin" type="sp">para los Juegos_de_Sydney</argument></argset>. </example>
        <example file="CESS-CAST-P/18_19990701.tbf.xml" nodepath="7.1.0.2.6.0.2.1.3.1.0.1" sentencenodepath="7">Y otra , la mesto - - cuyos componentes no accedieron a la MIR ( la mayoría por no haber superado el examen con <argset><reference_modifiers>suficiente</reference_modifiers><head>calificación </head></argset>) - - ha seguido fórmulas heterogéneas de formación cuyos resultados , lógicamente , son también heterogéneos . </example>
        <example file="CESS-CAST-P/57_20010801.tbf.xml" nodepath="8.1.2.1.0" sentencenodepath="8">En este caso , según <argset><specifier>la propia</specifier><head>calificación </head><argument argument="arg0" function="cn" thematicrole="agt" type="s.a">fiscal</argument></argset>, el magistrado del Poder_Judicial se encontraba en esa situación , puesto_que Ø presentaba " signos externos " de " profundo estado etílico " cuando Ø fue requerido por los agentes de la policía y Ø se negó a realizar la prueba . </example>
      </examples>
    </frame>
  </sense>
  <sense cousin="no" denotation="event" id="2" lexicalized="no" originlemma="calificar" originlink="verb.calificar.1" wordnetsynset="16:03711014">
    <frame appearsinplural="no" type="default">
      <argument argument="arg1" thematicrole="pat">
        <constituent frequency="1" preposition="de" type="sp"/>
      </argument>
      <specifiers>
        <constituent frequency="1" type="void"/>
      </specifiers>
      <examples>
        <example file="CESS-CAST-A/16786_20000221.tbf.xml" nodepath="7.0.0.0.1.1.1.1.1.1.1.0.0" sentencenodepath="7">La posibilidad de que la agencia de <argset><head>calificación </head><argument argument="arg1" function="cn" thematicrole="pat" type="sp">de riesgo</argument></argset>Moody's_Investors rebaje la deuda japonesa , citando problemas estructurales de esta economía , hace difícil la compra del yen y Ø pesará sobre esa divisa en los próximos días de negociaciones , afirman los expertos . </example>
      </examples>
    </frame>
  </sense>
  <sense cousin="no" denotation="underspecified" id="3" lexicalized="no" originlemma="calificar" originlink="verb.calificar.1" wordnetsynset="16:cs1">
    <frame appearsinplural="no" type="default">
      <argument argument="arg1" thematicrole="pat">
        <constituent frequency="1" preposition="de" type="sp"/>
      </argument>
      <specifiers>
        <constituent frequency="1" type="void"/>
      </specifiers>
      <examples>
        <example file="CESS-CAST-AA/2137_20000704.tbf.xml" nodepath="9.0.0.1.1.1.0.0" sentencenodepath="9">Las empresas de <argset><head>calificación </head><argument argument="arg1" function="cn" thematicrole="pat" type="sp">de riesgo</argument></argset>extranjeras y los analistas económicos locales coinciden en que el auxilio oficial a Sogo equivale a una burla de la ya iniciada desregulación financiera en la que son las leyes del mercado las que determinan el destino de las empresas y no sus buenos contactos políticos . </example>
      </examples>
    </frame>
  </sense>
</lexentry>
