<?xml version="1.0" encoding="UTF-8" standalone="no"?>
<!-- 

  ancoralex-2.0.3
       
			Copyright (C) 2007,2008,2009,2010,2011 CLiC - UB
			Centre de Llenguatge i Computació - Universitat de Barcelona
 
  This file is part of ancoralex-2.0.3.
 
  ancoralex-2.0.3 is free software and data: you can redistribute it and/or modify
  it under the terms of the GNU General Public License as published
  by the Free Software Foundation, either version 3 of the License,
  or (at your option) any later version.

  ancoralex-2.0.3 is distributed in the hope that it will be useful,
  but WITHOUT ANY WARRANTY; without even the implied warranty of
  MERCHANTABILITY or FITNESS FOR A PARTICULAR PURPOSE.  See the
  GNU General Public License for more details.
 
  You should have received a copy of the GNU General Public License
  along with ancoralex-2.0.3.  If not, see &lt;http://www.gnu.org/licenses/&gt;.
 
  Check a text in catalan explaining the terms of the license at http://www.softcatala.cat/wiki/GPL3.
  In spanish at http://www.viti.es/gnu/licenses/gpl.html
  
  The following paper must be cited when using verb lexicon: 

 * Aparicio, Juan, Mariona Taulé, M.Antònia Martí (2008) 'AnCora-Verb: A Lexical Resource for 
   the Semantic Annotation of Corpora'. Proceedings of 6th International Conference on Language 
   Resources and Evaluation. Marrakesh (Morocco).

  The following paper must be cited when using noun lexicon: 

 * Peris, Aina, Mariona Taulé (2011). AnCora-Nom: A Spanish lexicon of deverbal nominalizations. 
   Procesamiento del Lenguaje Natural, nº46, pp. 11-18.
 
 

 

-->

<lexentry lemma="canto" lng="es" origin="deverbal" type="noun">
  <sense cousin="no" denotation="result" id="1" lexicalized="no" originlemma="cantar" originlink="verb.cantar.1" wordnetsynset="16:05274665">
    <frame appearsinplural="no" type="default">
      <argument argument="argM" thematicrole="adv">
        <constituent frequency="1" preposition="a" type="sp"/>
      </argument>
      <specifiers>
        <constituent frequency="1" postype="indefinite" type="determiner"/>
      </specifiers>
      <examples>
        <example file="CESS-CAST-P/14_20000903.tbf.xml" nodepath="4.2.3.4.1.1.1.1.1.0" sentencenodepath="4">Ø Tiene cosas que decir y Ø sabe decirlas , como Ø demostró con sus Flores_... , <argset><specifier>un</specifier><head>canto </head><argument argument="argM" function="cn" thematicrole="adv" type="sp">a la riqueza del mestizaje y de la sociedad multicultural</argument></argset>; un homenaje al mundo rural del que tanto escarnio se ha hecho . </example>
      </examples>
    </frame>
  </sense>
  <sense cousin="no" denotation="result" id="2" lexicalized="no" originlemma="cantar" originlink="verb.cantar.2" wordnetsynset="16:00354500">
    <frame appearsinplural="yes" type="default">
      <argument argument="argM" thematicrole="adv">
        <constituent frequency="1" preposition="a" type="sp"/>
      </argument>
      <specifiers>
        <constituent frequency="1" type="void"/>
        <constituent frequency="1" postype="article" type="determiner"/>
      </specifiers>
      <reference_modifiers>
        <constituent frequency="1" type="s.a"/>
        <constituent frequency="1" type="S"/>
      </reference_modifiers>
      <examples>
        <example file="CESS-CAST-AA/9405_20000115.tbf.xml" nodepath="0.3.1.1.2.0" sentencenodepath="0">Las hinchadas del Corinthians y del Vasco_da_Gama condimentaron hoy con <argset>sus gritos y <head>cantos </head>
          </argset>la fiesta de la final del primer Mundial_de_Clubes_de_la_FIFA . </example>
        <example file="CESS-CAST-P/19_20000102.tbf.xml" nodepath="6.3.1.0" sentencenodepath="6">Ø Nos dejó <argset><specifier>el</specifier><head>canto </head><reference_modifiers>más estúpido y azucarado</reference_modifiers><argument argument="argM" function="cn" thematicrole="adv" type="sp">a la felicidad</argument><reference_modifiers>que he oído</reference_modifiers></argset>. </example>
      </examples>
    </frame>
  </sense>
  <sense alternativelemma="cantos_de_sirena" cousin="no" denotation="result" id="3" lexicalizationtype="nominal" lexicalized="yes" originlemma="cantar" originlink="verb.cantar.2" wordnetsynset="16:00354500">
    <frame appearsinplural="yes" type="default">
      <argument argument="argL">
        <constituent frequency="1" preposition="de" type="sp"/>
      </argument>
      <specifiers>
        <constituent frequency="1" type="void"/>
      </specifiers>
      <examples>
        <example file="CESS-CAST-P/41_20000601.tbf.xml" nodepath="1.0.0.1.0.1.1.0.0" sentencenodepath="1">Después de haber lanzado <argset><head>cantos </head><argument argument="argL" function="cn" type="sp">de sirena</argument></argset>por_parte_de Pere_Esteve hacia los republicanos y de que éstos movieran ficha con las declaraciones de Josep_Lluís_Carod-Rovira y la presentación de un documento de mínimos , ahora el grupo de los jóvenes leones convergentes liderados por Artur_Mas tiene sus dudas . </example>
      </examples>
    </frame>
  </sense>
</lexentry>
