<?xml version="1.0" encoding="UTF-8" standalone="no"?>
<!-- 

  ancoralex-2.0.3
       
			Copyright (C) 2007,2008,2009,2010,2011 CLiC - UB
			Centre de Llenguatge i Computació - Universitat de Barcelona
 
  This file is part of ancoralex-2.0.3.
 
  ancoralex-2.0.3 is free software and data: you can redistribute it and/or modify
  it under the terms of the GNU General Public License as published
  by the Free Software Foundation, either version 3 of the License,
  or (at your option) any later version.

  ancoralex-2.0.3 is distributed in the hope that it will be useful,
  but WITHOUT ANY WARRANTY; without even the implied warranty of
  MERCHANTABILITY or FITNESS FOR A PARTICULAR PURPOSE.  See the
  GNU General Public License for more details.
 
  You should have received a copy of the GNU General Public License
  along with ancoralex-2.0.3.  If not, see &lt;http://www.gnu.org/licenses/&gt;.
 
  Check a text in catalan explaining the terms of the license at http://www.softcatala.cat/wiki/GPL3.
  In spanish at http://www.viti.es/gnu/licenses/gpl.html
  
  The following paper must be cited when using verb lexicon: 

 * Aparicio, Juan, Mariona Taulé, M.Antònia Martí (2008) 'AnCora-Verb: A Lexical Resource for 
   the Semantic Annotation of Corpora'. Proceedings of 6th International Conference on Language 
   Resources and Evaluation. Marrakesh (Morocco).

  The following paper must be cited when using noun lexicon: 

 * Peris, Aina, Mariona Taulé (2011). AnCora-Nom: A Spanish lexicon of deverbal nominalizations. 
   Procesamiento del Lenguaje Natural, nº46, pp. 11-18.
 
 

 

-->

<lexentry lemma="carencia" lng="es" origin="deverbal" type="noun">
  <sense cousin="no" denotation="result" id="1" lexicalized="no" originlemma="carecer" originlink="verb.carecer.1" wordnetsynset="16:10367399">
    <frame appearsinplural="yes" type="default">
      <argument argument="arg1" thematicrole="tem">
        <constituent frequency="1" postype="possessive" type="determiner"/>
        <constituent frequency="2" preposition="de" type="sp"/>
        <constituent frequency="1" type="s.a"/>
      </argument>
      <argument argument="arg2" foundincorporated="yes" thematicrole="atr">
        <constituent frequency="1" preposition="de" type="sp"/>
        <constituent frequency="1" type="relatiu"/>
        <constituent frequency="1" preposition="en" type="sp"/>
        <constituent frequency="1" type="sp"/>
      </argument>
      <specifiers>
        <constituent frequency="2" postype="indefinite" type="determiner"/>
        <constituent frequency="2" postype="demonstrative" type="determiner"/>
        <constituent frequency="4" postype="article" type="determiner"/>
        <constituent frequency="3" type="void"/>
        <constituent frequency="1" postype="possessive" type="determiner"/>
      </specifiers>
      <reference_modifiers>
        <constituent frequency="2" type="s.a"/>
        <constituent frequency="1" type="sn"/>
      </reference_modifiers>
      <examples>
        <example file="3LB-CAST/a12-3.tbf.xml" nodepath="5.0.5.1.1.1.0" sentencenodepath="5">La gente se lo deja crecer para suplir <argset><specifier>una</specifier><head>carencia </head></argset>pero , en_definitiva esa carencia es siempre imaginaria . </example>
        <example file="3LB-CAST/a12-3.tbf.xml" nodepath="5.2.2.1.0" sentencenodepath="5">La gente se lo deja crecer para suplir una carencia pero , en_definitiva <argset><specifier>esa</specifier><head>carencia </head></argset>es siempre imaginaria . </example>
        <example file="3LB-CAST/a12-3.tbf.xml" nodepath="6.2.4.1.2.1.1" sentencenodepath="6">Luego Ø se deciden a afeitárselo y entonces Ø se dan_cuenta de cuál es <argset><argument argument="arg1" thematicrole="tem" type="spec">su</argument><reference_modifiers>verdadera</reference_modifiers><head>carencia </head><reference_modifiers>la carencia de bigote</reference_modifiers></argset>. </example>
        <example file="3LB-CAST/a12-3.tbf.xml" nodepath="6.2.4.1.2.1.2.1.0" sentencenodepath="6">Luego Ø se deciden a afeitárselo y entonces Ø se dan_cuenta de cuál es su verdadera carencia <argset><specifier>la</specifier><head>carencia </head><argument argument="arg2" function="cn" thematicrole="atr" type="sp">de bigote</argument></argset>. </example>
        <example file="3LB-CAST/e3-0.tbf.xml" nodepath="8.0.3.1.1.0.0" sentencenodepath="8">La finitud de lo existente no es <argset><specifier>una</specifier><reference_modifiers>mera</reference_modifiers><head argument="arg2" thematicrole="atr">carencia </head>o limitación </argset>sino oposición real , la guerra intestina de un ser individualizado , que sólo se sostiene porque hay destrucción de la entidad de unas cosas por la de otras , resta o sustracción del ser por el ser . </example>
        <example file="3LB-CAST/e3-2.tbf.xml" nodepath="0.0.3.1.1.0.1.0" sentencenodepath="0">En el Juicio determinante Ø hemos de reconocer un don o talento natural <argset><argument argument="arg2" thematicrole="atr" type="relatiu">cuya</argument><head>carencia </head></argset>ninguna educación puede suplir únicamente la Naturaleza posee los secretos del funcionamiento del arte escondido que es el esquematismo . </example>
        <example file="CESS-CAST-P/101_19990103.tbf.xml" nodepath="4.3.1.0" sentencenodepath="4">Los éxitos del Madrid no han tapado <argset><specifier>las</specifier><head>carencias </head><argument argument="arg1" function="cn" thematicrole="tem" type="sp">de su juego</argument></argset>. </example>
        <example file="CESS-CAST-P/126_20020502.tbf.xml" nodepath="4.2.1.2.1.1.0" sentencenodepath="4">Su gol es el mejor ejemplo de <argset><specifier>las</specifier><head>carencias </head><argument argument="arg1" function="cn" thematicrole="tem" type="s.a">azulgranas</argument><argument argument="arg2" function="cn" thematicrole="atr" type="sp">en defensa</argument></argset>. </example>
        <example file="CESS-CAST-P/132_20010102.tbf.xml" nodepath="8.0.1.0" sentencenodepath="8"><argset><specifier>La</specifier><head>carencia </head><argument argument="arg2" function="cn" thematicrole="atr" type="sp">de un buen guión , bien sea de gesto o de palabra , y de una cuidada escenografía que no delate , entre otras cosas , la magia que desprende la cámara negra</argument>, </argset>son errores que precipitan la obra hacia un nivel mediocre . </example>
        <example file="CESS-CAST-P/16_20000202.tbf.xml" nodepath="10.0.3.1.0.0.0" sentencenodepath="10">En la isla Ø crecerá entre <argset><head>carencias </head>y precariedades </argset>y Ø echará_en_falta la abundancia que ahora Ø ha podido conocer en casa de sus parientes . </example>
        <example file="CESS-CAST-P/32_19991101.tbf.xml" nodepath="13.1.1.0" sentencenodepath="13">En opinión de Alí_Buabid , <argset><specifier>estas</specifier><head>carencias </head><argument argument="arg1" function="cn" thematicrole="tem" type="sp">de la clase política</argument></argset>hacen que el modelo español de transición democrática quede descartado . </example>
        <example file="CESS-CAST-P/72_20020202.tbf.xml" nodepath="7.4.3.1.0.1.2.1.0.1.1.0.0" sentencenodepath="7">Para ello , la UE pretende estimular , sobre_todo , al sector privado , sustituyendo las actuales ayudas a sectores consolidados por créditos a bajo interés y con periodos de <argset><head>carencia </head></argset>a empresas que apuesten por nuevas tecnologías . </example>
      </examples>
    </frame>
  </sense>
</lexentry>
