<?xml version="1.0" encoding="UTF-8" standalone="no"?>
<!-- 

  ancoralex-2.0.3
       
			Copyright (C) 2007,2008,2009,2010,2011 CLiC - UB
			Centre de Llenguatge i Computació - Universitat de Barcelona
 
  This file is part of ancoralex-2.0.3.
 
  ancoralex-2.0.3 is free software and data: you can redistribute it and/or modify
  it under the terms of the GNU General Public License as published
  by the Free Software Foundation, either version 3 of the License,
  or (at your option) any later version.

  ancoralex-2.0.3 is distributed in the hope that it will be useful,
  but WITHOUT ANY WARRANTY; without even the implied warranty of
  MERCHANTABILITY or FITNESS FOR A PARTICULAR PURPOSE.  See the
  GNU General Public License for more details.
 
  You should have received a copy of the GNU General Public License
  along with ancoralex-2.0.3.  If not, see &lt;http://www.gnu.org/licenses/&gt;.
 
  Check a text in catalan explaining the terms of the license at http://www.softcatala.cat/wiki/GPL3.
  In spanish at http://www.viti.es/gnu/licenses/gpl.html
  
  The following paper must be cited when using verb lexicon: 

 * Aparicio, Juan, Mariona Taulé, M.Antònia Martí (2008) 'AnCora-Verb: A Lexical Resource for 
   the Semantic Annotation of Corpora'. Proceedings of 6th International Conference on Language 
   Resources and Evaluation. Marrakesh (Morocco).

  The following paper must be cited when using noun lexicon: 

 * Peris, Aina, Mariona Taulé (2011). AnCora-Nom: A Spanish lexicon of deverbal nominalizations. 
   Procesamiento del Lenguaje Natural, nº46, pp. 11-18.
 
 

 

-->

<lexentry lemma="caza" lng="es" origin="deverbal" type="noun">
  <sense cousin="no" denotation="result" id="1" lexicalized="no" originlemma="cazar" originlink="verb.cazar.1" wordnetsynset="16:00287066">
    <frame appearsinplural="no" type="default">
      <argument argument="arg1" thematicrole="pat">
        <constituent frequency="1" preposition="de" type="sp"/>
      </argument>
      <specifiers>
        <constituent frequency="4" type="void"/>
        <constituent frequency="2" postype="article" type="determiner"/>
      </specifiers>
      <examples>
        <example file="3LB-CAST/dc10-8.tbf.xml" nodepath="2.1.1.3.2.1.1.1.0.0" sentencenodepath="2">Hoy_día todas las armas de fuego reglamentarias , salvo las escopetas de <argset><head>caza </head></argset>, tienen sus cañones rayados . </example>
        <example file="CESS-CAST-A/13738_20000217.tbf.xml" nodepath="10.4.1.1.1.0.1.2.4.0.1.1.0.0.0" sentencenodepath="10">Por_último , también es destacable el peso del grupo que integran el material duro de montaña , material de golf , material de <argset><head>caza </head>y pesca </argset>o bicicletas . </example>
        <example file="CESS-CAST-AA/20070_20000525.tbf.xml" nodepath="7.2.4.1.1.1.1.1.1.3.4.1.1.0" sentencenodepath="7">Personas que participaron en las negociaciones para fusionar aquellas tres precandidaturas han explicado que , mientras todos alardeaban de que Ø no tendrían problemas para conseguir las firmas , los días pasaban entre la desesperación de los candidatos , que veían cómo sus colaboradores iban de_puerta_en_puerta a <argset><specifier>la</specifier><head>caza </head><argument argument="arg1" function="cn" thematicrole="pat" type="sp">de socios</argument></argset>, en muchos casos infructuosamente . </example>
        <example file="CESS-CAST-P/19_20020501.tbf.xml" nodepath="15.0.1.0.1.3.1.3.0.1.1.0.0" sentencenodepath="15">Hay gente que conserva los vinos como si Ø fueran trofeos de <argset><head>caza </head></argset>y Ø se jactan de su precio ante los desconocidos . </example>
        <example file="CESS-CAST-P/43_19991102.tbf.xml" nodepath="9.5.3.1.1.1.1.0" sentencenodepath="9">Tras llegar a América y durante 6.000 años , los solutrenses se habrían extendido hacia los desiertos estadounidenses , la tundra canadiense y Suramérica , llevando con ellos su cultura de <argset><specifier>la</specifier><head>caza </head></argset>. </example>
        <example file="CESS-CAST-P/68_20000402.tbf.xml" nodepath="15.5.2.3.1.1.1.1.0.0" sentencenodepath="15">El primero se produjo el día_14 en Castell-Platja_d'Aro ( Baix_Empordà ) , cuando un hombre de 34 años mató a sus dos hijas gemelas con una escopeta de <argset><head>caza </head></argset>y después Ø se suicidó . </example>
      </examples>
    </frame>
  </sense>
  <sense cousin="no" denotation="underspecified" id="2" lexicalized="no" originlemma="cazar" originlink="verb.cazar.1" wordnetsynset="16:00206677">
    <frame appearsinplural="no" type="default">
      <argument argument="arg1" thematicrole="pat">
        <constituent frequency="1" preposition="de" type="sp"/>
      </argument>
      <specifiers>
        <constituent frequency="1" postype="article" type="determiner"/>
      </specifiers>
      <examples>
        <example file="CESS-CAST-P/22_20020301.tbf.xml" nodepath="2.0.1.1.2.1.0" sentencenodepath="2">Las tropas , a <argset><specifier>la</specifier><head>caza </head><argument argument="arg1" function="cn" thematicrole="pat" type="sp">de integristas</argument></argset>, registraron casa por casa , pasando de una a otra rompiendo incluso las paredes medianeras que las separan . </example>
      </examples>
    </frame>
  </sense>
  <sense alternativelemma="caza_de_brujas" cousin="no" denotation="result" id="3" lexicalizationtype="nominal" lexicalized="yes" originlemma="cazar" originlink="verb.cazar.1" wordnetsynset="16:00206677">
    <frame appearsinplural="no" type="default">
      <argument argument="argL">
        <constituent frequency="1" preposition="de" type="sp"/>
      </argument>
      <specifiers>
        <constituent frequency="1" postype="article" type="determiner"/>
      </specifiers>
      <examples>
        <example file="CESS-CAST-P/51_20000402.tbf.xml" nodepath="8.2.5.1.0" sentencenodepath="8">El sector crítico cree que , después del consejo de ayer y del informe de los independientes , " se ha institucionalizado <argset><specifier>la</specifier><head>caza </head><argument argument="argL" function="cn" type="sp">de brujas</argument></argset>" en Unió . </example>
      </examples>
    </frame>
  </sense>
</lexentry>
