<?xml version="1.0" encoding="UTF-8" standalone="no"?>
<!-- 

  ancoralex-2.0.3
       
			Copyright (C) 2007,2008,2009,2010,2011 CLiC - UB
			Centre de Llenguatge i Computació - Universitat de Barcelona
 
  This file is part of ancoralex-2.0.3.
 
  ancoralex-2.0.3 is free software and data: you can redistribute it and/or modify
  it under the terms of the GNU General Public License as published
  by the Free Software Foundation, either version 3 of the License,
  or (at your option) any later version.

  ancoralex-2.0.3 is distributed in the hope that it will be useful,
  but WITHOUT ANY WARRANTY; without even the implied warranty of
  MERCHANTABILITY or FITNESS FOR A PARTICULAR PURPOSE.  See the
  GNU General Public License for more details.
 
  You should have received a copy of the GNU General Public License
  along with ancoralex-2.0.3.  If not, see &lt;http://www.gnu.org/licenses/&gt;.
 
  Check a text in catalan explaining the terms of the license at http://www.softcatala.cat/wiki/GPL3.
  In spanish at http://www.viti.es/gnu/licenses/gpl.html
  
  The following paper must be cited when using verb lexicon: 

 * Aparicio, Juan, Mariona Taulé, M.Antònia Martí (2008) 'AnCora-Verb: A Lexical Resource for 
   the Semantic Annotation of Corpora'. Proceedings of 6th International Conference on Language 
   Resources and Evaluation. Marrakesh (Morocco).

  The following paper must be cited when using noun lexicon: 

 * Peris, Aina, Mariona Taulé (2011). AnCora-Nom: A Spanish lexicon of deverbal nominalizations. 
   Procesamiento del Lenguaje Natural, nº46, pp. 11-18.
 
 

 

-->

<lexentry lemma="cimiento" lng="es" origin="deverbal" type="noun">
  <sense cousin="no" denotation="result" id="1" lexicalized="no" originlemma="cimentar" originlink="verb.cimentar.1" wordnetsynset="16:02717023">
    <frame appearsinplural="yes" type="default">
      <argument argument="arg1" thematicrole="pat">
        <constituent frequency="2" preposition="de" type="sp"/>
      </argument>
      <specifiers>
        <constituent frequency="3" postype="article" type="determiner"/>
      </specifiers>
      <examples>
        <example file="3LB-CAST/d2-0.tbf.xml" nodepath="7.2.1.1.0" sentencenodepath="7">Hoy Ø tenemos al mejor ciclista mundial , Miguel_Indurain , y sin_embargo <argset><specifier>los</specifier><head>cimientos </head></argset>se desmoronan , con una generación nueva que cuando Ø se acabe nos puede hacer volver a crisis como las del período de 1977 a 1993 . </example>
        <example file="3LB-CAST/dc10-4.tbf.xml" nodepath="6.3.2.1.1.1.0" sentencenodepath="6">A un virus mortal sucede otro , y otro más , esforzándose en minar <argset><specifier>los</specifier><head>cimientos </head><argument argument="arg1" function="cn" thematicrole="pat" type="sp">de la propia vida</argument></argset>, en una carrera sin fin ; en una especie de guerra de las Galaxias en la que Ø emplean armas cada vez más_y_más sofisticadas . </example>
        <example file="CESS-CAST-P/105_20020502.tbf.xml" nodepath="2.3.1.1.1.1.0" sentencenodepath="2">Allí se verá el perfil de <argset><specifier>los</specifier><head>cimientos </head><argument argument="arg1" function="cn" thematicrole="pat" type="sp">de las dos iglesias</argument></argset>. </example>
      </examples>
    </frame>
  </sense>
</lexentry>
