<?xml version="1.0" encoding="UTF-8" standalone="no"?>
<!-- 

  ancoralex-2.0.3
       
			Copyright (C) 2007,2008,2009,2010,2011 CLiC - UB
			Centre de Llenguatge i Computació - Universitat de Barcelona
 
  This file is part of ancoralex-2.0.3.
 
  ancoralex-2.0.3 is free software and data: you can redistribute it and/or modify
  it under the terms of the GNU General Public License as published
  by the Free Software Foundation, either version 3 of the License,
  or (at your option) any later version.

  ancoralex-2.0.3 is distributed in the hope that it will be useful,
  but WITHOUT ANY WARRANTY; without even the implied warranty of
  MERCHANTABILITY or FITNESS FOR A PARTICULAR PURPOSE.  See the
  GNU General Public License for more details.
 
  You should have received a copy of the GNU General Public License
  along with ancoralex-2.0.3.  If not, see &lt;http://www.gnu.org/licenses/&gt;.
 
  Check a text in catalan explaining the terms of the license at http://www.softcatala.cat/wiki/GPL3.
  In spanish at http://www.viti.es/gnu/licenses/gpl.html
  
  The following paper must be cited when using verb lexicon: 

 * Aparicio, Juan, Mariona Taulé, M.Antònia Martí (2008) 'AnCora-Verb: A Lexical Resource for 
   the Semantic Annotation of Corpora'. Proceedings of 6th International Conference on Language 
   Resources and Evaluation. Marrakesh (Morocco).

  The following paper must be cited when using noun lexicon: 

 * Peris, Aina, Mariona Taulé (2011). AnCora-Nom: A Spanish lexicon of deverbal nominalizations. 
   Procesamiento del Lenguaje Natural, nº46, pp. 11-18.
 
 

 

-->

<lexentry lemma="cobertura" lng="es" origin="deverbal" type="noun">
  <sense cousin="no" denotation="result" id="1" lexicalized="no" originlemma="cubrir" originlink="verb.cubrir.1" wordnetsynset="16:cs1">
    <frame appearsinplural="no" type="default">
      <argument argument="arg0" thematicrole="cau">
        <constituent frequency="1" type="s.a"/>
      </argument>
      <argument argument="arg1" thematicrole="tem">
        <constituent frequency="1" preposition="de" type="sp"/>
      </argument>
      <argument argument="argM" thematicrole="cau">
        <constituent frequency="1" preposition="por" type="sp"/>
      </argument>
      <specifiers>
        <constituent frequency="5" type="void"/>
        <constituent frequency="3" postype="article" type="determiner"/>
        <constituent frequency="1" postype="indefinite" type="determiner"/>
      </specifiers>
      <reference_modifiers>
        <constituent frequency="1" type="s.a"/>
      </reference_modifiers>
      <examples>
        <example file="3LB-CAST/2000060204_5-3.tbf.xml" nodepath="7.3.4.3.7.1.0.1.1.1.1.1.0.0" sentencenodepath="7">Por_el_contrario , la Confederación_General_del_Trabajo ( CGT ) consideró que el proyecto elaborado por el Medef supone " un retroceso social importante " ya_que Ø trata a los desempleados como a " delincuentes " y " Ø no da respuesta " , entre otras cuestiones , al problema de los parados sin <argset><head>cobertura </head><argument argument="arg0" function="cn" thematicrole="cau" type="s.a">social</argument></argset>( cuatro_de_cada_diez ) . </example>
        <example file="3LB-CAST/204_C-1.tbf.xml" nodepath="14.3.3.2.1.1.0" sentencenodepath="14">Ø También consideró que es preciso mejorar la calidad del empleo , aumentar <argset><specifier>la</specifier><head>cobertura </head><argument argument="argM" function="cn" thematicrole="cau" type="sp">por desempleo</argument></argset>, perfeccionar la protección social y frenar la siniestralidad laboral . </example>
        <example file="CESS-CAST-A/13108_20000120.tbf.xml" nodepath="0.4.1.0.1.1.1.1.1.0.1.1.1.0.2.0" sentencenodepath="0">El Banco_Interamericano_de_Desarrollo ( BID ) prestará a Perú 120 millones de dólares como apoyo a un programa de mejora de <argset>la calidad y <head>cobertura </head>
            <argument argument="arg1" function="cn" thematicrole="tem" type="sp">de la educación secundaria en el país andino</argument>
          </argset>. </example>
        <example file="CESS-CAST-AA/21758_20000627.tbf.xml" nodepath="6.2.2.6.1.1.1.0.0" sentencenodepath="6">Preguntada por EFE sobre la naturaleza de los cambios introducidos en este punto , Green insistió en que no se trata únicamente de un cambio semántico y Ø señaló que con la modificación del texto " se ha especificado " el marco de <argset><head>cobertura </head></argset>del código . </example>
        <example file="CESS-CAST-AA/3260_20000505.tbf.xml" nodepath="11.3.1.1.1.1.2.1.1.0" sentencenodepath="11">Por ello , Ø advirtió de la necesidad de " ir hacia <argset><specifier>una</specifier><head>cobertura </head><reference_modifiers>objetiva e imparcial</reference_modifiers></argset>para que los candidatos tengan igualdad de oportunidades para expresarse y comunicar sus propuestas " . </example>
        <example file="CESS-CAST-AA/7637_20000510.tbf.xml" nodepath="3.2.2.4.0.0" sentencenodepath="3">Iturgaiz aseguró que el PNV no quiere la derrota " ni policial , ni judicial , ni social " de ETA , sino_que , por_el_contrario , con sus pactos Ø da <argset><head>cobertura </head></argset>a la organización terrorista . </example>
        <example file="CESS-CAST-AA/9462_20000115.tbf.xml" nodepath="12.0.3.0.0.2.1.1.1.1.0" sentencenodepath="12">En_materia_de seguridad Ø anunció la profesionalización y la ampliación de <argset><specifier>la</specifier><head>cobertura </head></argset>de la Policía_Nacional_Civil , reformar el sistema penitenciario y migratorio , y Ø pidió a la comunidad internacional su apoyo para atender ese grave problema . </example>
        <example file="CESS-CAST-P/56_20020402.tbf.xml" nodepath="0.2.3.0.0" sentencenodepath="0">LA AUDIENCIA INVESTIGA SI EL BBVA DIO <argset><head>COBERTURA </head></argset>A OPERACIONES IRREGULARES </example>
        <example file="CESS-CAST-P/91_20010301.tbf.xml" nodepath="7.3.0.3.1.0" sentencenodepath="7">A las empresas audiovisuales , el CAC recomienda que se encargue <argset><specifier>la</specifier><head>cobertura </head></argset>a profesionales especializados y que antes de caer en la información rutinaria o superflua se recurra a especialistas . </example>
      </examples>
    </frame>
  </sense>
  <sense cousin="no" denotation="underspecified" id="2" lexicalized="no" originlemma="cubrir" originlink="verb.cubrir.1" wordnetsynset="16:09608581+16:cs1">
    <frame appearsinplural="no" type="default">
      <argument argument="arg1" thematicrole="tem">
        <constituent frequency="2" preposition="de" type="sp"/>
      </argument>
      <specifiers>
        <constituent frequency="2" postype="article" type="determiner"/>
      </specifiers>
      <examples>
        <example file="CESS-CAST-AA/4020_20000906.tbf.xml" nodepath="13.4.4.0.1.0" sentencenodepath="13">Según el estudio de la UCA , uno de los sectores más afectados por la situación económica es el comercio , ya_que los salarios han perdido valor adquisitivo , y <argset><specifier>la</specifier><head>cobertura </head><argument argument="arg1" function="cn" thematicrole="tem" type="sp">de sus necesidades básicas</argument></argset>no permite comprar otros artículos , como ropa y calzados , entre otros . </example>
        <example file="CESS-CAST-P/13_20020502.tbf.xml" nodepath="0.0.0.1.0.3.1.2.4.1.1.1.0" sentencenodepath="0">Lo que menos podían esperar los redactores gráficos que se dirigían al Bernabéu para preparar <argset><specifier>la</specifier><head>cobertura </head><argument argument="arg1" function="cn" thematicrole="tem" type="sp">del Madrid-Barça</argument></argset>, a la misma hora de los atentados terroristas , es que a la salvajada etarra le iba a acompañar otra , dirigida contra ellos mismos : los ultrasur del Real_Madrid , soliviantados porque el cordón policial tras el atentado les impedía acceder al estadio , agredieron impunemente a los periodistas , entre ellos el redactor de EL_PERIÓDICO Antonio_Giménez , que tuvo que ser atendido en un hospital , y otros profesionales de las emisoras CNN+ y Telemadrid , y de la agencia Cover . </example>
      </examples>
    </frame>
  </sense>
  <sense cousin="no" denotation="result" id="3" lexicalized="no" originlemma="cubrir" originlink="verb.cubrir.2" wordnetsynset="16:cs1">
    <frame appearsinplural="no" type="default">
      <argument argument="arg1" thematicrole="pat">
        <constituent frequency="1" preposition="de" type="sp"/>
      </argument>
      <specifiers>
        <constituent frequency="1" type="void"/>
        <constituent frequency="1" postype="article" type="determiner"/>
      </specifiers>
      <reference_modifiers>
        <constituent frequency="1" type="s.a"/>
      </reference_modifiers>
      <examples>
        <example file="CESS-CAST-A/10242_20000816.tbf.xml" nodepath="12.0.1.1.1.1.2.4.1.0.0" sentencenodepath="12">La reclamación de unos servicios sanitarios que no dejen a 44 millones de personas sin <argset><head>cobertura </head></argset>fue una de las reivindicaciones lanzadas esta noche por Bill_Bradley , que luchó sin éxito por la candidatura demócrata a la presidencia . </example>
        <example file="CESS-CAST-AA/2698_20000203.tbf.xml" nodepath="5.3.1.1.1.2.1.1.1" sentencenodepath="5">Además , el PP va a plantear la posibilidad de crear " un plan renove " para ordenadores que preste especial interés a las pymes y a las personas con rentas más bajas , así_como alcanzar <argset><specifier>la</specifier><reference_modifiers>plena</reference_modifiers><head>cobertura </head><argument argument="arg1" function="cn" thematicrole="pat" type="sp">de telefonía móvil digital</argument></argset>en el territorio español . </example>
      </examples>
    </frame>
  </sense>
</lexentry>
