<?xml version="1.0" encoding="UTF-8" standalone="no"?>
<!-- 

  ancoralex-2.0.3
       
			Copyright (C) 2007,2008,2009,2010,2011 CLiC - UB
			Centre de Llenguatge i Computació - Universitat de Barcelona
 
  This file is part of ancoralex-2.0.3.
 
  ancoralex-2.0.3 is free software and data: you can redistribute it and/or modify
  it under the terms of the GNU General Public License as published
  by the Free Software Foundation, either version 3 of the License,
  or (at your option) any later version.

  ancoralex-2.0.3 is distributed in the hope that it will be useful,
  but WITHOUT ANY WARRANTY; without even the implied warranty of
  MERCHANTABILITY or FITNESS FOR A PARTICULAR PURPOSE.  See the
  GNU General Public License for more details.
 
  You should have received a copy of the GNU General Public License
  along with ancoralex-2.0.3.  If not, see &lt;http://www.gnu.org/licenses/&gt;.
 
  Check a text in catalan explaining the terms of the license at http://www.softcatala.cat/wiki/GPL3.
  In spanish at http://www.viti.es/gnu/licenses/gpl.html
  
  The following paper must be cited when using verb lexicon: 

 * Aparicio, Juan, Mariona Taulé, M.Antònia Martí (2008) 'AnCora-Verb: A Lexical Resource for 
   the Semantic Annotation of Corpora'. Proceedings of 6th International Conference on Language 
   Resources and Evaluation. Marrakesh (Morocco).

  The following paper must be cited when using noun lexicon: 

 * Peris, Aina, Mariona Taulé (2011). AnCora-Nom: A Spanish lexicon of deverbal nominalizations. 
   Procesamiento del Lenguaje Natural, nº46, pp. 11-18.
 
 

 

-->

<lexentry lemma="codificación" lng="es" origin="deverbal" type="noun">
  <sense cousin="no" denotation="result" id="1" lexicalized="no" originlemma="codificar" originlink="verb.codificar.1" wordnetsynset="16:00405074">
    <frame appearsinplural="no" type="default">
      <argument argument="arg1" thematicrole="pat">
        <constituent frequency="1" preposition="de" type="sp"/>
      </argument>
      <specifiers>
        <constituent frequency="2" postype="article" type="determiner"/>
      </specifiers>
      <reference_modifiers>
        <constituent frequency="2" type="s.a"/>
      </reference_modifiers>
      <examples>
        <example file="CESS-CAST-P/80_20010302.tbf.xml" nodepath="0.0.1.1" sentencenodepath="0"><argset><specifier>La</specifier><reference_modifiers>nueva</reference_modifiers><head>codificación </head><argument argument="arg1" function="cn" thematicrole="pat" type="sp">de la red viaria catalana</argument></argset>entró ayer en vigor . </example>
        <example file="CESS-CAST-P/80_20010302.tbf.xml" nodepath="3.4.1.1" sentencenodepath="3">El Servei_Català_de_Trànsit_de_la_Conselleria_de_l'Interior también utilizó en sus informaciones <argset><specifier>la</specifier><reference_modifiers>doble</reference_modifiers><head>codificación </head></argset>. </example>
      </examples>
    </frame>
  </sense>
</lexentry>
