<?xml version="1.0" encoding="UTF-8" standalone="no"?>
<!-- 

  ancoralex-2.0.3
       
			Copyright (C) 2007,2008,2009,2010,2011 CLiC - UB
			Centre de Llenguatge i Computació - Universitat de Barcelona
 
  This file is part of ancoralex-2.0.3.
 
  ancoralex-2.0.3 is free software and data: you can redistribute it and/or modify
  it under the terms of the GNU General Public License as published
  by the Free Software Foundation, either version 3 of the License,
  or (at your option) any later version.

  ancoralex-2.0.3 is distributed in the hope that it will be useful,
  but WITHOUT ANY WARRANTY; without even the implied warranty of
  MERCHANTABILITY or FITNESS FOR A PARTICULAR PURPOSE.  See the
  GNU General Public License for more details.
 
  You should have received a copy of the GNU General Public License
  along with ancoralex-2.0.3.  If not, see &lt;http://www.gnu.org/licenses/&gt;.
 
  Check a text in catalan explaining the terms of the license at http://www.softcatala.cat/wiki/GPL3.
  In spanish at http://www.viti.es/gnu/licenses/gpl.html
  
  The following paper must be cited when using verb lexicon: 

 * Aparicio, Juan, Mariona Taulé, M.Antònia Martí (2008) 'AnCora-Verb: A Lexical Resource for 
   the Semantic Annotation of Corpora'. Proceedings of 6th International Conference on Language 
   Resources and Evaluation. Marrakesh (Morocco).

  The following paper must be cited when using noun lexicon: 

 * Peris, Aina, Mariona Taulé (2011). AnCora-Nom: A Spanish lexicon of deverbal nominalizations. 
   Procesamiento del Lenguaje Natural, nº46, pp. 11-18.
 
 

 

-->

<lexentry lemma="comercio" lng="es" origin="deverbal" type="noun">
  <sense cousin="no" denotation="result" id="1" lexicalized="no" originlemma="comerciar" originlink="verb.comerciar.1" wordnetsynset="16:00706993">
    <frame appearsinplural="yes" type="default">
      <argument argument="arg0" thematicrole="agt">
        <constituent frequency="1" type="s.a"/>
        <constituent frequency="1" preposition="de" type="sp"/>
        <constituent frequency="1" preposition="entre" type="sp"/>
      </argument>
      <argument argument="arg1" thematicrole="pat">
        <constituent frequency="1" type="s.a"/>
      </argument>
      <argument argument="argM" thematicrole="loc">
        <constituent frequency="2" type="s.a"/>
        <constituent frequency="1" preposition="de" type="sp"/>
      </argument>
      <argument argument="argM" thematicrole="adv">
        <constituent frequency="1" preposition="sin" type="sp"/>
      </argument>
      <specifiers>
        <constituent frequency="14" postype="article" type="determiner"/>
        <constituent frequency="17" type="void"/>
      </specifiers>
      <reference_modifiers>
        <constituent frequency="14" type="s.a"/>
        <constituent frequency="1" type="sn"/>
        <constituent frequency="1" preposition="de" type="sp"/>
      </reference_modifiers>
      <examples>
        <example file="3LB-CAST/104_c-2.tbf.xml" nodepath="16.3.4.1.1.0" sentencenodepath="16">LA_GACETA_DE_LOS_NEGOCIOS señala en portada " Las gasolineras protestan contra los monopolios de la distribución " , " Europa y América preparan otra ronda de la OMC " , " <argset><specifier>El</specifier><head>comercio </head><argument argument="arg1" function="cn" thematicrole="pat" type="s.a">electrónico</argument></argset>supera todas las previsiones " y " El_Ibex_35 mitiga las pérdidas y Ø cierra mayo con una caída del 6,8_% " . </example>
        <example file="CESS-CAST-A/10150_20001114.tbf.xml" nodepath="17.0.2.1.0.1.1" sentencenodepath="17">La Declaración_de_Cartagena apostó por <argset><specifier>el</specifier><reference_modifiers>libre</reference_modifiers><head>comercio </head></argset>y el progreso sin renunciar a los aspectos sociales , e Ø incluyó una referencia al bloqueo o embargo impuesto por Estados_Unidos contra Cuba desde principios de los sesenta . </example>
        <example file="CESS-CAST-A/10150_20001114.tbf.xml" nodepath="24.2.4.1.1.1.2.1.1.1.0.0" sentencenodepath="24">La declaración propugnó trabajar por la igualdad social y consolidar las bases socioeconómicas para posibilitar una democracia integral , así_como asumir las oportunidades que ofrecen la globalización del <argset><head>comercio </head></argset>. </example>
        <example file="CESS-CAST-A/13738_20000217.tbf.xml" nodepath="20.0.1.2.2.1.0.0" sentencenodepath="20">La parte de negocio que corresponde al <argset><head>comercio </head><reference_modifiers>tradicional</reference_modifiers></argset>se sitúa en 203.000 millones de pesetas , aumentando un 11,2_por_ciento respecto_a 1998 . </example>
        <example file="CESS-CAST-A/13738_20000217.tbf.xml" nodepath="22.0.0.1.1.1.1.3.2.1.0" sentencenodepath="22">Las alternativas a los sistemas de compra habituales , como <argset><specifier>el</specifier><head>comercio </head><reference_modifiers>electrónico</reference_modifiers></argset>, están ganando mucha importancia e Ø irán adquiriendo una gran relevancia . </example>
        <example file="CESS-CAST-A/13810_20000617.tbf.xml" nodepath="3.2.0.3.1.1.1.2.1.1" sentencenodepath="3">CINCO_DIAS_Dias , recoge que los " horarios reabren la guerra de los híper y <argset><specifier>el</specifier><reference_modifiers>pequeño</reference_modifiers><head>comercio </head></argset>" y que el Commerzbank y el Dresdner exploran una posible fusión . </example>
        <example file="CESS-CAST-A/14709_20000419.tbf.xml" nodepath="5.0.5.2.0.1.2.1.0.0" sentencenodepath="5">" La caída de la corona frente al dólar no preocupa demasiado , ya_que las dos terceras partes del <argset><head>comercio </head><reference_modifiers>exterior</reference_modifiers><argument argument="arg0" function="cn" thematicrole="agt" type="s.a">checo</argument></argset>se realizan en euros y la cotización de la corona frente a la moneda europea es estable " , advierte Ludek_Niedermayer , de consejo bancario del CNB . </example>
        <example file="CESS-CAST-A/16572_20000320.tbf.xml" nodepath="0.0.3.1.1.2.1.0" sentencenodepath="0">La economía mundial debe alcanzar un equilibrio para que los beneficios de la globalización y <argset><specifier>el</specifier><head>comercio </head></argset>puedan llegar a todos los países , afirmó hoy el comisario de Comercio de la Unión_Europea ( UE ) , Pascal_Lamy . </example>
        <example file="CESS-CAST-A/16572_20000320.tbf.xml" nodepath="1.2.1.1.1.1.1.1.0" sentencenodepath="1">El funcionario europeo , que se encuentra de visita en Brasil con_el_objetivo_de fomentar las relaciones políticas y económicas entre la UE y el gigante suramericano , aseguró que los beneficios producidos por <argset><specifier>el</specifier><head>comercio </head></argset>deben ser distribuidos con justicia en el mundo para que Ø generen desarrollo . </example>
        <example file="CESS-CAST-A/16572_20000320.tbf.xml" nodepath="2.0.1.0.1.0" sentencenodepath="2">" <argset><specifier>El</specifier><head>comercio </head></argset>puede contribuir al desarrollo , pero Ø no lo produce , y mucho menos Ø produce el desarrollo sostenible " , apuntó Lamy en una conferencia en la Universidad_de_Sao_Paulo . </example>
        <example file="CESS-CAST-A/16572_20000320.tbf.xml" nodepath="7.4.1.1.1.1.1.1.1.1.0.0" sentencenodepath="7">Ø También llamó la atención sobre la necesidad de fortalecer el sistema de <argset><head>comercio </head><reference_modifiers>multilateral</reference_modifiers></argset>mediante una mayor coherencia entre instituciones como la Organización_Mundial_del_Comercio ( OMC ) , el Fondo_Monetario_Internacional ( FMI ) , el Banco_Mundial ( BM ) y el Programa_de_las_Naciones_Unidas_para_el_Desarrollo ( PNUD ) . </example>
        <example file="CESS-CAST-A/16572_20000320.tbf.xml" nodepath="8.0.3.2.1.2.3.1.1.1.0.0" sentencenodepath="8">" El FMI y el BM necesitan llevar en consideración un ajuste de políticas nacionales en el que se tengan_en_cuenta las condiciones del <argset><head>comercio </head><argument argument="argM" function="cn" thematicrole="loc" type="s.a">local</argument></argset>" , agregó el representante de la UE . </example>
        <example file="CESS-CAST-A/18483_20000126.tbf.xml" nodepath="16.2.4.1.2.1.1.1.1.0.0" sentencenodepath="16">Pérez_Roque destacó que el año pasado Rusia fue el quinto país entre los socios de <argset><head>comercio </head><reference_modifiers>exterior</reference_modifiers><argument argument="arg0" function="cn" thematicrole="agt" type="sp">de Cuba</argument></argset>, aunque el intercambio no se acercó ni de lejos al máximo histórico de 9.000 millones de dólares de la época soviética . </example>
        <example file="CESS-CAST-AA/24478_20000330.tbf.xml" nodepath="0.4.1.1.1.1.1.0.0" sentencenodepath="0">Irán acusó hoy , Jueves , a Estados_Unidos de violar las normas del <argset><head>comercio </head><reference_modifiers>internacional</reference_modifiers></argset>con sus " presiones y amenazas " a los países productores de petróleo para que Ø aumentaran sus exportaciones y bajar así los precios del crudo . </example>
        <example file="CESS-CAST-AA/4020_20000906.tbf.xml" nodepath="13.3.1.0" sentencenodepath="13">Según el estudio de la UCA , uno de los sectores más afectados por la situación económica es <argset><specifier>el</specifier><head>comercio </head></argset>, ya_que los salarios han perdido valor adquisitivo , y la cobertura de sus necesidades básicas no permite comprar otros artículos , como ropa y calzados , entre otros . </example>
        <example file="CESS-CAST-AA/5244_20000908.tbf.xml" nodepath="10.0.1.2.1.1.1.1.2.2.1.1.1.1.0" sentencenodepath="10">Las autoridades australianas , conscientes de los posibles abusos que pueden cometer los dueños de <argset><specifier>los</specifier><head>comercios </head></argset>, han reforzado sus equipos antifraude en Sydney . </example>
        <example file="CESS-CAST-AA/7726_20000911.tbf.xml" nodepath="2.3.1.1.1.3.3.2.1.0" sentencenodepath="2">El Tribunal conminó a Venezuela a suspender el transbordo de mercancías en la frontera con Colombia , que impuso unilateralmente Caracas desde mayo_de_1999 y que ha afectado <argset><specifier>el</specifier><head>comercio </head><argument argument="arg0" function="cn" thematicrole="agt" type="sp">entre los dos países</argument></argset>. </example>
        <example file="CESS-CAST-AA/9462_20000115.tbf.xml" nodepath="14.2.3.1.3.1.1.1.1.0.1" sentencenodepath="14">Ø También apostó por la integración de Guatemala al mundo como democracia y como Estado , y en ese sentido Ø anunció que Ø dará un nuevo impulso a la zona de <argset><reference_modifiers>libre</reference_modifiers><head>comercio </head></argset>entre Centroamérica y México , y Ø apoyará la consolidación de la Asociación_de_Estados_del_Caribe como parte del proceso de ingreso del área al Tratado_de_Libre_Comercio_de_Norteamérica . </example>
        <example file="CESS-CAST-P/113_20000201.tbf.xml" nodepath="1.3.1.4.1.1.1.2.1.1.1.1.2.2.1.1.1.0.0" sentencenodepath="1">Los líderes sindicales internacionales advirtieron ayer de que " Ø es el momento de dejar atrás las palabras , y actuar para solucionar los problemas sociales que plantea la mundialización del <argset><head>comercio </head></argset>" , tras el fracaso de la cumbre de Seattle ( Estados_Unidos ) y los mensajes reformistas del presidente estadounidense y el primer ministro británico en el Foro_Económico_Mundial_de_Davos ( Suiza ) . </example>
        <example file="CESS-CAST-P/113_20000201.tbf.xml" nodepath="7.0.0.1.1.1.1.1.1.0" sentencenodepath="7">Uno de los argumentos contra <argset><specifier>el</specifier><head>comercio </head><argument argument="argM" function="cn" thematicrole="adv" type="sp">sin reglas justas</argument></argset>es que en 10 años el trabajo infantil se ha doblado . </example>
        <example file="CESS-CAST-P/3_20020103.tbf.xml" nodepath="0.1.1.2.1.1.1.1.1.0.1.1.0.0" sentencenodepath="0">En el conjunto de España , las 89 oficinas del euro instaladas por la red de cámaras de <argset><head>comercio </head></argset>han atendido 4.000 llamadas de usuarios en las que sobre_todo se expresaron quejas porque la demanda de euros desbordó las previsiones . </example>
        <example file="CESS-CAST-P/49_20001202.tbf.xml" nodepath="0.4.1.1.1.1.2.1.1.1.1.1.0.2.1.1.0.1" sentencenodepath="0">Los populares añadieron ayer al precio de su apoyo al Presupuesto la creación de un fondo de 1.000 millones de pesetas para desarrollar un plan de modernización y apoyo al <argset><reference_modifiers>pequeño y mediano</reference_modifiers><head>comercio </head><reference_modifiers>, especialmente el urbano</reference_modifiers></argset>. </example>
        <example file="CESS-CAST-P/55_20000903.tbf.xml" nodepath="0.0.1.1" sentencenodepath="0"><argset><specifier>El</specifier><reference_modifiers>sexagenario</reference_modifiers><head>comercio </head><argument argument="argM" function="cn" thematicrole="loc" type="s.a">barcelonés</argument></argset>cerrará sus puertas el próximo día_16 . </example>
        <example file="CESS-CAST-P/56_20000801_i.tbf.xml" nodepath="2.2.3.1.0.0" sentencenodepath="2">Bordes , que se ha entrevistado con representantes de hoteles , comercios , restaurantes y gasolineras , recordó que la puesta_en_marcha de la variante de la carretera N-2 , en Febrero , y la supresión de peajes para camiones en la A-2 dejaron al <argset><head>comercio </head><argument argument="argM" function="cn" thematicrole="loc" type="sp">de Cervera</argument></argset>en estado " crítico " . </example>
        <example file="CESS-CAST-P/75_19990901.tbf.xml" nodepath="13.3.3.1.2.1.2.1.1.1.0.0" sentencenodepath="13">Por esta razón , la CCC reclama que la Generalitat realice un nuevo estudio sobre el grado de concentración de grandes superficies y la oferta de <argset><head>comercios </head></argset>en Catalunya . </example>
        <example file="CESS-CAST-P/75_19990901.tbf.xml" nodepath="19.0.1.1.1.0.1" sentencenodepath="19">La patronal del <argset><reference_modifiers>pequeño</reference_modifiers><head>comercio </head></argset>reclamó también a la Generalitat que Ø incremente el volumen de ayudas a la modernización del comercio tradicional y urbano , para que Ø pueda competir con las nuevas fórmulas comerciales . </example>
        <example file="CESS-CAST-P/75_19990901.tbf.xml" nodepath="19.4.3.1.1.1.0.1.1.1.1.1.0.0" sentencenodepath="19">La patronal del pequeño comercio reclamó también a la Generalitat que Ø incremente el volumen de ayudas a la modernización del <argset><head>comercio </head><reference_modifiers>tradicional y urbano</reference_modifiers></argset>, para que Ø pueda competir con las nuevas fórmulas comerciales . </example>
        <example file="CESS-CAST-P/76_19981201.tbf.xml" nodepath="11.3.1.3.2.3.1.2.1.1.1.0.0" sentencenodepath="11">De forma paralela se creará un consejo de gobierno , integrado por 25 personas , que representará tanto al Govern como a los municipios , las cámaras de <argset><head>comercio </head></argset>, los puertos deportivos y turísticos , las cofradías de pescadores , las capitanías marítimas y los sindicatos más representativos . </example>
        <example file="CESS-CAST-P/80_20000701.tbf.xml" nodepath="13.0.3.3.1.1.0" sentencenodepath="13">" Estas actuaciones demuestran que Barcelona apuesta por <argset><specifier>el</specifier><head>comercio </head><reference_modifiers>de barrio</reference_modifiers></argset>" , afirma Narváez . </example>
        <example file="CESS-CAST-P/92_20000701.tbf.xml" nodepath="5.3.1.1.1.0.0" sentencenodepath="5">" El PP ha carecido de sensibilidad comercial " , afirmó ayer el vicepresidente de <argset><head>comercio </head></argset>de la patronal Pimecsefes , Jaume_Villa . </example>
        <example file="CESS-CAST-P/92_20000701.tbf.xml" nodepath="7.3.1.1.2.1.3.1.1.1.1.1.1.1.1" sentencenodepath="7">Además , Ø confían en el compromiso asumido por el conseller de Economia , Artur_Mas , para aplicar el decreto en Catalunya de la manera más beneficiosa para <argset><specifier>el</specifier><reference_modifiers>pequeño</reference_modifiers><head>comercio </head></argset>, concentrando en agosto las nuevas aperturas de festivos . </example>
      </examples>
    </frame>
  </sense>
  <sense cousin="no" denotation="underspecified" id="2" lexicalized="no" originlemma="comerciar" originlink="verb.comerciar.1" wordnetsynset="16:00720146+16:00706993">
    <frame appearsinplural="yes" type="default">
      <argument argument="arg1" thematicrole="pat">
        <constituent frequency="1" preposition="de" type="sp"/>
      </argument>
      <specifiers>
        <constituent frequency="3" postype="article" type="determiner"/>
        <constituent frequency="5" type="void"/>
      </specifiers>
      <reference_modifiers>
        <constituent frequency="2" type="s.a"/>
      </reference_modifiers>
      <examples>
        <example file="3LB-CAST/n1-15.tbf.xml" nodepath="10.1.4.2.1.0.1.2.3.1.1.0" sentencenodepath="10">A la entrada de - Pushestreet - , la - calle de los camellos - de Christiania , un cartel advertía a los consumidores : los fumadores de porros y de hachís tienen que ir a aprovisionarse a otra parte , concretamente a Istedgade , otro barrio de Copenhague , situado al_lado_de la estación central , donde <argset><specifier>el</specifier><head>comercio </head><argument argument="arg1" function="cn" thematicrole="pat" type="sp">de la - hierba -</argument></argset>no ha sufrido alteración alguna . </example>
        <example file="CESS-CAST-A/10150_20001114.tbf.xml" nodepath="34.3.1.0.2.2.1.2.1.0.0" sentencenodepath="34">Se reconoció el carácter dinámico y creciente de la globalización y de la integración regional como procesos complementarios que pueden favorecer un sistema multilateral de <argset><head>comercio </head><reference_modifiers>libre</reference_modifiers></argset>. </example>
        <example file="CESS-CAST-A/10591_20001013.tbf.xml" nodepath="10.4.1.1.0.2.1.0" sentencenodepath="10">Durante su intervención , Iglesias destacó la importancia de la seguridad de la navegación aérea a_efectos_de incrementar el turismo y <argset><specifier>el</specifier><head>comercio </head></argset>, la inversión extranjera y el desarrollo económico a largo plazo . </example>
        <example file="CESS-CAST-AA/21758_20000627.tbf.xml" nodepath="10.2.3.1.2.1.2.2.0.1.1.1.2.2.1.0.1.2.1.0.0" sentencenodepath="10">Green explicó que el veto que mantenía su país tenía su razón de ser en que " México es uno de los países del mundo más abiertos en términos de inversión y de <argset><head>comercio </head></argset>, y Ø no queremos hacer peligrar esa apertura " . </example>
        <example file="CESS-CAST-AA/5694_20000908.tbf.xml" nodepath="6.0.2.1.1.1.1.0.0" sentencenodepath="6">El presidente boliviano abogó por la libertad de <argset><head>comercio </head></argset>y Ø afirmó que " la ciencia y la tecnología no pueden convertirse en un bien excluyente " y Ø debe constituirse en " un patrimonio del desarrollo humano en todos los confines de la Tierra " . </example>
        <example file="CESS-CAST-P/56_20000801_i.tbf.xml" nodepath="2.0.0.1.4.1.0.1.1.0.2.0" sentencenodepath="2">Bordes , que se ha entrevistado con representantes de <argset>hoteles , <head>comercios </head>, restaurantes y gasolineras </argset>, recordó que la puesta_en_marcha de la variante de la carretera N-2 , en Febrero , y la supresión de peajes para camiones en la A-2 dejaron al comercio de Cervera en estado " crítico " . </example>
        <example file="CESS-CAST-P/75_19990901.tbf.xml" nodepath="18.3.1.3.3.2.1.1.1.1.1.1.0.0" sentencenodepath="18">En este sentido , Ø subrayó los largos plazos de pago que sufren los proveedores de algunas grandes superficies , pese_a la existencia de la ley de <argset><head>comercio </head></argset>que prohíbe esas prácticas . </example>
        <example file="CESS-CAST-P/92_20000701.tbf.xml" nodepath="8.3.2.1.1.0.3.0.3.1.1.1.1.1" sentencenodepath="8">Desde Pimecsefes se quiere proponer a la Generalitat aplicar lo que Ø denominan " el_jueves_comercial " , día en que <argset><specifier>el</specifier><reference_modifiers>pequeño</reference_modifiers><head>comercio </head></argset>abriría ininterrumpidamente desde las 10.00 a las 22.00 horas . </example>
      </examples>
    </frame>
  </sense>
</lexentry>
