<?xml version="1.0" encoding="UTF-8" standalone="no"?>
<!-- 

  ancoralex-2.0.3
       
			Copyright (C) 2007,2008,2009,2010,2011 CLiC - UB
			Centre de Llenguatge i Computació - Universitat de Barcelona
 
  This file is part of ancoralex-2.0.3.
 
  ancoralex-2.0.3 is free software and data: you can redistribute it and/or modify
  it under the terms of the GNU General Public License as published
  by the Free Software Foundation, either version 3 of the License,
  or (at your option) any later version.

  ancoralex-2.0.3 is distributed in the hope that it will be useful,
  but WITHOUT ANY WARRANTY; without even the implied warranty of
  MERCHANTABILITY or FITNESS FOR A PARTICULAR PURPOSE.  See the
  GNU General Public License for more details.
 
  You should have received a copy of the GNU General Public License
  along with ancoralex-2.0.3.  If not, see &lt;http://www.gnu.org/licenses/&gt;.
 
  Check a text in catalan explaining the terms of the license at http://www.softcatala.cat/wiki/GPL3.
  In spanish at http://www.viti.es/gnu/licenses/gpl.html
  
  The following paper must be cited when using verb lexicon: 

 * Aparicio, Juan, Mariona Taulé, M.Antònia Martí (2008) 'AnCora-Verb: A Lexical Resource for 
   the Semantic Annotation of Corpora'. Proceedings of 6th International Conference on Language 
   Resources and Evaluation. Marrakesh (Morocco).

  The following paper must be cited when using noun lexicon: 

 * Peris, Aina, Mariona Taulé (2011). AnCora-Nom: A Spanish lexicon of deverbal nominalizations. 
   Procesamiento del Lenguaje Natural, nº46, pp. 11-18.
 
 

 

-->

<lexentry lemma="comienzo" lng="es" origin="deverbal" type="noun">
  <sense cousin="no" denotation="result" id="1" lexicalized="no" originlemma="comenzar" originlink="verb.comenzar.1" wordnetsynset="16:04515071">
    <frame appearsinplural="yes" type="default">
      <argument argument="arg1" thematicrole="tem">
        <constituent frequency="11" preposition="de" type="sp"/>
      </argument>
      <specifiers>
        <constituent frequency="10" postype="article" type="determiner"/>
        <constituent frequency="5" type="void"/>
      </specifiers>
      <reference_modifiers>
        <constituent frequency="2" type="s.a"/>
        <constituent frequency="1" type="S"/>
      </reference_modifiers>
      <examples>
        <example file="3LB-CAST/d1-1.tbf.xml" nodepath="2.2.1.1.1.4.1.0" sentencenodepath="2">Que Alfonso y no otro exista es la razón de que la gente se haya acostumbrado a aceptar <argset><specifier>el</specifier><head>comienzo </head><argument argument="arg1" function="cn" thematicrole="tem" type="sp">del fin de una era simbolizada por alguien aún ubicuo entre el ayer y el hoy</argument></argset>. </example>
        <example file="CESS-CAST-A/10127_20001013.tbf.xml" nodepath="10.2.3.1.0" sentencenodepath="10">Ninguno de los 118 tripulantes sobrevivió a la tragedia , y la semana próxima está previsto <argset><specifier>el</specifier><head>comienzo </head><argument argument="arg1" function="cn" thematicrole="tem" type="sp">de una operación para rescatar los cadáveres</argument></argset>. </example>
        <example file="CESS-CAST-A/17124_20001122.tbf.xml" nodepath="1.3.1.1.3.1.1.1" sentencenodepath="1">En declaraciones a Onda_Cero recogidas por Efe , Aznar aseguró que la presencia del Rey_Juan_Carlos " desde <argset><specifier>los</specifier><reference_modifiers>primeros</reference_modifiers><head>comienzos </head><argument argument="arg1" function="cn" thematicrole="tem" type="sp">de su reinado</argument></argset>impulsó un proceso de reformas sin traumas que devolvió la soberanía a los españoles y que desembocó en una democracia saludable y estable como la que Ø tenemos en estos momentos " . </example>
        <example file="CESS-CAST-A/18381_20000322.tbf.xml" nodepath="3.0.1.1.1.1.1.2.0.0" sentencenodepath="3">Con sólo 10 días para que dé <argset><head>comienzo </head></argset>la nueva temporada , el equipo que , en_teoría , los expertos consideran está en mejor posición para defender el título de campeón , en el campo de entrenamiento no lo ha demostrado al haber conseguido sólo cinco triunfos . </example>
        <example file="CESS-CAST-A/18381_20000322.tbf.xml" nodepath="5.0.3.1.1.1.1.1.0.0" sentencenodepath="5">" Ø Estoy convencido de que cuando dé <argset><head>comienzo </head></argset>la temporada y Ø nos mentalicemos de que la hora de la verdad ha llegado , todas las piezas del equipo van a encontrarse en su sitio para que lleguen los triunfos " , explicó Torre . </example>
        <example file="CESS-CAST-A/1925_20001103.tbf.xml" nodepath="5.0.1.0" sentencenodepath="5"><argset><specifier>El</specifier><head>comienzo </head><argument argument="arg1" function="cn" thematicrole="tem" type="sp">de la segunda parte</argument></argset>será comunicado oficialmente hoy por la Comisión_de_Control que verifica que el desarrollo de la subasta ha sido correcto hasta ahora . </example>
        <example file="CESS-CAST-AA/20131_20000224.tbf.xml" nodepath="14.0.3.2.3.1.1.1.3.4.1.1.0" sentencenodepath="14">" Ø Estamos deseando que comience el partido . El empate conseguido en Valencia nos ha dado más moral y además Ø contaremos con la afición , que está deseando que Ø hagamos un gran partido y que seguro que nos apoyará desde <argset><specifier>el</specifier><head>comienzo </head></argset>" , finalizó Roberto_Carlos . </example>
        <example file="CESS-CAST-AA/20305_20001025.tbf.xml" nodepath="20.5.2.1.1.1.3.1.0.0.1.1.1.0" sentencenodepath="20">Las elecciones parlamentarias serbias se celebrarán por Primera vez según un sistema estrictamente proporcional , con todo Serbia como una circunscripción , modelo que de_acuerdo_con los expertos es el idóneo para <argset><specifier>el</specifier><head>comienzo </head><argument argument="arg1" function="cn" thematicrole="tem" type="sp">de la transición</argument></argset>. </example>
        <example file="CESS-CAST-AA/20450_20000325.tbf.xml" nodepath="6.4.5.1.1.1.0.0" sentencenodepath="6">También en Lisboa , los Quince acordaron dar al Secretario_General y Alto_Representante_del_Consejo_de_la_UE , Javier_Solana , un mandato para garantizar la coherencia de la política europea en Kosovo , justo cuando se cumple un año del <argset><head>comienzo </head><argument argument="arg1" function="cn" thematicrole="tem" type="sp">de la guerra de Kosovo</argument></argset>. </example>
        <example file="CESS-CAST-AA/22816_20000228.tbf.xml" nodepath="9.4.1.1" sentencenodepath="9">El conjunto que dirige Jorge_Aravena ratificó en su feudo , ante unas 6.000 personas , <argset><specifier>el</specifier><reference_modifiers>buen</reference_modifiers><head>comienzo </head><reference_modifiers>que tuvo en este torneo de apertura</reference_modifiers></argset>cuando hace una semana Ø viajó a Calama , a 1.584 kilómetros al norte de Santiago , donde Ø le encajó 2-1 al Cobreloa , uno de los equipos poderosos de este torneo . </example>
        <example file="CESS-CAST-AA/23896_20000530.tbf.xml" nodepath="6.0.1.1.2.2.1.2.1.0.0" sentencenodepath="6">Por áreas geográficas , el crecimiento estadounidense , el más prolongado experimentado por EEUU desde <argset><head>comienzos </head><argument argument="arg1" function="cn" thematicrole="tem" type="sp">de siglo</argument></argset>, seguirá situándose en_cabeza del club de los países desarrollados este año con un 4,9_por_ciento , y Ø se ralentizará al 3_por_ciento en el 2001 . </example>
        <example file="CESS-CAST-AA/5856_20000809.tbf.xml" nodepath="1.2.1.1.0" sentencenodepath="1">La rentabilidad de las letras a seis meses ha aumentado desde <argset><specifier>el</specifier><head>comienzo </head><argument argument="arg1" function="cn" thematicrole="tem" type="sp">de este año</argument></argset>un 1,337_por_ciento , al pasar del 3,402_por_ciento del cierre de 1999 al 4,739_por_ciento en que lo situó hoy el Tesoro . </example>
        <example file="CESS-CAST-AA/6013_20000408.tbf.xml" nodepath="7.3.1.0.1.1.0.0" sentencenodepath="7">Todo ello se despejará instantes antes del <argset><head>comienzo </head><argument argument="arg1" function="cn" thematicrole="tem" type="sp">del encuentro</argument></argset>. </example>
        <example file="CESS-CAST-P/64_19990201.tbf.xml" nodepath="15.2.1.2.3.2.1.1.1.0.1.1.1.2.0.1.1.1.0" sentencenodepath="15">La revista económica Carta_Capital divulga un informe de la firma Lafis que vaticina para 1999 una inflación del 50% ( en 1998 Ø fue del 2,49% ) , una tasa de cambio de 2,34 reales por dólar ( hasta <argset><specifier>el</specifier><head>comienzo </head><argument argument="arg1" function="cn" thematicrole="tem" type="sp">de la devaluación</argument></argset>Ø era de 1,23 ) y serias amenazas para la estabilidad del Mercosur . </example>
        <example file="CESS-CAST-P/74_20000903.tbf.xml" nodepath="1.3.1.2.1.1.0" sentencenodepath="1">El técnico del Espanyol , que en anteriores ocasiones se hizo_cargo del equipo a_mitad_de campeonato , realizará hoy su última prueba para <argset><specifier>el</specifier><head>comienzo </head><argument argument="arg1" function="cn" thematicrole="tem" type="sp">de la Liga</argument></argset>ante el AEK_de_Atenas ( 19.00 horas , TV-3 ) , un equipo que , como el Espanyol , también disputará la UEFA . </example>
      </examples>
    </frame>
  </sense>
  <sense cousin="no" denotation="event" id="2" lexicalized="no" originlemma="comenzar" originlink="verb.comenzar.1" wordnetsynset="16:04515071">
    <frame appearsinplural="no" type="default">
      <argument argument="arg1" thematicrole="tem">
        <constituent frequency="1" preposition="de" type="sp"/>
      </argument>
      <specifiers>
        <constituent frequency="1" postype="article" type="determiner"/>
      </specifiers>
      <examples>
        <example file="CESS-CAST-P/23_20000501.tbf.xml" nodepath="1.3.1.0" sentencenodepath="1">El anuncio de la ampliación de un asentamiento judío en Cisjordania retrasó ayer <argset><specifier>el</specifier><head>comienzo </head><argument argument="arg1" function="cn" thematicrole="tem" type="sp">de las negociaciones de paz entre israelís y palestinos , que finalmente se iniciaron en el puerto de Eilat , a orillas del Mar_Rojo</argument></argset>. </example>
      </examples>
    </frame>
  </sense>
  <sense cousin="no" denotation="underspecified" id="3" lexicalized="no" originlemma="comenzar" originlink="verb.comenzar.1" wordnetsynset="16:04515071">
    <frame appearsinplural="no" type="default">
      <argument argument="arg1" thematicrole="tem">
        <constituent frequency="1" preposition="de" type="sp"/>
      </argument>
      <specifiers>
        <constituent frequency="1" postype="article" type="determiner"/>
      </specifiers>
      <examples>
        <example file="CESS-CAST-A/18465_20001023.tbf.xml" nodepath="0.2.1.3.1.1.0" sentencenodepath="0">Las quince medallas conseguidas por el equipo español en la quinta jornada de los Juegos_de_Sydney han certificado la actuación más completa en los Paralímpicos desde <argset><specifier>el</specifier><head>comienzo </head><argument argument="arg1" function="cn" thematicrole="tem" type="sp">de la competición , que mantienen a los deportistas hispanos en la cúspide del medallero con cuarenta_y_cinco premios , sólo superados por el descollante papel del equipo anfitrión , Australia</argument></argset>. </example>
      </examples>
    </frame>
  </sense>
  <sense cousin="no" denotation="event" id="4" lexicalized="no" originlemma="comenzar" originlink="verb.comenzar.2" wordnetsynset="16:05437768+16:10965545">
    <frame appearsinplural="no" type="default">
      <argument argument="arg0" thematicrole="agt">
        <constituent frequency="1" postype="possessive" type="determiner"/>
      </argument>
      <argument argument="arg1" thematicrole="pat">
        <constituent frequency="3" preposition="de" type="sp"/>
      </argument>
      <specifiers>
        <constituent frequency="2" type="void"/>
        <constituent frequency="1" postype="possessive" type="determiner"/>
      </specifiers>
      <reference_modifiers>
        <constituent frequency="1" type="s.a"/>
      </reference_modifiers>
      <examples>
        <example file="CESS-CAST-AA/5003_20000206.tbf.xml" nodepath="0.0.1.1.4.4.1.1.1" sentencenodepath="0">El Deportivo , del que muchos dudaban que Ø pudiera ganar la Liga tras <argset><argument argument="arg0" thematicrole="agt" type="spec">su</argument><reference_modifiers>mal</reference_modifiers><head>comienzo </head><argument argument="arg1" function="cn" thematicrole="pat" type="sp">de año</argument></argset>, demostró que Ø sigue siendo un firme aspirante al título con una goleada sobre el Real_Madrid ( 5-2 ) que le sirve para aumentar su ventaja al_frente_de la tabla . </example>
        <example file="CESS-CAST-P/64_19990201.tbf.xml" nodepath="5.2.1.0.1.1.0.0" sentencenodepath="5">El secretario ejecutivo del Ministerio_de_Hacienda , Pedro_Parente , declaró minutos antes del <argset><head>comienzo </head><argument argument="arg1" function="cn" thematicrole="pat" type="sp">de la reunión</argument></argset>que las deliberaciones serán complejas y Ø se prolongarán hasta el próximo miércoles . </example>
        <example file="CESS-CAST-P/66_19990601.tbf.xml" nodepath="18.2.2.3.1.1.1.0.1.1.1.0.0" sentencenodepath="18">Hace sólo 10 días , los sindicatos del metro alertaron de la mala conservación de algunos túneles y Ø denunciaron que la compañía cuenta con 100 trabajadores menos que al <argset><head>comienzo </head><argument argument="arg1" function="cn" thematicrole="pat" type="sp">del plan de ampliación</argument></argset>. </example>
      </examples>
    </frame>
  </sense>
  <sense alternativelemma="a_comienzos_de" cousin="no" denotation="none" id="5" lexicalizationtype="adverbial" lexicalized="yes" originlemma="comenzar" originlink="verb.comenzar.1" wordnetsynset="16:04515071+16:05437768">
    <frame appearsinplural="yes" type="default">
      <argument argument="arg1" thematicrole="tem">
        <constituent frequency="1" preposition="de" type="sp"/>
      </argument>
      <argument argument="argL">
        <constituent frequency="3" preposition="de" type="sp"/>
      </argument>
      <specifiers>
        <constituent frequency="4" type="void"/>
      </specifiers>
      <examples>
        <example file="3LB-CAST/211_C-2.tbf.xml" nodepath="0.3.1.3.1.0.0" sentencenodepath="0">Mori sucedió a Obuchi tras haber sufrido éste una embolia cerebral a <argset><head>comienzos </head><argument argument="argL" function="cn" type="sp">del pasado_mes_abril</argument></argset>que le causó la muerte el 14_de_mayo . </example>
        <example file="3LB-CAST/dc10-9.tbf.xml" nodepath="7.4.1.0.0" sentencenodepath="7">Todavía , sin_embargo , años más tarde , unos hermanos norteamericanos , Francis_E. y Freelan_Stanley , a <argset><head>comienzos </head><argument argument="arg1" function="cn" thematicrole="tem" type="sp">del siglo_XX</argument></argset>refinaron extraordinariamente la idea y llegaron a ganar carreras de velocidad con autos de vapor , compitiendo con los modelos en auge de gasolina . </example>
        <example file="3LB-CAST/r2-4.tbf.xml" nodepath="11.2.1.1.2.1.0.1.1.1.1.0.0" sentencenodepath="11">Los expertos en la lucha contra el terrorismo estiman que la actual oleada de cartas , remitidas a <argset><head>comienzos </head><argument argument="argL" function="cn" type="sp">del pasado mes_de_mayo</argument></argset>y firmadas por ETA , tienen un objetivo psicológico más_que económico : - Se trataría de amedrentar y sembrar el terror en la capital del Estado y desviar la atención hacia otro centro económico para evitar las críticas fundadas que achacan a ETA la responsabilidad de la crisis económica en el País_Vasco - . </example>
        <example file="3LB-CAST/t3-2.tbf.xml" nodepath="11.4.2.1.0.0" sentencenodepath="11">- - Ø Las llaman Los_Siete_Magníficos y Ø fueron construidas a <argset><head>comienzos </head><argument argument="argL" function="cn" type="sp">de siglo</argument></argset>por las siete familias más ricas de la - ciudad . </example>
      </examples>
    </frame>
  </sense>
</lexentry>
