<?xml version="1.0" encoding="UTF-8" standalone="no"?>
<!-- 

  ancoralex-2.0.3
       
			Copyright (C) 2007,2008,2009,2010,2011 CLiC - UB
			Centre de Llenguatge i Computació - Universitat de Barcelona
 
  This file is part of ancoralex-2.0.3.
 
  ancoralex-2.0.3 is free software and data: you can redistribute it and/or modify
  it under the terms of the GNU General Public License as published
  by the Free Software Foundation, either version 3 of the License,
  or (at your option) any later version.

  ancoralex-2.0.3 is distributed in the hope that it will be useful,
  but WITHOUT ANY WARRANTY; without even the implied warranty of
  MERCHANTABILITY or FITNESS FOR A PARTICULAR PURPOSE.  See the
  GNU General Public License for more details.
 
  You should have received a copy of the GNU General Public License
  along with ancoralex-2.0.3.  If not, see &lt;http://www.gnu.org/licenses/&gt;.
 
  Check a text in catalan explaining the terms of the license at http://www.softcatala.cat/wiki/GPL3.
  In spanish at http://www.viti.es/gnu/licenses/gpl.html
  
  The following paper must be cited when using verb lexicon: 

 * Aparicio, Juan, Mariona Taulé, M.Antònia Martí (2008) 'AnCora-Verb: A Lexical Resource for 
   the Semantic Annotation of Corpora'. Proceedings of 6th International Conference on Language 
   Resources and Evaluation. Marrakesh (Morocco).

  The following paper must be cited when using noun lexicon: 

 * Peris, Aina, Mariona Taulé (2011). AnCora-Nom: A Spanish lexicon of deverbal nominalizations. 
   Procesamiento del Lenguaje Natural, nº46, pp. 11-18.
 
 

 

-->

<lexentry lemma="computación" lng="es" origin="deverbal" type="noun">
  <sense cousin="no" denotation="result" id="1" lexicalized="no" originlemma="computar" originlink="verb.computar.1" wordnetsynset="16:cs1">
    <frame appearsinplural="no" type="default">
      <specifiers>
        <constituent frequency="2" type="void"/>
      </specifiers>
      <examples>
        <example file="3LB-CAST/dc1-1.tbf.xml" nodepath="11.0.3.2.2.2.3.6.2.1.2.1.1.1.1.1.0.0" sentencenodepath="11">" Un objetivo prioritario de esta ciencia es crear y estudiar organismos sintéticos que remeden a los naturales ... Ø Intentamos estudiar la vida no como realmente Ø la conocemos , sino tal_y_como Ø podría ser en un ambiente diferente del terrestre , en otros planetas , con otros materiales e , incluso , en los universos artificiales definidos en un entorno de <argset><head>computación </head></argset>" , ha manifestado Christopher_Langton , uno de sus principales impulsores que desarrolla su labor científica en Los_Alamos_National_Laboratory y el Instituto_de_Santa_Fe , en Nuevo_México ( EE_UU ) . </example>
        <example file="3LB-CAST/dc1-1.tbf.xml" nodepath="12.0.0.0.1.1.0.0" sentencenodepath="12">Expertos en <argset><head>computación </head></argset>, físicos , microbiólogos , genetistas , matemáticos , biólogos y otros especialistas trabajan mano_a_mano en la creación de todo tipo de células , animales , plantas y , a_menudo , comunidades enteras de las más variopintas formas vivientes . </example>
      </examples>
    </frame>
  </sense>
</lexentry>
