<?xml version="1.0" encoding="UTF-8" standalone="no"?>
<!-- 

  ancoralex-2.0.3
       
			Copyright (C) 2007,2008,2009,2010,2011 CLiC - UB
			Centre de Llenguatge i Computació - Universitat de Barcelona
 
  This file is part of ancoralex-2.0.3.
 
  ancoralex-2.0.3 is free software and data: you can redistribute it and/or modify
  it under the terms of the GNU General Public License as published
  by the Free Software Foundation, either version 3 of the License,
  or (at your option) any later version.

  ancoralex-2.0.3 is distributed in the hope that it will be useful,
  but WITHOUT ANY WARRANTY; without even the implied warranty of
  MERCHANTABILITY or FITNESS FOR A PARTICULAR PURPOSE.  See the
  GNU General Public License for more details.
 
  You should have received a copy of the GNU General Public License
  along with ancoralex-2.0.3.  If not, see &lt;http://www.gnu.org/licenses/&gt;.
 
  Check a text in catalan explaining the terms of the license at http://www.softcatala.cat/wiki/GPL3.
  In spanish at http://www.viti.es/gnu/licenses/gpl.html
  
  The following paper must be cited when using verb lexicon: 

 * Aparicio, Juan, Mariona Taulé, M.Antònia Martí (2008) 'AnCora-Verb: A Lexical Resource for 
   the Semantic Annotation of Corpora'. Proceedings of 6th International Conference on Language 
   Resources and Evaluation. Marrakesh (Morocco).

  The following paper must be cited when using noun lexicon: 

 * Peris, Aina, Mariona Taulé (2011). AnCora-Nom: A Spanish lexicon of deverbal nominalizations. 
   Procesamiento del Lenguaje Natural, nº46, pp. 11-18.
 
 

 

-->

<lexentry lemma="complicación" lng="es" origin="deverbal" type="noun">
  <sense cousin="no" denotation="result" id="1" lexicalized="no" originlemma="complicar" originlink="verb.complicar.1" wordnetsynset="16:04396796+16:04394770">
    <frame appearsinplural="yes" type="default">
      <specifiers>
        <constituent frequency="1" postype="indefinite" type="determiner"/>
        <constituent frequency="2" type="void"/>
        <constituent frequency="1" postype="article" type="determiner"/>
      </specifiers>
      <reference_modifiers>
        <constituent frequency="3" type="s.a"/>
        <constituent frequency="1" preposition="como" type="sp"/>
      </reference_modifiers>
      <examples>
        <example file="CESS-CAST-P/101_19991002.tbf.xml" nodepath="3.3.2.1.1.1.1.0.1.3.1.1.0" sentencenodepath="3">El acto , de unas dos horas de duración según los organizadores , tiene como finalidad recoger fondos para la familia del intérprete fallecido el pasado 24_de_mayo , a los 53 años , a_causa_de <argset><specifier>una</specifier><head>complicación </head><reference_modifiers>posoperatoria</reference_modifiers></argset>. </example>
        <example file="CESS-CAST-P/134_19981101.tbf.xml" nodepath="14.2.5.1.1.0.0" sentencenodepath="14">Ø No es grave pero Ø le hacen un vendaje sobre la marcha para evitar <argset><head>complicaciones </head><reference_modifiers>futuras</reference_modifiers></argset>. </example>
        <example file="CESS-CAST-P/69_20000102.tbf.xml" nodepath="24.3.4.5.0.1.1.0.0" sentencenodepath="24">Adela_Rodríguez , jefa del servicio de Neonatología de Cabueñes , explicó ayer por la tarde que la evolución del bebé es buena , aunque , " como todos los niños prematuros , Ø tiene riesgo de <argset><head>complicaciones </head><reference_modifiers>como hemorragia cerebral o infecciones</reference_modifiers></argset>" . </example>
        <example file="CESS-CAST-P/80_20010302.tbf.xml" nodepath="6.0.1.1" sentencenodepath="6"><argset><specifier>La</specifier><reference_modifiers>mayor</reference_modifiers><head>complicación </head></argset>radica en que hay carreteras bautizadas con nombres diferentes , según el tramo . </example>
      </examples>
    </frame>
  </sense>
</lexentry>
