<?xml version="1.0" encoding="UTF-8" standalone="no"?>
<!-- 

  ancoralex-2.0.3
       
			Copyright (C) 2007,2008,2009,2010,2011 CLiC - UB
			Centre de Llenguatge i Computació - Universitat de Barcelona
 
  This file is part of ancoralex-2.0.3.
 
  ancoralex-2.0.3 is free software and data: you can redistribute it and/or modify
  it under the terms of the GNU General Public License as published
  by the Free Software Foundation, either version 3 of the License,
  or (at your option) any later version.

  ancoralex-2.0.3 is distributed in the hope that it will be useful,
  but WITHOUT ANY WARRANTY; without even the implied warranty of
  MERCHANTABILITY or FITNESS FOR A PARTICULAR PURPOSE.  See the
  GNU General Public License for more details.
 
  You should have received a copy of the GNU General Public License
  along with ancoralex-2.0.3.  If not, see &lt;http://www.gnu.org/licenses/&gt;.
 
  Check a text in catalan explaining the terms of the license at http://www.softcatala.cat/wiki/GPL3.
  In spanish at http://www.viti.es/gnu/licenses/gpl.html
  
  The following paper must be cited when using verb lexicon: 

 * Aparicio, Juan, Mariona Taulé, M.Antònia Martí (2008) 'AnCora-Verb: A Lexical Resource for 
   the Semantic Annotation of Corpora'. Proceedings of 6th International Conference on Language 
   Resources and Evaluation. Marrakesh (Morocco).

  The following paper must be cited when using noun lexicon: 

 * Peris, Aina, Mariona Taulé (2011). AnCora-Nom: A Spanish lexicon of deverbal nominalizations. 
   Procesamiento del Lenguaje Natural, nº46, pp. 11-18.
 
 

 

-->

<lexentry lemma="competición" lng="es" origin="deverbal" type="noun">
  <sense cousin="no" denotation="result" id="1" lexicalized="no" originlemma="competir" originlink="verb.competir.1" wordnetsynset="16:05542799">
    <frame appearsinplural="yes" type="default">
      <argument argument="arg0" thematicrole="agt">
        <constituent frequency="1" type="s.a"/>
        <constituent frequency="1" preposition="por" type="sp"/>
        <constituent frequency="1" preposition="de" type="sp"/>
      </argument>
      <argument argument="arg1" thematicrole="tem">
        <constituent frequency="1" preposition="de" type="sp"/>
        <constituent frequency="1" type="s.a"/>
        <constituent frequency="1" preposition="con" type="sp"/>
      </argument>
      <argument argument="arg2" thematicrole="loc">
        <constituent frequency="3" type="s.a"/>
      </argument>
      <argument argument="argM" thematicrole="loc">
        <constituent frequency="1" type="s.a"/>
        <constituent frequency="1" preposition="de" type="sp"/>
      </argument>
      <argument argument="argM" thematicrole="tmp">
        <constituent frequency="1" preposition="de" type="sp"/>
      </argument>
      <argument argument="argM" thematicrole="mnr">
        <constituent frequency="1" preposition="con" type="sp"/>
      </argument>
      <argument argument="argM" thematicrole="adv">
        <constituent frequency="1" preposition="de" type="sp"/>
      </argument>
      <specifiers>
        <constituent frequency="28" postype="article" type="determiner"/>
        <constituent frequency="14" type="void"/>
        <constituent frequency="9" postype="indefinite" type="determiner"/>
        <constituent frequency="4" postype="demonstrative" type="determiner"/>
        <constituent frequency="1" postype="numeral" type="determiner"/>
      </specifiers>
      <reference_modifiers>
        <constituent frequency="9" type="S"/>
        <constituent frequency="15" type="s.a"/>
        <constituent frequency="1" type="sn"/>
        <constituent frequency="2" preposition="de" type="sp"/>
      </reference_modifiers>
      <examples>
        <example file="3LB-CAST/d1-11.tbf.xml" nodepath="5.0.3.1.0" sentencenodepath="5">Mientras los equipos de_siempre ( salvo el Stefanel_de_Trieste , creación genial de Bogdan_Tanjevic , y algún candidato turco que todavía tiene mucho que demostrar ) dominan <argset><specifier>las</specifier><head>competiciones </head><argument argument="arg2" function="cn" thematicrole="loc" type="s.a">europeas</argument></argset>, en Estados_Unidos no_sólo caracolean los Seattle_SuperSonics a la cabeza de la NBA tres lustros después de su único título , sino_que la competición universitaria , extraordinariamente abierta este año , lleva semanas dominada ( en los ránking extraoficiales , Ø claro está ) , por un equipo muy poco habitual : el de la Universidad_de_Arkansas . </example>
        <example file="3LB-CAST/d1-11.tbf.xml" nodepath="5.2.3.0.1.0" sentencenodepath="5">Mientras los equipos de_siempre ( salvo el Stefanel_de_Trieste , creación genial de Bogdan_Tanjevic , y algún candidato turco que todavía tiene mucho que demostrar ) dominan las competiciones europeas , en Estados_Unidos no_sólo caracolean los Seattle_SuperSonics a la cabeza de la NBA tres lustros después de su único título , sino_que <argset><specifier>la</specifier><head>competición </head><argument argument="arg0" function="cn" thematicrole="agt" type="s.a">universitaria</argument><reference_modifiers>, extraordinariamente abierta este año ,</reference_modifiers></argset>lleva semanas dominada ( en los ránking extraoficiales , Ø claro está ) , por un equipo muy poco habitual : el de la Universidad_de_Arkansas . </example>
        <example file="3LB-CAST/d1-2.tbf.xml" nodepath="9.2.5.1.1.1.1.3.2.1.1.1.1.0.1" sentencenodepath="9">Y es que Ø ilustró bien , por defecto , las virtudes de los dos tipos de jugador - - el base inteligente y con - manija - y el jugador interior dominador - - que dominan en el baloncesto de <argset><reference_modifiers>media y alta</reference_modifiers><head>competición </head></argset>... salvo en la NBA : en ésta la colección de talentos es tan imponente que otro hombre ( un escolta que sabe pasar , defender y rebotear como Michael_Jordan , o un alero creativo como Larry_Bud o Bill_Bradley ) puede resultar decisivo . </example>
        <example file="CESS-CAST-A/10080_20000914.tbf.xml" nodepath="1.0.1.2.1.0" sentencenodepath="1">" Ø Ha hecho <argset><specifier>muy pocas</specifier><head>competiciones </head></argset>porque la IAAF tomó muy tarde la decisión de levantarle la suspensión , pero sus entrenamientos han sido buenos aunque sus últimas marcas no lo hayan sido y Ø está en condiciones de ganar aquí " , comentó De_la_Torre . </example>
        <example file="CESS-CAST-A/10080_20000914.tbf.xml" nodepath="2.4.1.0" sentencenodepath="2">Desde su rehabilitación , Sotomayor sólo ha ganado <argset><specifier>una</specifier><head>competición </head><reference_modifiers>: precisamente la de su regreso a las pistas , el 15_de_agosto en la localidad francesa de Montauban , donde se impuso con una marca de 2,28 metros a rivales de segundo orden</reference_modifiers></argset>. </example>
        <example file="CESS-CAST-A/11084_20001014.tbf.xml" nodepath="0.0.3.1.1.0" sentencenodepath="0">El tenista estadounidense Andre_Agassi se alejó de <argset><specifier>la</specifier><head>competición </head><reference_modifiers>activa</reference_modifiers></argset>, pero Ø sigue más involucrado que nunca en su campaña de recaudación de fondos para su organización benéfica de ayuda a los niños con la que Ø también quiere ser un auténtico campeón . </example>
        <example file="CESS-CAST-A/11084_20001014.tbf.xml" nodepath="11.2.4.1.1.1.1.1.1.0" sentencenodepath="11">El duro golpe recibido con el descubrimiento que su madre y hermana mayor sufrían de cáncer de mama , afectó a su rendimiento deportivo , incluida la ausencia de los Juegos_Olímpicos de Sydney , donde Ø esperaba defender la medalla de oro conseguida en Atlanta'96, pero en_absoluto Ø le han quitado la ilusión de seguir en <argset><specifier>la</specifier><head>competición </head><reference_modifiers>activa</reference_modifiers></argset>. </example>
        <example file="CESS-CAST-A/12221_20000215.tbf.xml" nodepath="1.5.1.1.1.1.1.0" sentencenodepath="1">El conjunto leonés , caso de superar en la primera ronda al equipo levantino que recientemente le derrotó en su terreno por 28-29 en un encuentro que remontó el equipo de Sala en los últimos cinco minutos , se enfrentaría por quinta vez consecutiva en las semifinales de <argset><specifier>esta</specifier><head>competición </head></argset>ante el equipo azulgrana , que siempre ha sido su verdugo en la Copa_del_Rey . </example>
        <example file="CESS-CAST-A/12221_20000215.tbf.xml" nodepath="2.3.2.3.1.1.0" sentencenodepath="2">Sobre el emparejamiento en cuartos_de_final ante el Airtel_Valencia , el técnico del Ademar , Manolo_Cadenas , considera que " Ø es un equipo novato en <argset><specifier>esta</specifier><head>competición </head></argset>, pero Ø cuenta con la ventaja de la ilusión que supone el haber logrado uno de los objetivos de la temporada " , dijo Ø . </example>
        <example file="CESS-CAST-A/13774_20000718.tbf.xml" nodepath="0.2.1.1.0" sentencenodepath="0">Las derrotas de Fernando_Vicente y Jacobo_Díaz en los partidos de primera ronda del torneo de Stuttgart disputados hoy , sumadas a la eliminación de Francisco_Clavet en la jornada anterior , han dejado a <argset><specifier>la</specifier><head>competición </head></argset>sin representantes españoles . </example>
        <example file="CESS-CAST-A/13853_20000918.tbf.xml" nodepath="1.7.1.0.0" sentencenodepath="1">Al Dépor nunca se le han dado bien los equipos alemanes en <argset><head>competición </head><argument argument="argM" function="cn" thematicrole="loc" type="s.a">europea</argument></argset>porque Ø ya fue eliminado por el Eintracht - en el que militaba el delantero del Hamburgo , Yeboah - y por el Borussia en la UEFA , aunque Irureta está centrado en el partido de mañana y Ø asegura que esto es lo que importa ahora . </example>
        <example file="CESS-CAST-A/13959_20000217.tbf.xml" nodepath="3.0.2.5.5.3.1.1.1.2.4.0.0" sentencenodepath="3">El jugador paraguayo cree que el hecho de que las semifinales no se disputen hasta el mes_de_abril va a venir muy bien a su equipo , " porque Ø ahora estamos jugando muchos partidos seguidos y así Ø llegaremos más descansados que nuestros posibles rivales , que por esas fechas estarán jugando <argset><head>competiciones </head><reference_modifiers>europeas</reference_modifiers></argset>" , indicó Ø . </example>
        <example file="CESS-CAST-A/13959_20000217.tbf.xml" nodepath="7.2.3.1.4.0.2.1.1.1.0" sentencenodepath="7">" Ellos tienen unas plantillas más amplias y con más calidad que la_nuestra " , advirtió Arteaga , mientras_que su compañero Mauricio_Pochettino , quien también prefiere al Barcelona en la final , coincidió con el centrocampista gaditano en que estos equipos " tienen plantillas extensísimas para afrontar <argset><specifier>todas las</specifier><head>competiciones </head></argset>" . </example>
        <example file="CESS-CAST-A/1538_20001103.tbf.xml" nodepath="5.0.0.1.5.1.1.3.1.1.2.1.0" sentencenodepath="5">Comentario : El campeón colombiano Atlético_Nacional sacó hoy un valioso empate sin goles , frente_a Millonarios , en el partido de ida de la final de la Copa_Merconorte de fútbol <argset>, <head>competición </head>
            <reference_modifiers>que se disputa entre clubes de Perú , Ecuador , Colombia , Venezuela , Bolivia , México y Costa_Rica</reference_modifiers>
          </argset>. </example>
        <example file="CESS-CAST-A/15595_20000920.tbf.xml" nodepath="20.0.5.5.1.1.1" sentencenodepath="20">La estadounidense , que comenzó como una brillante jugadora de baloncesto , vio cortada su racha en 1998 cuando , tras 38 pruebas invicta , Ø cayó en <argset><specifier>la</specifier><reference_modifiers>última</reference_modifiers><head>competición </head><argument argument="argM" function="cn" thematicrole="tmp" type="sp">del año</argument></argset>ante la alemana Heike_Drechsler ; y la italiana perdió el oro en Sevilla'99 por un polémico salto de Montalvo , que incluso provocó la reclamación de la delegación de su país . </example>
        <example file="CESS-CAST-A/16182_20001121.tbf.xml" nodepath="4.2.1.1.1.1.1.0.0.3.1.0.2.5.1.1.1.1.2.1.1.0" sentencenodepath="4">El fracaso en la Liga_de_Campeones y las penurias por las que atraviesa el Barcelona en la Liga , algo que ha provocado cierto desencanto en la masa barcelonista y crispación en sectores minoritarios , está teniendo un calado muy diferente al que se produjo en anteriores temporadas , en las que el anterior técnico , Louis_van_Gaal , igual_que el ex presidente José_Luis_Núñez , fueron el centro de las críticas , después de los altibajos del equipo en <argset><specifier>ambas</specifier><head>competiciones </head></argset>. </example>
        <example file="CESS-CAST-A/17231_20001122.tbf.xml" nodepath="6.2.3.4.1.1.1.1.3.1.0.1.1.0.1" sentencenodepath="6">Jirasek aseguró que Zatopek era una persona excepcionalmente inteligente , un gran observador de la naturaleza y un pionero de los métodos más modernos de entrenamiento para deportistas de <argset><reference_modifiers>alta</reference_modifiers><head>competición </head></argset>: " todo lo que Ø emprendía Ø hacía con gran entusiasmo y poniendo toda la carne en el asador " . </example>
        <example file="CESS-CAST-A/17472_20001022.tbf.xml" nodepath="0.2.1.2.1.1.2.5.1.1.1.1.1.1.0" sentencenodepath="0">Los Juegos_Paralímpicos_de_Sydney han levantado un gran interés entre los ciudadanos de la ciudad australiana que día tras día acuden masivamente al Parque_Olímpico para comprobar el desarrollo de <argset><specifier>las</specifier><head>competiciones </head></argset>en los distintos escenarios . </example>
        <example file="CESS-CAST-A/17472_20001022.tbf.xml" nodepath="2.2.1.1.1.1.1.1.0.0" sentencenodepath="2">Las gradas de la piscina olímpica han estado prácticamente llenas en las tres jornadas de <argset><head>competición </head></argset>de las pruebas de natación . </example>
        <example file="CESS-CAST-A/17472_20001022.tbf.xml" nodepath="4.2.0.1.1.1.2.1.2.1.0.1.1.1.0" sentencenodepath="4">La selección de Australia es una de las principales favoritas para estar en el podio en una de <argset><specifier>las</specifier><head>competiciones </head><reference_modifiers>más espectaculares</reference_modifiers><reference_modifiers>del programa paralímpico</reference_modifiers></argset>. </example>
        <example file="CESS-CAST-A/18465_20001023.tbf.xml" nodepath="0.2.1.3.1.1.1.1.1.0" sentencenodepath="0">Las quince medallas conseguidas por el equipo español en la quinta jornada de los Juegos_de_Sydney han certificado la actuación más completa en los Paralímpicos desde el comienzo de <argset><specifier>la</specifier><head>competición </head><reference_modifiers>, que mantienen a los deportistas hispanos en la cúspide del medallero con cuarenta_y_cinco premios , sólo superados por el descollante papel del equipo anfitrión , Australia</reference_modifiers></argset>. </example>
        <example file="CESS-CAST-A/18465_20001023.tbf.xml" nodepath="2.0.1.1.1.1.1.2.1.0.0" sentencenodepath="2">Los ocho metales cosechados en el quinto día de <argset><head>competición </head></argset>consolidan a los nadadores españoles como los auténticos amos de una de las dos competiciones más carismáticas de la piscina olímpica . </example>
        <example file="CESS-CAST-A/18465_20001023.tbf.xml" nodepath="2.3.1.1.2.1.1.0.1.1.0" sentencenodepath="2">Los ocho metales cosechados en el quinto día de competición consolidan a los nadadores españoles como los auténticos amos de una de <argset><specifier>las dos</specifier><head>competiciones </head><reference_modifiers>más carismáticas</reference_modifiers><argument argument="argM" function="cn" thematicrole="loc" type="sp">de la piscina olímpica</argument></argset>. </example>
        <example file="CESS-CAST-AA/20121_20000427.tbf.xml" nodepath="2.3.1.2.1.1.1.0.0" sentencenodepath="2">Eso sí , Ø dijo que si esta tarde el comité de <argset><head>competición </head></argset>opta por dar por perdida la eliminatoria de Copa_del_Rey al FC_Barcelona , Ø agotará todas las vías judiciales deportivas e incluso el club azulgrana podría denunciar al Atlético_de_Madrid por alineación indebida de Jimmy_Hasselbaink , si éste se alinea el Sábado en la Liga y el Barcelona perdiera el envite . </example>
        <example file="CESS-CAST-AA/20121_20000427.tbf.xml" nodepath="9.3.3.3.2.1.1.1.1.0.1.3.1.0.1.1.0.0" sentencenodepath="9">El vicepresidente barcelonista explicó también que había existido un favoritismo hacia el Real_Madrid , primero permitiendo que el Madrid pasase la primera eliminatoria de la Copa_del_Rey sin jugar , y luego por_ejemplo con la disparidad de criterios que llevaron por_ejemplo al comité de <argset><head>competición </head></argset>a sancionar a Kluivert de forma diferente a la que ha sido castigado Hasselbaink . </example>
        <example file="CESS-CAST-AA/22039_20000926.tbf.xml" nodepath="0.4.3.1.1.0" sentencenodepath="0">Isabel_Fernández , medalla de oro en los Juegos_Olímpicos de Sydney en Judo en la categoría de menos de 57 kilos , ha asegurado hoy a su llegada a Alicante que Ø continuará en <argset><specifier>la</specifier><head>competición </head><reference_modifiers>de máximo nivel</reference_modifiers></argset>" mientras Ø tenga motivación " . </example>
        <example file="CESS-CAST-AA/22459_20000927.tbf.xml" nodepath="0.0.0.1.5.1.1.0" sentencenodepath="0">Alex_Corretja , que hoy ganó la medalla de bronce en <argset><specifier>la</specifier><head>competición </head><argument argument="arg1" function="cn" thematicrole="tem" type="sp">de dobles</argument><argument argument="argM" function="cn" thematicrole="mnr" type="sp">con Albert_Costa como pareja</argument></argset>, afirmó que lo que ambos han conseguido en los Juegos_Olímpicos de Sydney " es mucho más que difícil " . </example>
        <example file="CESS-CAST-AA/2246_20000303.tbf.xml" nodepath="6.2.2.0.1.1.0.0" sentencenodepath="6">El Rally_El_Corte_Inglés acogerá una primera jornada - día_13 - de verificaciones administrativas y técnicas , y dos de <argset><head>competición </head></argset>. </example>
        <example file="CESS-CAST-AA/23199_20000927.tbf.xml" nodepath="4.0.1.3.0.1.1.0" sentencenodepath="4">" Ellos están haciéndolo bien en <argset><specifier>la</specifier><head>competición </head><argument argument="arg1" function="cn" thematicrole="tem" type="s.a">europea</argument></argset>y en la Liga , pero nosotros debemos tener confianza porque Ø estamos mejorando " , agregó Ø . </example>
        <example file="CESS-CAST-AA/25491_20000331.tbf.xml" nodepath="0.6.1.1.1.1.2.1.1.0" sentencenodepath="0">El Caprabo_Igualada , actual campeón de la Liga_Europea de hockey sobre patines , se jugará mañana en la pista del Benfica_de_Lisboa , en partido de la sexta y última jornada de la liguilla de cuartos de final , su clasificación para la final a cuatro de <argset><specifier>la</specifier><head>competición </head></argset>. </example>
        <example file="CESS-CAST-AA/26133_20000930.tbf.xml" nodepath="7.0.2.1.3.1.1.1.1" sentencenodepath="7">Los observadores consideran que si la oposición acabara por aceptar <argset><specifier>una</specifier><reference_modifiers>nueva</reference_modifiers><head>competición </head></argset>, la derrota de Milosevic sería aún más contundente , y los Gobiernos occidentales recomiendan al DOS que Ø no descarte esa posibilidad . </example>
        <example file="CESS-CAST-AA/3047_20000106.tbf.xml" nodepath="1.0.0.1.1.1.1.0" sentencenodepath="1">El otro finalista de <argset><specifier>esta</specifier><head>competición </head><reference_modifiers>mixta</reference_modifiers><argument argument="arg0" function="cn" thematicrole="agt" type="sp">por equipos</argument></argset>no se conocerá hasta el viernes , pero el equipo de Tailandia tiene muchas opciones de disputar el título a los surafricanos tras vencer hoy a Eslovaquia por 3-0 . </example>
        <example file="CESS-CAST-AA/3286_20000505.tbf.xml" nodepath="13.5.1.1.1.1.1.1" sentencenodepath="13">Con la Copa_de_la_UEFA prácticamente asegurada , dado_que el único equipo que todavía puede poner en peligro a los albiazules , el Mallorca , tendría que sumar los nueve puntos en juego que restan y esperar a que el Alavés no sume ninguno , José_Manuel_Esnal " Mané " dotará a su equipo de una mayor ambición ofensiva para aspirar a jugar <argset><specifier>la</specifier><reference_modifiers>máxima</reference_modifiers><head>competición </head><argument argument="arg2" function="cn" thematicrole="loc" type="s.a">continental</argument></argset>. </example>
        <example file="CESS-CAST-AA/5021_20000206.tbf.xml" nodepath="1.3.1.1.1.1.1.3.4.3.1.2.1.1.1.1.1.0" sentencenodepath="1">Ronaldinho_Gaúcho anotó nueve goles en los siete partidos de la selección sub`23 de Brasil , que con su victoriosa campaña facturó no_sólo el boleto para los Juegos_Olímpicos de Sydney , sino el séptimo título en la historia de <argset><specifier>la</specifier><head>competición </head><reference_modifiers>, que se remonta a 1960</reference_modifiers></argset>. </example>
        <example file="CESS-CAST-AA/5021_20000206.tbf.xml" nodepath="11.2.3.1.1.2.1.1.0" sentencenodepath="11">Los anfitriones le arrebataron el trofeo a los brasileños , en una final llena de goles ( 4-3 ) , pero como gran consuelo Ronaldinho fue proclamado como el mejor jugador de <argset><specifier>la</specifier><head>competición </head></argset>. </example>
        <example file="CESS-CAST-AA/5192_20000207.tbf.xml" nodepath="0.3.1.1.1.1.0" sentencenodepath="0">El FC_Barcelona , tras perder el pasado sábado en Zaragoza su condición de invicto esta temporada en la Liga_ASOBAL ( 25-23 ) y de esa manera romper una racha de 40 encuentros sin perder , retomará mañana el pulso a <argset><specifier>la</specifier><head>competición </head></argset>( 20,00_horas ) ante el Airtel_Chapela , un partido que le servirá de preparación con_vistas_a la disputa de la Copa_ASOBAL , que se disputará el próximo fin_de_semana en Pamplona . </example>
        <example file="CESS-CAST-AA/5192_20000207.tbf.xml" nodepath="2.2.1.3.1.1.1.1.0.1.4.1.0" sentencenodepath="2">La intención del entrenador azulgrana es que su equipo recupere cuanto_antes la forma mostrada a_mediados_de diciembre , cuando se paró <argset><specifier>la</specifier><head>competición </head></argset>a_causa_de la disputa del Europeo_de_Naciones , y Ø vuelva encadenar una racha de victorias como la que concluyó el pasado sábado . </example>
        <example file="CESS-CAST-AA/5244_20000908.tbf.xml" nodepath="0.2.1.2.1.6.0.1.3.1.1.2.1.1.0" sentencenodepath="0">Los Juegos_Olímpicos de Sydney serán un negocio redondo para los organizadores , las empresas de taxis , los dueños de los restaurantes y otros que se beneficiarán de la visita de ocho millones de turistas durante <argset><specifier>las</specifier><head>competiciones </head></argset>. </example>
        <example file="CESS-CAST-AA/5315_20000207.tbf.xml" nodepath="5.0.1.1.1.1.1.0" sentencenodepath="5">" Mi regreso a <argset><specifier>la</specifier><head>competición </head></argset>podría producirse alrededor del mes_de_mayo , cuando se organicen unas exhibiciones en las calles de algunas ciudades españolas , en las que está inicialmente previsto que también participen ( el cubano ) Iván_Pedroso - campeón mundial en pista y al aire libre - y ( la española de origen cubano ) Niurka_Montalvo - campeona del mundo en Sevilla`99 - " , comentó a Efe el atleta avilesino . </example>
        <example file="CESS-CAST-AA/6304_20000909.tbf.xml" nodepath="0.3.5.1.1.2.2.0.0.1.1.1.0" sentencenodepath="0">El cubano Javier_Sotomayor , plusmarquista mundial de salto de altura , afirmó a Efe que Ø " de_seguro " irá a por la medalla de oro en los Juegos_Olímpicos de Sydney , su tercera y última de <argset><specifier>estas</specifier><head>competiciones </head><reference_modifiers>en las que intervendrá</reference_modifiers></argset>. </example>
        <example file="CESS-CAST-AA/7642_20000309.tbf.xml" nodepath="4.0.3.3.2.1.1.1.1.0.0" sentencenodepath="4">" Ø Espero volver , ya_que está sancionado Mauricio y no hay muchos más centrales donde elegir . Ø Me encuentro perfectamente y con el ritmo de <argset><head>competición </head></argset>necesario , ya_que Ø jugué cuarenta_y_cinco minutos contra el Athletic_de_Bilbao y todo el partido con Suecia ante Italia " , señaló Ø . </example>
        <example file="CESS-CAST-AA/8656_20000813.tbf.xml" nodepath="1.3.7.3.1.1.1.2.0" sentencenodepath="1">Raquel_Carriedo está muy ilusionada con poder formar_parte del equipo de Europa , puesto_que en estos momentos Ø tiene asegurado al ser sexta , que Ø competirá en la Copa_Solheim <argset>, <specifier>una</specifier>
            <head>competición </head>
            <reference_modifiers>que se disputa cada dos años y en la que hasta el momento Estados_Unidos domina por 2-1</reference_modifiers>
          </argset>. </example>
        <example file="CESS-CAST-AA/8656_20000813.tbf.xml" nodepath="7.0.1.0" sentencenodepath="7"><argset><specifier>Otra</specifier><head>competición </head><reference_modifiers>en la que Raquel_Carriedo está especialmente ilusionada</reference_modifiers></argset>es en la Copa_del_Mundo que se disputa por parejas y en la que Ø participará junto_a la guipuzcoana Marina_Arruti en_representación_de España . </example>
        <example file="CESS-CAST-P/101_20020402.tbf.xml" nodepath="5.3.4.1.1.0.1.1.1.0" sentencenodepath="5">Los clubs españoles que han visitado el Apostolos_Nikolaidis no comprenden cómo la UEFA autoriza al equipo griego a disputar partidos de <argset><specifier>la</specifier><head>competición </head><argument argument="arg0" function="cn" thematicrole="agt" type="sp">de clubs</argument><argument argument="argM" function="cn" thematicrole="adv" type="sp">de más alto nivel</argument></argset>en un recinto tan viejo y , sobre_todo , con accesos e instalaciones tan anticuadas . </example>
        <example file="CESS-CAST-P/104_20000301.tbf.xml" nodepath="4.3.1.1.1.4.2.1.1.0" sentencenodepath="4">El gol de Pires ( m_._16 ) redimió al Olympique de los males que le perseguían hasta ayer , tanto en <argset><specifier>la</specifier><head>competición </head><reference_modifiers>francesa</reference_modifiers></argset>como en esta segunda fase de la Liga_de_Campeones . </example>
        <example file="CESS-CAST-P/117_19990202.tbf.xml" nodepath="7.0.1.1.0" sentencenodepath="7">En <argset><specifier>una</specifier><head>competición </head><reference_modifiers>que obliga a ganar tres partidos en cuatro días</reference_modifiers></argset>, estaba claro que saldría ganador el equipo con mayores recursos , físicos y tácticos . </example>
        <example file="CESS-CAST-P/121_19991202_a.tbf.xml" nodepath="18.3.2.0.1.1.1.1.1.1.0.0" sentencenodepath="18">" Este coche me gusta mucho " , dijo el francés antes de abandonar Barcelona y después de visitar el departamento de <argset><head>competición </head></argset>de Seat_Sport . </example>
        <example file="CESS-CAST-P/130_19991001.tbf.xml" nodepath="3.0.0.1.0" sentencenodepath="3"><argset><specifier>La</specifier><head>competición </head></argset>otorga tres plazas para los JJOO del 2000 y España necesita ganar un partido más para obtener el pasaporte olímpico . </example>
        <example file="CESS-CAST-P/130_20010201.tbf.xml" nodepath="4.3.4.1.0.1" sentencenodepath="4">Ø Los disfrazarán de progreso , de avance tecnológico , de <argset><reference_modifiers>alta</reference_modifiers><head>competición </head></argset>. </example>
        <example file="CESS-CAST-P/143_20010601.tbf.xml" nodepath="2.0.2.1.0.3.1.1.0" sentencenodepath="2">Los clubs hablan de " adulteración " de <argset><specifier>la</specifier><head>competición </head></argset>y Ø quieren pedir que se les den los puntos en algunos encuentros ya disputados . </example>
        <example file="CESS-CAST-P/143_20010601.tbf.xml" nodepath="4.0.1.2.3.1.0" sentencenodepath="4">" Las alineaciones indebidas deben denunciarse en 48 horas , si no , se puede hipotecar <argset><specifier>la</specifier><head>competición </head></argset>durante años . La actitud de estos clubs ahora es intolerable . Ø Intentan hacer ruido para pescar algo pero , al_margen_de las sanciones que el Comité_de_Competición impondrá por la falsedad de documentación , quien no haya ganado los partidos en el terreno de juego , no tiene nada que hacer " , remarcó ayer a EL_PERIODICO Gerardo_González , secretario general de la RFEF . </example>
        <example file="CESS-CAST-P/158_20010502.tbf.xml" nodepath="0.3.1.1.1.0" sentencenodepath="0">El Recreativo_de_Huelva , cuarto clasificado de Segunda_División , se plantea retirarse de <argset><specifier>la</specifier><head>competición </head></argset>por los numerosos errores arbitrales que , a_juicio_de sus rectores , Ø está sufriendo , razón por la que su presidente , José_España , elevará hoy esta propuesta al consejo de administración . </example>
        <example file="CESS-CAST-P/83_20011102.tbf.xml" nodepath="3.3.1.1" sentencenodepath="3">El_Moll_de_Marina , en el Puerto_Olímpico , acoge desde ayer <argset><specifier>una</specifier><reference_modifiers>peculiar</reference_modifiers><head>competición </head><reference_modifiers>abierta a todo el público</reference_modifiers></argset>. </example>
        <example file="CESS-CAST-P/83_20011102.tbf.xml" nodepath="19.4.1.0" sentencenodepath="19">El Sábado y el domingo por la mañana se celebrará , además , <argset><specifier>una</specifier><head>competición </head><argument argument="arg1" function="cn" thematicrole="tem" type="sp">con jugadores profesionales y famosos , como Johan_Cruyff</argument></argset>. </example>
        <example file="CESS-CAST-P/94_20000802.tbf.xml" nodepath="5.3.1.1.1.2.1.2.1.2.1.1.0" sentencenodepath="5">El presidente blanco les hizo ver la necesidad de alcanzar de una vez la regularidad necesaria para rendir al mismo nivel que en la Copa_de_Europa en <argset><specifier>las</specifier><head>competiciones </head><argument argument="arg2" function="cn" thematicrole="loc" type="s.a">españolas</argument></argset>. </example>
        <example file="CESS-CAST-P/99_20020301.tbf.xml" nodepath="10.3.0.1.2.1.0.0" sentencenodepath="10">El IMIM sólo controla muestras remitidas por el COI y de <argset><head>competiciones </head><reference_modifiers>extranjeras</reference_modifiers></argset>. </example>
      </examples>
    </frame>
  </sense>
  <sense cousin="no" denotation="event" id="2" lexicalized="no" originlemma="competir" originlink="verb.competir.1" wordnetsynset="16:05542799">
    <frame appearsinplural="no" type="default">
      <specifiers>
        <constituent frequency="1" postype="article" type="determiner"/>
      </specifiers>
      <examples>
        <example file="CESS-CAST-P/108_20000301_b.tbf.xml" nodepath="4.3.1.1.1.1.1.0" sentencenodepath="4">Los azulgranas se enfrentarán en las semifinales de <argset><specifier>la</specifier><head>competición </head></argset>al rival más duro que podía tocarles de los tres que quedaban en el bombo . </example>
      </examples>
    </frame>
  </sense>
</lexentry>
