<?xml version="1.0" encoding="UTF-8" standalone="no"?>
<!-- 

  ancoralex-2.0.3
       
			Copyright (C) 2007,2008,2009,2010,2011 CLiC - UB
			Centre de Llenguatge i Computació - Universitat de Barcelona
 
  This file is part of ancoralex-2.0.3.
 
  ancoralex-2.0.3 is free software and data: you can redistribute it and/or modify
  it under the terms of the GNU General Public License as published
  by the Free Software Foundation, either version 3 of the License,
  or (at your option) any later version.

  ancoralex-2.0.3 is distributed in the hope that it will be useful,
  but WITHOUT ANY WARRANTY; without even the implied warranty of
  MERCHANTABILITY or FITNESS FOR A PARTICULAR PURPOSE.  See the
  GNU General Public License for more details.
 
  You should have received a copy of the GNU General Public License
  along with ancoralex-2.0.3.  If not, see &lt;http://www.gnu.org/licenses/&gt;.
 
  Check a text in catalan explaining the terms of the license at http://www.softcatala.cat/wiki/GPL3.
  In spanish at http://www.viti.es/gnu/licenses/gpl.html
  
  The following paper must be cited when using verb lexicon: 

 * Aparicio, Juan, Mariona Taulé, M.Antònia Martí (2008) 'AnCora-Verb: A Lexical Resource for 
   the Semantic Annotation of Corpora'. Proceedings of 6th International Conference on Language 
   Resources and Evaluation. Marrakesh (Morocco).

  The following paper must be cited when using noun lexicon: 

 * Peris, Aina, Mariona Taulé (2011). AnCora-Nom: A Spanish lexicon of deverbal nominalizations. 
   Procesamiento del Lenguaje Natural, nº46, pp. 11-18.
 
 

 

-->

<lexentry lemma="comunicado" lng="es" origin="deverbal" type="noun">
  <sense cousin="no" denotation="result" id="1" lexicalized="no" originlemma="comunicar" originlink="verb.comunicar.1" wordnetsynset="16:05009963">
    <frame appearsinplural="yes" type="default">
      <argument argument="arg0" thematicrole="agt">
        <constituent frequency="13" preposition="de" type="sp"/>
        <constituent frequency="5" postype="possessive" type="determiner"/>
        <constituent frequency="1" type="s.a"/>
      </argument>
      <argument argument="arg1" thematicrole="pat">
        <constituent frequency="1" preposition="sobre" type="sp"/>
      </argument>
      <argument argument="argM" thematicrole="loc">
        <constituent frequency="1" preposition="en" type="sp"/>
      </argument>
      <specifiers>
        <constituent frequency="41" postype="indefinite" type="determiner"/>
        <constituent frequency="22" postype="article" type="determiner"/>
        <constituent frequency="2" type="void"/>
        <constituent frequency="5" postype="possessive" type="determiner"/>
      </specifiers>
      <reference_modifiers>
        <constituent frequency="16" type="s.a"/>
        <constituent frequency="22" type="S"/>
      </reference_modifiers>
      <examples>
        <example file="3LB-CAST/104_c-1.tbf.xml" nodepath="0.3.1.0" sentencenodepath="0">Las reservas de oro y divisas de Rusia subieron 800 millones de dólares y el 26_de_mayo Ø equivalían a 19.100 millones de dólares , informó hoy <argset><specifier>un</specifier><head>comunicado </head><argument argument="arg0" function="cn" thematicrole="agt" type="sp">del Banco_Central</argument></argset>. </example>
        <example file="3LB-CAST/104_C-5.tbf.xml" nodepath="19.0.1.1.0" sentencenodepath="19">A_través_de <argset><specifier>un</specifier><head>comunicado </head><argument argument="arg0" function="cn" thematicrole="agt" type="sp">de prensa</argument></argset>, el presidente de Alcan , Jacques_Bougie , señaló que " Ø estoy seguro que esta fusión proporcionará un significante valor a los accionistas y Ø espero fusionar las operaciones de Algroup y Alcan en una nueva industria líder a nivel global en el sector del aluminio y el embalado " . </example>
        <example file="3LB-CAST/204_c-3.tbf.xml" nodepath="10.1.2.1.0" sentencenodepath="10">El grupo resultante de la compra de la empresa cárnica Navidul por Campofrío facturará 250.000 millones de pesetas y Ø logrará un cash-flow de 20.000 millones , según <argset><specifier>un</specifier><head>comunicado </head><reference_modifiers>conjunto</reference_modifiers><argument argument="arg0" function="cn" thematicrole="agt" type="sp">de ambas compañías</argument></argset>. </example>
        <example file="3LB-CAST/204_c-3.tbf.xml" nodepath="13.0.2.0.2.1.0" sentencenodepath="13">" El objetivo de esta integración - dice <argset><specifier>el</specifier><head>comunicado </head></argset>- es lograr una dimensión europea y crear un nuevo grupo más competitivo " y Ø agrega que Pedro_Ballvé , actual presidente de Campofrío , y Luis_Serrano , presidente de Navidul , ocuparán de forma conjunta y durante tres años la presidencia del nuevo grupo . </example>
        <example file="3LB-CAST/211_C-5.tbf.xml" nodepath="7.3.2.1.0" sentencenodepath="7">La visita oficial , en la primera gira del nuevo presidente de Rusia al extranjero , tendrá_lugar los próximos días 13 y 14 , de_acuerdo_con <argset><specifier>el</specifier><head>comunicado </head><reference_modifiers>oficial</reference_modifiers></argset>. </example>
        <example file="3LB-CAST/211_C-5.tbf.xml" nodepath="9.2.2.1.0" sentencenodepath="9">Las reuniones del Presidente ruso con sus interlocutores en España ayudarán , según <argset><specifier>el</specifier><head>comunicado </head></argset>, " al establecimiento de un orden multipolar , y a la estabilidad y prosperidad de Europa " . </example>
        <example file="3LB-CAST/211_C-5.tbf.xml" nodepath="11.2.1.0" sentencenodepath="11">" El encuentro ruso-español a alto nivel servirá para el posterior fortalecimiento de las tradicionales relaciones entre las partes , Ø impulsará de modo práctico la cooperación en diferentes campos y Ø fortalecerá la interrelación de cuestiones actuales europeas e internacionales " , añade <argset><specifier>el</specifier><head>comunicado </head></argset>. </example>
        <example file="CESS-CAST-A/10226_20000714.tbf.xml" nodepath="2.7.1.1.0" sentencenodepath="2">" El 12_de_julio_de_2000 , varios barcos pesqueros con registro argentino , que se encontraban en la zona económica exclusiva argentina , fueron sobrevolados por aeronaves británicas con asiento en las islas Malvinas " , según <argset><specifier>el</specifier><head>comunicado </head><reference_modifiers>difundido por la Dirección_de_Prensa_de_la_Cancillería</reference_modifiers></argset>. </example>
        <example file="CESS-CAST-A/10226_20000714.tbf.xml" nodepath="4.3.1.0" sentencenodepath="4">Por su parte , la embajada británica en Buenos_Aires emitió <argset><specifier>otro</specifier><head>comunicado </head><reference_modifiers>en el que reconoció que los cinco buques de bandera argentina " se encontraban pescando en su propia zona económica exclusiva y fuera_del límite de la Zona_Externa_de_Conservación " en_torno_al archipiélago</reference_modifiers></argset>. </example>
        <example file="CESS-CAST-A/10568_20001013.tbf.xml" nodepath="0.4.1.1.0" sentencenodepath="0">Los gobiernos de Panamá y Venezuela firmarán un acuerdo de cooperación energético , el próximo 19_de_octubre en Caracas , que le permitirá al país centroamericano tener facilidades en la compra de petróleo , informó hoy el Ministro_de_Comercio_e_Industrias panameño , Joaquín_Jácome , en <argset><specifier>un</specifier><head>comunicado </head></argset>. </example>
        <example file="CESS-CAST-A/10591_20001013.tbf.xml" nodepath="6.0.1.1.0" sentencenodepath="6">En <argset><argument argument="arg0" thematicrole="agt" type="spec">su</argument><head>comunicado </head><reference_modifiers>final</reference_modifiers></argset>Ø también reiteraron su compromiso para que se tomen las medidas adecuadas para asegurar la participación plena en los trabajos para alcanzar las metas ya establecidas en reuniones previas . </example>
        <example file="CESS-CAST-A/11177_20000817.tbf.xml" nodepath="1.3.1.1.0" sentencenodepath="1">Esta ayuda , que será gestionada por la Oficina_de_Ayuda_Humanitaria_de_la_Unión_Europea ( ECHO ) , " permitirá a la Cruz_Roja y las Organizaciones no Gubernamentales ( ONG ) poner_en_marcha , durante los próximos seis meses , programas de asistencia destinados a más de 200.000 desplazados y refugiados " , precisó la Comisión en <argset><specifier>un</specifier><head>comunicado </head></argset>. </example>
        <example file="CESS-CAST-A/11177_20000817.tbf.xml" nodepath="2.3.2.1.0" sentencenodepath="2">El montante global de la ayuda financiera otorgada por el Ejecutivo comunitario desde 1999 a esta región asciende a 24.5 millones de euros , según <argset><specifier>el</specifier><head>comunicado </head></argset>. </example>
        <example file="CESS-CAST-A/11317_20000817.tbf.xml" nodepath="4.0.1.1.0" sentencenodepath="4">Según <argset><specifier>el</specifier><head>comunicado </head></argset>, los socios de CGO " han celebrado un contrato de compraventa de acciones con ACESA " , " a_través_del cual , quedará fijado el precio unitario final por acción " . </example>
        <example file="CESS-CAST-A/12812_20001116.tbf.xml" nodepath="3.0.1.1.0" sentencenodepath="3">En <argset><specifier>un</specifier><head>comunicado </head></argset>, la organización humanitaria explicó que Estados_Unidos destina 1,7 millones de dólares en ayudas a desactivar ese tipo de bombas en Vietnam . </example>
        <example file="CESS-CAST-A/12873_20000819.tbf.xml" nodepath="1.2.1.1.0" sentencenodepath="1">La ACP indicó en <argset><specifier>un</specifier><head>comunicado </head></argset>que los remolcadores Chame_II y Gamboa transportaban la barcaza perforadora Thor hacia el área de Corozal_Oeste , donde se realizan trabajos de dragado , cuando , al parecer , el primero de estos " tomó agua y Ø se volteó " . </example>
        <example file="CESS-CAST-A/13252_20000216.tbf.xml" nodepath="1.4.0.1.1.5.1.0" sentencenodepath="1">Durante un acto electoral con empresarios , en el que también han participado Joaquín_Almunia y Narcís_Serra , Maragall ha rectificado su acusación después de que Telefónica hiciera ayer público <argset><specifier>un</specifier><head>comunicado </head><reference_modifiers>en el que asegura que su vicepresidente , Isidre_Fainé , que también es consejero en_representación_de La_Caixa , no tiene " Stock_Options "</reference_modifiers></argset>. </example>
        <example file="CESS-CAST-A/14498_20000121.tbf.xml" nodepath="0.4.2.1.0" sentencenodepath="0">La Organización_de_las_Naciones_Unidas_para_la_Agricultura_y_la_Alimentación ( FAO ) insta a los institutos de investigación a profundizar en el estudio del almidón como una forma de ayudar a los países en desarrollo , según <argset><specifier>un</specifier><head>comunicado </head><argument argument="arg0" function="cn" thematicrole="agt" type="sp">de su sede central en Roma</argument></argset>. </example>
        <example file="CESS-CAST-A/15630_20001120.tbf.xml" nodepath="10.0.0.0.1.1.1.1" sentencenodepath="10">Preguntado por <argset><specifier>el</specifier><reference_modifiers>reciente</reference_modifiers><head>comunicado </head><argument argument="arg0" function="cn" thematicrole="agt" type="sp">de ETA</argument><reference_modifiers>en el que asume los diecisiete atentados cometidos desde el pasado 31_de_julio</reference_modifiers></argset>, Aznar manifestó que él no va a comentar ningún comunicado de la banda terrorista porque Ø dijo que " ya se sabe lo que Ø hace , cómo Ø suele justificar esas cosas y la falta de respeto que Ø tiene a todo " . </example>
        <example file="CESS-CAST-A/15630_20001120.tbf.xml" nodepath="10.2.4.1.0" sentencenodepath="10">Preguntado por el reciente comunicado de ETA en el que Ø asume los diecisiete atentados cometidos desde el pasado 31_de_julio , Aznar manifestó que él no va a comentar <argset><specifier>ningún</specifier><head>comunicado </head><argument argument="arg0" function="cn" thematicrole="agt" type="sp">de la banda terrorista</argument></argset>porque Ø dijo que " ya se sabe lo que Ø hace , cómo Ø suele justificar esas cosas y la falta de respeto que Ø tiene a todo " . </example>
        <example file="CESS-CAST-A/17249_20001021.tbf.xml" nodepath="0.3.4.2.1.0" sentencenodepath="0">En una operación conjunta con la Policía_Técnica_Judicial ( PTJ ) , el Viceministerio constató que un lienzo del siglo_XVIII , " Jesús_Encarnecido_y_Azotado " , que el Instituto_Nacional_de_Cultura_de_Perú denunció en su página web como robado en septiembre_de_1999 del templo Ollaytambo_del_Cuzco , permanece en un apartamento registrado a_nombre_de Díaz en La_Paz , según <argset><specifier>un</specifier><head>comunicado </head><reference_modifiers>enviado hoy a EFE</reference_modifiers></argset>. </example>
        <example file="CESS-CAST-A/17249_20001021.tbf.xml" nodepath="5.2.1.0" sentencenodepath="5">En un registro policial de la PTJ el 21_de_septiembre en el apartamento del edificio Columbia de La_Paz , que no figuraba como residencia de un diplomático , se encontraron cerca de cien obras coloniales y se decomisaron ocho lienzos , afirma <argset><specifier>el</specifier><head>comunicado </head></argset>. </example>
        <example file="CESS-CAST-A/17384_20000221.tbf.xml" nodepath="2.2.1.1.0" sentencenodepath="2">Lomeli agregó en <argset><specifier>un</specifier><head>comunicado </head></argset>que el 95_por_ciento de los hogares mexicanos consumen alimentos concentrados para preparar sopas y caldos , producidos por unas 50 compañías tanto del país como extranjeras . </example>
        <example file="CESS-CAST-A/19111_20000923.tbf.xml" nodepath="1.3.1.1.0" sentencenodepath="1">" Ø Presento mi dimisión , porque como político Ø he perdido todo el prestigio que Ø tenía y Ø pido perdón a todos aquellos a los que Ø ofendí con mi irresponsable e irrespetuoso comportamiento " , dijo el ministro Siwiec en <argset><specifier>un</specifier><head>comunicado </head><reference_modifiers>entregado a los medios</reference_modifiers></argset>. </example>
        <example file="CESS-CAST-AA/20018_20000127.tbf.xml" nodepath="2.0.1.1.0" sentencenodepath="2">En <argset><specifier>un</specifier><head>comunicado </head></argset>, el consorcio eléctrico precisó que el pacto entre Endesa_España y Aguas_Barcelona , que fue suscrito en 1994 y que dio origen a la constitución de la sociedad Interagua , " no supone acuerdo de actuación conjunta entre la Empresa_Metropolitana_de_Obras_Sanitarias ( EMOS ) y Enersis " . </example>
        <example file="CESS-CAST-AA/20018_20000127.tbf.xml" nodepath="12.0.2.1.1.0" sentencenodepath="12">Enersis recalcó en <argset><argument argument="arg0" thematicrole="agt" type="spec">su</argument><head>comunicado </head></argset>que Ø ha proporcionado a la comisión resolutiva toda la información que ese tribunal ha requerido y Ø manifiesta su disposición a seguir colaborando en los trabajos de dicha comisión . </example>
        <example file="CESS-CAST-AA/20120_20000525.tbf.xml" nodepath="3.3.1.1.0" sentencenodepath="3">En esa ocasión , la autoridad monetaria europea admitió en <argset><specifier>un</specifier><head>comunicado </head></argset>su " preocupación " por los riesgos al alza para la estabilidad de los precios " derivados del fuerte crecimiento de los agregados monetarios y crediticios , así_como del tipo de cambio del euro " . </example>
        <example file="CESS-CAST-AA/21758_20000627.tbf.xml" nodepath="1.0.1.1.0" sentencenodepath="1">En <argset><specifier>un</specifier><head>comunicado </head></argset>, la Organización_para_la_Cooperación_y_el_Desarrollo_Económico ( OCDE ) anunció que " la premisa básica de las directrices es que los principios acordados internacionalmente pueden ayudar a prevenir conflictos y a construir una atmósfera de confianza entre las compañías multinacionales y las sociedades en las que Ø operan " . </example>
        <example file="CESS-CAST-AA/23278_20001129.tbf.xml" nodepath="0.4.4.1.1.0" sentencenodepath="0">El presidente de la Asociación_Española_de_Titulados_Náutico_Pesqueros - Aetinape - , José_Manuel_Muñiz , ha pedido a la Unión_Europea que se comiencen a recuperar caladeros propios en aguas de la UE como alternativa a las dificultades para pescar en países como Marruecos , según indica Ø en <argset><specifier>un</specifier><head>comunicado </head></argset>. </example>
        <example file="CESS-CAST-AA/23700_20000229.tbf.xml" nodepath="4.1.4.1.1.0" sentencenodepath="4">El grupo de parlamentarios , según informó la Cancillería en <argset><specifier>un</specifier><head>comunicado </head></argset>, acopiará información para instrumentar la forma de ayuda requerida para la reconstrucción de las zonas más afectadas por el fenómeno natural . </example>
        <example file="CESS-CAST-AA/24215_20001030.tbf.xml" nodepath="8.3.1.1.0" sentencenodepath="8">" Los resultados ( ... ) se pueden interpretar como un voto sanción` para el Gobierno por carecer de una política de Estado para la solución de los problemas , para llevar adelante de manera exitosa el proceso de paz y la recuperación de la economía " , afirmó la Dirección_Nacional_Liberal ( DNL ) en <argset><specifier>un</specifier><head>comunicado </head><reference_modifiers>que hizo público el domingo por la noche en Bogotá</reference_modifiers></argset>. </example>
        <example file="CESS-CAST-AA/24844_20000929.tbf.xml" nodepath="9.4.1.0.1.1.1.1.0" sentencenodepath="9">Los ministros no se separaron del guión marcado por <argset><specifier>el</specifier><head>comunicado </head><reference_modifiers>que emitió ayer por la noche el Eurogrupo nada_más conocer los resultados , que " lamenta " la decisión del pueblo danés aunque precisa que " no cierra definitivamente la puerta a una adhesión posterior "</reference_modifiers></argset>. </example>
        <example file="CESS-CAST-AA/24844_20000929.tbf.xml" nodepath="10.0.0.1.0" sentencenodepath="10"><argset><specifier>El</specifier><head>comunicado </head></argset>también se felicita por la decisión del primer ministro danés , Poul_Nyrup_Rasmussen , de mantener su actual política económica y monetaria , estrechamente ligada al euro , y Ø confirmaba la decisión de sus socios europeos de acudir " en_caso_de necesidad " en ayuda de la corona danesa . </example>
        <example file="CESS-CAST-AA/24886_20000330.tbf.xml" nodepath="0.3.1.0" sentencenodepath="0">La Federación_Gallega_de_Baloncesto emitió hoy <argset><specifier>un</specifier><head>comunicado </head><reference_modifiers>en el que asegura que el presidente del Colegio_Gallego_de_Árbitros , Luis_Angel_Sabariz , dimitió de su cargo el pasado día_25 en la reunión de la comisión delegada de la FGB</reference_modifiers></argset>. </example>
        <example file="CESS-CAST-AA/24886_20000330.tbf.xml" nodepath="3.0.2.1.1.0" sentencenodepath="3">La FGB afirma en <argset><argument argument="arg0" thematicrole="agt" type="spec">su</argument><head>comunicado </head></argset>que el presidente " nunca " ha solicitado nada semejante del ex presidente del Comité_Gallego_de_Árbitros y Ø destaca que tres de los cuatro equipos de Primera_División femenina que encabezan la tabla son gallegos por sus resultados , no_sólo como locales , sino porque Ø también ganan encuentros en sus partidos como visitantes . </example>
        <example file="CESS-CAST-AA/24886_20000330.tbf.xml" nodepath="6.4.2.0.2.1.0" sentencenodepath="6">También niega la FGB que el resto de los miembros del colegio de árbitros decidieran abandonar sus puestos en_solidaridad_con Sabariz , ya_que , señala <argset><specifier>el</specifier><head>comunicado </head></argset>, únicamente el director técnico y el propio Sabariz han abandonado sus cargos . </example>
        <example file="CESS-CAST-AA/4018_20000706.tbf.xml" nodepath="2.3.1.1.0" sentencenodepath="2">" Hay que actuar pronto para asegurar la protección de las frágiles especies situadas en aguas profundas antes de que haya daños irreversibles " , afirmó Ø en <argset><specifier>un</specifier><head>comunicado </head></argset>. </example>
        <example file="CESS-CAST-AA/5988_20000608.tbf.xml" nodepath="2.1.2.1.0" sentencenodepath="2">La federación , en <argset><specifier>un</specifier><head>comunicado </head></argset>, recuerda que Colombia iniciará su retención el uno_de_octubre , fecha en la que comienza su cosecha de café . </example>
        <example file="CESS-CAST-AA/6594_20000308.tbf.xml" nodepath="1.0.1.1.0" sentencenodepath="1">En <argset><specifier>un</specifier><head>comunicado </head></argset>, Martínez_Noval se refirió a las informaciones publicadas en los últimos días sobre las relaciones del empresario Javier_de_la_Rosa con un bufete de abogados de Barcelona , en el que , supuestamente , se canalizaban pagos a los ex directivos de la Agencia_Tributaria . </example>
        <example file="CESS-CAST-AA/7380_20000209.tbf.xml" nodepath="3.2.4.5.2.1.0" sentencenodepath="3">El presidente del Gobierno reconoció que , pese_a los avances logrados en la pasada legislatura , la existencia de víctimas demuestra que " queda bastante por hacer " , según <argset><specifier>el</specifier><head>comunicado </head><reference_modifiers>hecho público por la Secretaría_de_Estado_de_la_Comunicación</reference_modifiers></argset>. </example>
        <example file="CESS-CAST-AA/7637_20000510.tbf.xml" nodepath="14.0.3.2.4.1.1" sentencenodepath="14">" Ø No digo que haya existido mala voluntad , pero ahí están los asesinatos , EH dejando en el Parlamento vasco al_descubierto a los socios a los que Ø se había comprometido a apoyar y <argset><specifier>los</specifier><reference_modifiers>últimos</reference_modifiers><head>comunicados </head><argument argument="arg0" function="cn" thematicrole="agt" type="sp">de ETA</argument><reference_modifiers>donde pone en_entredicho la acción política del PNV y EA y le recuerda a Ibarretxe que no olvide que gobierna con el apoyo de EH</reference_modifiers></argset>" , declaró Ø . </example>
        <example file="CESS-CAST-AA/8203_20000210.tbf.xml" nodepath="1.2.1.1.0" sentencenodepath="1">El organismo supervisor considera en <argset><specifier>un</specifier><head>comunicado </head></argset>que esta empresa podría estar recibiendo y transmitiendo órdenes de inversores sin haber obtenido la preceptiva autorización y sin haberse inscrito en los registros administrativos correspondientes , lo que está tipificado como una infracción " muy grave " . </example>
        <example file="CESS-CAST-P/102_19981202.tbf.xml" nodepath="3.2.2.2.1.1.2.4.2.1.0" sentencenodepath="3">El acuerdo , anunciado ayer por los presidentes del grupo francés , Jean-René_Fourtou , y del grupo alemán , Jürgen_Dormann , supone " la primera fase de un plan de dos etapas que conducirá a la fusión completa " de las dos multinaciones " tras la desinversión de sus activos restantes " , según <argset><specifier>un</specifier><head>comunicado </head><reference_modifiers>conjunto</reference_modifiers></argset>. </example>
        <example file="CESS-CAST-P/102_19981202.tbf.xml" nodepath="9.1.2.1.0" sentencenodepath="9">Los dos grupos pondrán_en_marcha " todas las medidas necesarias y Ø establecerán un diálogo abierto con sus empleados y sus representantes tan_pronto_como se hayan definido más los planes de actuación " , según <argset><specifier>el</specifier><head>comunicado </head><reference_modifiers>conjunto</reference_modifiers></argset>. </example>
        <example file="CESS-CAST-P/107_20000202.tbf.xml" nodepath="2.2.3.1.0" sentencenodepath="2">Está previsto que la Reserva_Federal , presidida por Alan_Greenspan , emita <argset><specifier>un</specifier><head>comunicado </head><argument argument="arg1" function="cn" thematicrole="pat" type="sp">sobre la decisión de tipos de interés</argument></argset>. </example>
        <example file="CESS-CAST-P/122_19990202.tbf.xml" nodepath="10.0.1.0" sentencenodepath="10"><argset><specifier>El</specifier><head>comunicado </head><reference_modifiers>, que se distribuyó incluso en las recepciones de los hoteles oficiales de la Conferencia ,</reference_modifiers></argset>desmiente que Samaranch reciba un salario por su trabajo en el COI , que Ø utilice helicóptero para recorrer los 60 kilómetros que separan el aeropuerto de Ginebra de Lausana , que Ø solicite hoteles y coches lujosos cuando Ø visita otros países y que Ø exija una determinada calidad en la comida para los miembros de organismo . </example>
        <example file="CESS-CAST-P/130_19991001.tbf.xml" nodepath="24.4.4.1.1.0" sentencenodepath="24">El Puebla se ha convertido en el peor conjunto del torneo de invierno del fútbol mexicano de la primera división , según recordó la directiva en <argset><specifier>un</specifier><head>comunicado </head><argument argument="arg0" function="cn" thematicrole="agt" type="sp">de prensa</argument><reference_modifiers>, en el que le reconoce " el esfuerzo y la dedicación que ha tenido "</reference_modifiers></argset>. </example>
        <example file="CESS-CAST-P/20_20010702.tbf.xml" nodepath="5.3.1.0" sentencenodepath="5">Minutos después del ataque , el Gabinete_de_Seguridad israelí emitió <argset><specifier>un</specifier><head>comunicado </head><reference_modifiers>en el que responsabilizó a Damasco de " autorizar y apoyar las actividades de Hizbulá " contra Israel en la frontera común</reference_modifiers></argset>. </example>
        <example file="CESS-CAST-P/22_19990201.tbf.xml" nodepath="9.0.1.0" sentencenodepath="9"><argset><specifier>Un</specifier><head>comunicado </head><reference_modifiers>oficial</reference_modifiers></argset>señaló que " Irak no ha sido consultado sobre la formación de estas tres comisiones " y , por_tanto , " Ø no se considera nada implicado en esta medida " . </example>
        <example file="CESS-CAST-P/22_19990201.tbf.xml" nodepath="12.6.2.1.0" sentencenodepath="12">Ayer , un caza F-16 estadounidense procedente de la base de Incirlik , en el sur de Turquía , disparó , " en legítima defensa " , un misil contra un radar iraquí , que constituía " una amenaza para los aparatos aliados " , según <argset><specifier>un</specifier><head>comunicado </head><argument argument="arg0" function="cn" thematicrole="agt" type="sp">de EEUU</argument></argset>. </example>
        <example file="CESS-CAST-P/26_19981201.tbf.xml" nodepath="7.3.1.2.1.0" sentencenodepath="7">El último miembro del Gobierno británico en recibir a Insulza , el ministro de Defensa , George_Robertson , se limitó a emitir tras el encuentro <argset><specifier>un</specifier><head>comunicado </head></argset>en los mismos términos que sus colegas Cook y Peter_Mandelson ( ministro de Industria y mano derecha del primer ministro Blair ) : " La decisión de extraditar a Pinochet depende únicamente del ministro del Interior , Jack_Straw , y Ø no es un asunto de debate ministerial " . </example>
        <example file="CESS-CAST-P/27_19981202.tbf.xml" nodepath="2.0.1.1.0" sentencenodepath="2">En <argset><specifier>un</specifier><head>comunicado </head><reference_modifiers>cuya autenticidad está por confirmar</reference_modifiers></argset>, Patria_y_Libertad anunció el Lunes que " Ø se ha vuelto a reunir " y Ø ha sumado a sus filas a " personal en retiro de las Fuerzas_Armadas " . </example>
        <example file="CESS-CAST-P/27_19981202.tbf.xml" nodepath="3.2.1.0" sentencenodepath="3">" Nuestro general deberá estar en Chile antes del 23_de_diciembre , de_lo_contrario Ø lo traeremos por la razón o por la fuerza " , dijo <argset><specifier>el</specifier><head>comunicado </head></argset>. </example>
        <example file="CESS-CAST-P/33_20010601.tbf.xml" nodepath="0.0.1.1" sentencenodepath="0"><argset><specifier>Un</specifier><reference_modifiers>breve</reference_modifiers><head>comunicado </head><argument argument="argM" function="cn" thematicrole="loc" type="sp">en una página_web habitualmente utilizada por las Autodefensas_Unidas_de_Colombia ( AUC )</argument></argset>anunció ayer la " renuncia " de su máximo jefe , aunque no se ha podido establecer su veracidad . </example>
        <example file="CESS-CAST-P/34_20010502.tbf.xml" nodepath="2.2.1.0" sentencenodepath="2">" Sin_duda , se requiere profundizar en aspectos centrales , como la autonomía y la libre determinación , los pueblos y comunidades indígenas como sujetos de derecho público , el uso de los recursos naturales como tierras y territorios , por citar algunos " , explicaba <argset><specifier>el</specifier><head>comunicado </head><argument argument="arg0" function="cn" thematicrole="agt" type="s.a">presidencial</argument><reference_modifiers>que finalmente leyó la coordinadora para el Desarrollo_de_los_Pueblos_Indígenas , Xóchitl_Gálvez , la única funcionaria que había criticado la iniciativa</reference_modifiers></argset>. </example>
        <example file="CESS-CAST-P/36_19990901.tbf.xml" nodepath="2.4.1.0.1" sentencenodepath="2">El lehendakari Juan_José_Ibarretxe y los portavoces de la mesa nacional de Herri_Batasuna coincidieron ayer en un análisis optimista del proceso de paz pese_al <argset><reference_modifiers>último</reference_modifiers><head>comunicado </head><argument argument="arg0" function="cn" thematicrole="agt" type="sp">de ETA</argument><reference_modifiers>, en el que responsabilizaba a un sector del PNV de poner trabas a la pacificación</reference_modifiers></argset>. </example>
        <example file="CESS-CAST-P/36_19990901.tbf.xml" nodepath="4.3.1.1.3.3.1.1.1.2.1.1.1" sentencenodepath="4">Ibarretxe abrió el curso del Parlamento vasco en el palacio de Miramar , en San_Sebastián , donde Ø aprovechó para dar su punto de vista sobre <argset><specifier>los</specifier><reference_modifiers>recientes</reference_modifiers><head>comunicados </head><argument argument="arg0" function="cn" thematicrole="agt" type="sp">de ETA</argument></argset>. </example>
        <example file="CESS-CAST-P/36_19990901.tbf.xml" nodepath="12.2.1.1.1.1" sentencenodepath="12">También la mesa nacional de Herri_Batasuna compareció para analizar <argset><specifier>los</specifier><reference_modifiers>últimos</reference_modifiers><head>comunicados </head><argument argument="arg0" function="cn" thematicrole="agt" type="sp">de ETA</argument></argset>. </example>
        <example file="CESS-CAST-P/36_19990901.tbf.xml" nodepath="14.0.1.1.1.4.1.1.1" sentencenodepath="14">Respecto_a las descalificaciones que ETA lanzó al PNV a_través_de <argset><argument argument="arg0" thematicrole="agt" type="spec">su</argument><reference_modifiers>último</reference_modifiers><head>comunicado </head></argset>, HB matiza que Ø se refieren únicamente a " algunos sectores " del partido nacionalista . </example>
        <example file="CESS-CAST-P/37_19990901.tbf.xml" nodepath="0.3.1.1.1.4.1.1.1" sentencenodepath="0">El presidente de Eusko_Alkartasuna , Carlos_Garaikoetxea , defendió al PNV ante los reproches que le hizo ETA en <argset><argument argument="arg0" thematicrole="agt" type="spec">su</argument><reference_modifiers>último</reference_modifiers><head>comunicado </head></argset>. </example>
        <example file="CESS-CAST-P/38_20020502.tbf.xml" nodepath="6.0.1.1.0" sentencenodepath="6">Según <argset><specifier>un</specifier><head>comunicado </head><argument argument="arg0" function="cn" thematicrole="agt" type="sp">de la oficina del portavoz del Ejército</argument></argset>, los soldados rastrearon la zona ante el intento de dos palestinos de colocar una bomba en la cuneta para que Ø hiciera explosión al paso de una patrulla militar . </example>
        <example file="CESS-CAST-P/3_19981101.tbf.xml" nodepath="11.4.2.2.1.0" sentencenodepath="11">En Catalunya , la Conselleria_de_Sanitat ha renunciado a preparar una campaña para informar a los usuarios de las precauciones que se deben adoptar con la Viagra , aunque , en <argset><specifier>un</specifier><head>comunicado </head><reference_modifiers>hecho público el jueves</reference_modifiers></argset>, Ø recuerda el uso controlado que requiere el medicamento . </example>
        <example file="CESS-CAST-P/44_19991102.tbf.xml" nodepath="5.0.0.1.2.2.1.1.0" sentencenodepath="5">Los evangélicos españoles , que en <argset><specifier>el</specifier><head>comunicado </head></argset>insisten en las enormes diferencias existentes entre ambas iglesias , califican de incoherente " la postura papal de firmar esta declaración a_la_vez_que se anuncian indulgencias a_través_de la confesión , la visita a Roma y las limosnas para el año_2000 " . </example>
        <example file="CESS-CAST-P/46_19991202.tbf.xml" nodepath="0.2.1.0" sentencenodepath="0">Los obispos de Navarra y el País_Vasco han redactado <argset><specifier>un</specifier><head>comunicado </head><reference_modifiers>conjunto</reference_modifiers><reference_modifiers>en el que reiteran su disposición a hacer cuanto esté en su mano para facilitar una salida " justa " al problema del terrorismo</reference_modifiers></argset>. </example>
        <example file="CESS-CAST-P/57_20000702.tbf.xml" nodepath="6.2.2.1.0" sentencenodepath="6">El consejo de patriarcas católicos anunció , en <argset><specifier>un</specifier><head>comunicado </head><reference_modifiers>publicado ayer</reference_modifiers></argset>, su decisión de crear un comité para " garantizar procesos equitativos y no discriminatorios " . </example>
        <example file="CESS-CAST-P/6_20010501.tbf.xml" nodepath="0.3.3.2.0.0" sentencenodepath="0">La conmemoración del Primero_de_Mayo de este año aporta como novedad que los dos principales sindicatos españoles , CCOO y UGT , han convocado unitariamente los actos previstos para hoy , pero Ø leerán <argset><head>comunicados </head><reference_modifiers>distintos</reference_modifiers></argset>. </example>
        <example file="CESS-CAST-P/73_20000801.tbf.xml" nodepath="12.0.1.0" sentencenodepath="12"><argset><specifier>Un</specifier><head>comunicado </head><reference_modifiers>emitido ayer_noche</reference_modifiers></argset>afirmaba que " en_el_caso_de_que las sanciones aplicadas tuvieran algún fundamento , Ø se referiría solamente al intercambio de informaciones sobre algunos datos normalmente disponibles y que pueden ser conocidos por cualquiera " . </example>
        <example file="CESS-CAST-P/75_20020102.tbf.xml" nodepath="4.0.1.1.0" sentencenodepath="4">A_través_de <argset><specifier>un</specifier><head>comunicado </head></argset>, Trànsit apuntó que la mejora de las estadísticas hay que atribuirla en_especial a que los conductores han asumido la necesidad de adoptar una actitud más prudente al volante . </example>
        <example file="CESS-CAST-P/75_20020102.tbf.xml" nodepath="5.2.1.0" sentencenodepath="5">" Con_todo , Ø aún nos encontramos lejos de los parámetros de accidentabilidad deseables y será necesario que Ø continuemos trabajando todos juntos y esforzándonos para que en el 2002 se mantenga la tendencia a la baja " , explicó <argset><specifier>el</specifier><head>comunicado </head></argset>. </example>
        <example file="CESS-CAST-P/78_20010201.tbf.xml" nodepath="7.3.1.1.0" sentencenodepath="7">La Delegación_del_Gobierno respondió a estas amenazas con <argset><specifier>un</specifier><head>comunicado </head><reference_modifiers>en el que , además_de recordar que la desobediencia es delito , anuncia que informará a la Fiscalía_del_Estado y pondrá a disposición judicial a los instigadores de esos delitos</reference_modifiers></argset>. </example>
      </examples>
    </frame>
  </sense>
</lexentry>
