<?xml version="1.0" encoding="UTF-8" standalone="no"?>
<!-- 

  ancoralex-2.0.3
       
			Copyright (C) 2007,2008,2009,2010,2011 CLiC - UB
			Centre de Llenguatge i Computació - Universitat de Barcelona
 
  This file is part of ancoralex-2.0.3.
 
  ancoralex-2.0.3 is free software and data: you can redistribute it and/or modify
  it under the terms of the GNU General Public License as published
  by the Free Software Foundation, either version 3 of the License,
  or (at your option) any later version.

  ancoralex-2.0.3 is distributed in the hope that it will be useful,
  but WITHOUT ANY WARRANTY; without even the implied warranty of
  MERCHANTABILITY or FITNESS FOR A PARTICULAR PURPOSE.  See the
  GNU General Public License for more details.
 
  You should have received a copy of the GNU General Public License
  along with ancoralex-2.0.3.  If not, see &lt;http://www.gnu.org/licenses/&gt;.
 
  Check a text in catalan explaining the terms of the license at http://www.softcatala.cat/wiki/GPL3.
  In spanish at http://www.viti.es/gnu/licenses/gpl.html
  
  The following paper must be cited when using verb lexicon: 

 * Aparicio, Juan, Mariona Taulé, M.Antònia Martí (2008) 'AnCora-Verb: A Lexical Resource for 
   the Semantic Annotation of Corpora'. Proceedings of 6th International Conference on Language 
   Resources and Evaluation. Marrakesh (Morocco).

  The following paper must be cited when using noun lexicon: 

 * Peris, Aina, Mariona Taulé (2011). AnCora-Nom: A Spanish lexicon of deverbal nominalizations. 
   Procesamiento del Lenguaje Natural, nº46, pp. 11-18.
 
 

 

-->

<lexentry lemma="conciencia" lng="es" origin="deverbal" type="noun">
  <sense cousin="no" denotation="result" id="1" lexicalized="no" originlemma="concienciar" originlink="verb.concienciar.1" wordnetsynset="16:03799909">
    <frame appearsinplural="no" type="default">
      <argument argument="arg0" thematicrole="cau">
        <constituent frequency="1" postype="possessive" type="determiner"/>
      </argument>
      <argument argument="arg1" thematicrole="tem">
        <constituent frequency="3" preposition="de" type="sp"/>
        <constituent frequency="1" postype="possessive" type="determiner"/>
        <constituent frequency="1" type="s.a"/>
      </argument>
      <argument argument="arg2" thematicrole="efi">
        <constituent frequency="2" preposition="de" type="sp"/>
      </argument>
      <specifiers>
        <constituent frequency="7" postype="article" type="determiner"/>
        <constituent frequency="4" type="void"/>
        <constituent frequency="1" postype="indefinite" type="determiner"/>
        <constituent frequency="2" postype="possessive" type="determiner"/>
      </specifiers>
      <reference_modifiers>
        <constituent frequency="3" type="s.a"/>
        <constituent frequency="1" preposition="de" type="sp"/>
        <constituent frequency="1" type="S"/>
      </reference_modifiers>
      <examples>
        <example file="3LB-CAST/a1-3.tbf.xml" nodepath="1.0.3.1.1.1.1.1.0" sentencenodepath="1">Su recuerdo quedó sepultado en el fondo de <argset><argument argument="arg0" thematicrole="cau" type="spec">mi</argument><head>conciencia </head></argset>, y hoy , al redactar estas páginas , John_Erskine me ha acompañado . </example>
        <example file="3LB-CAST/a12-2.tbf.xml" nodepath="6.0.2.1.1.1" sentencenodepath="6">Las ratas son como <argset><specifier>la</specifier><reference_modifiers>mala</reference_modifiers><head>conciencia </head><reference_modifiers>de las sociedades desarrolladas</reference_modifiers></argset>, y su sucia proliferación será siempre un negro pero preciso reflejo de nuestro bienestar material . </example>
        <example file="3LB-CAST/c4-2.tbf.xml" nodepath="6.1.1.3.3.0.1.0" sentencenodepath="6">Yo es que no puedo : cuando Ø veo que alguien invoca <argset><specifier>la</specifier><head>conciencia </head></argset>o el honor me dan ganas de agarrar la escopeta y liarme a tiros . </example>
        <example file="3LB-CAST/d2-16.tbf.xml" nodepath="4.2.0.1.0" sentencenodepath="4">El Barcelona es <argset><specifier>la</specifier><head>conciencia </head><reference_modifiers>malsana</reference_modifiers><argument argument="arg1" function="cn" thematicrole="tem" type="sp">del Madrid</argument></argset>, su espejo oscuro , la representación más visible de una decadencia siquiera temporal y , el sábado , dignísima de juego y garras estériles . </example>
        <example file="3LB-CAST/e2-0.tbf.xml" nodepath="4.0.3.1.1.1.1.1.3.0.0" sentencenodepath="4">Al correr de los siglos se había manifestado un enfrentamiento entre dos mundos , de los que tenían <argset><head>conciencia </head><reference_modifiers>explícita</reference_modifiers></argset>los pensadores e incluso la gente común : el de la naturaleza y el del espíritu ; éste último sería , para entendernos , el de la cultura que se oponía a la naturaleza . </example>
        <example file="3LB-CAST/e3-1.tbf.xml" nodepath="10.2.2.1.1.1.1.2.2.1.1.1.0.0" sentencenodepath="10">Esta Naturaleza no es , ciertamente , la que la ciencia se da por objeto , su sentido es el negativo de un concepto límite que es la toma de <argset><head>conciencia </head><argument argument="arg1" function="cn" thematicrole="tem" type="sp">de que nuestro saber está rebasado por su propio fondo vital</argument></argset>. </example>
        <example file="3LB-CAST/e3-3.tbf.xml" nodepath="6.2.3.1.1.1.1.1.0" sentencenodepath="6">Descartes había necesitado el recurso a la bondad divina como garantía de que Ø no me engaño al creer en la existencia de una realidad extramental , porque a tal efecto era nulo el valor de la verdad del cogito , y Husserl pretenderá en_vano trascender el solipsismo de <argset><specifier>la</specifier><head>conciencia </head></argset>fundando en ella el recurso a la intersubjetividad trascendental . </example>
        <example file="3LB-CAST/t6-3.tbf.xml" nodepath="5.6.4.2.1.1.0" sentencenodepath="5">Se le quemaron las tostadas , Ø ya no tenía los brazos paralelos , sus huesos estaban cansados , todo su cuerpo caminaba inexorablemente hacia la vejez en_pos_de su memoria , de <argset><argument argument="arg1" thematicrole="tem" type="spec">su</argument><head>conciencia </head><reference_modifiers>prematuramente envejecida y satisfecha de su rendición</reference_modifiers></argset>. </example>
        <example file="CESS-CAST-A/15021_20000218.tbf.xml" nodepath="5.1.4.1.0" sentencenodepath="5">Ø Dijo que el PP se comporta de forma " desleal " e Ø insistió en que " Ø no tienen derecho a desprestigiar " a este país al " impulsar y organizar un acto " y " ofrecer tribunas a foros que van diciendo que una parte importante de la población ( los nacionalistas ) somos totalitarios y nazis " , porque Ø están " insultando y ensuciando <argset><specifier>la</specifier><head>conciencia </head><argument argument="arg1" function="cn" thematicrole="tem" type="sp">de muchos ciudadanos vascos</argument></argset>" . </example>
        <example file="CESS-CAST-AA/7637_20000510.tbf.xml" nodepath="5.2.6.5.1.1.1.1" sentencenodepath="5">El ex ministro de Justicia y posible Defensor_del_Pueblo consideró que los partidos nacionalistas " temen la convocatoria de nuevas elecciones " , ya_que Ø se han percatado de que <argset><specifier>la</specifier>" <head>conciencia </head><argument argument="arg2" function="cn" thematicrole="efi" type="sp">de que el nacionalismo ya no puede estar de forma mayestática y como elemento hegemónico " en la vida en Euskadi</argument></argset>está ganando fuerza en la sociedad . </example>
        <example file="CESS-CAST-P/139_19991201.tbf.xml" nodepath="11.0.2.1.1.1.1.0" sentencenodepath="11">María_Teresa_Alvarez , directora de Mujeres_en_la_historia , narrará la evolución de <argset><specifier>la</specifier><head>conciencia </head><argument argument="arg1" function="cn" thematicrole="tem" type="s.a">femenina</argument></argset>, y Borja_Casani , responsable del área de naturaleza de TVE , de la ecología . </example>
        <example file="CESS-CAST-P/16_20000202.tbf.xml" nodepath="12.2.5.2.0.3.0.0" sentencenodepath="12">En Cuba Ø recibirá adoctrinamiento marxista , mientras_que en Estados_Unidos Ø se formará en un clima de libertad , lo que le dará <argset><head>conciencia </head><argument argument="arg2" function="cn" thematicrole="efi" type="sp">de hombre libre</argument></argset>. </example>
        <example file="CESS-CAST-P/44_20000902.tbf.xml" nodepath="11.1.2.1.0.1.1.0.1.0" sentencenodepath="11">Y pedirla , además , a_través_del ejemplo de <argset><specifier>una</specifier><head>conciencia </head></argset>y una cultura colectiva que reconoce el agua como un bien escaso y , por_lo_tanto , vital . </example>
        <example file="CESS-CAST-P/51_20010102.tbf.xml" nodepath="5.7.2.1.0.4.1.1.1.0.0" sentencenodepath="5">A su juicio , " no merece la pena vivir en una sociedad cruel si Ø no es para cambiarla " , por lo que Ø pidió a todos los responsables políticos un examen de <argset><head>conciencia </head></argset>" para hacer una profunda autocrítica ante la sociedad " . </example>
      </examples>
    </frame>
  </sense>
  <sense alternativelemma="a_conciencia" cousin="no" denotation="none" id="2" lexicalizationtype="adverbial" lexicalized="yes" originlemma="concienciar" originlink="verb.concienciar.1" wordnetsynset="16:03799909">
    <frame appearsinplural="no" type="default">
      <specifiers>
        <constituent frequency="1" type="void"/>
      </specifiers>
      <examples>
        <example file="3LB-CAST/t1-6.tbf.xml" nodepath="0.2.1.1.1.4.1.0.0" sentencenodepath="0">La única explicación posible de su degradación era el rencor de que el esposo se hubiera sacrificado a <argset><head>conciencia </head></argset>por una montonera de negros , como ella decía , cuando el único sacrificio justo hubiera sido el de sobrevivir para ella . </example>
      </examples>
    </frame>
  </sense>
  <sense alternativelemma="objetor_de_conciencia" cousin="no" denotation="result" id="3" lexicalizationtype="nominal" lexicalized="yes" originlemma="concienciar" originlink="verb.concienciar.1" wordnetsynset="16:06664059">
    <frame appearsinplural="no" type="default">
      <specifiers>
        <constituent frequency="1" type="void"/>
      </specifiers>
      <examples>
        <example file="CESS-CAST-P/11_20001202.tbf.xml" nodepath="0.2.1.0.1.1.1.2.1.1.0.0" sentencenodepath="0">El mayor colectivo beneficiado por el indulto masivo aprobado ayer es el de los insumisos , los objetores de <argset><head>conciencia </head></argset>que se negaron a realizar cualquier tipo de prestación social sustitutoria del servicio militar . </example>
      </examples>
    </frame>
  </sense>
  <sense alternativelemma="tomar_conciencia" cousin="no" denotation="none" id="4" lexicalizationtype="verbal" lexicalized="yes" originlemma="concienciar" originlink="verb.concienciar.1" wordnetsynset="16:04387608">
    <frame appearsinplural="no" type="default">
      <specifiers>
        <constituent frequency="1" type="void"/>
      </specifiers>
      <examples>
        <example file="CESS-CAST-P/125_19990501.tbf.xml" nodepath="10.2.3.0.0" sentencenodepath="10">El cambio de imagen hizo que algunas vacas sagradas , como Naybet o Djalminha , tomaran <argset><head>conciencia </head></argset>de que el Deportivo podía ganar sin ellos a cualquier equipo grande . </example>
      </examples>
    </frame>
  </sense>
</lexentry>
