<?xml version="1.0" encoding="UTF-8" standalone="no"?>
<!-- 

  ancoralex-2.0.3
       
			Copyright (C) 2007,2008,2009,2010,2011 CLiC - UB
			Centre de Llenguatge i Computació - Universitat de Barcelona
 
  This file is part of ancoralex-2.0.3.
 
  ancoralex-2.0.3 is free software and data: you can redistribute it and/or modify
  it under the terms of the GNU General Public License as published
  by the Free Software Foundation, either version 3 of the License,
  or (at your option) any later version.

  ancoralex-2.0.3 is distributed in the hope that it will be useful,
  but WITHOUT ANY WARRANTY; without even the implied warranty of
  MERCHANTABILITY or FITNESS FOR A PARTICULAR PURPOSE.  See the
  GNU General Public License for more details.
 
  You should have received a copy of the GNU General Public License
  along with ancoralex-2.0.3.  If not, see &lt;http://www.gnu.org/licenses/&gt;.
 
  Check a text in catalan explaining the terms of the license at http://www.softcatala.cat/wiki/GPL3.
  In spanish at http://www.viti.es/gnu/licenses/gpl.html
  
  The following paper must be cited when using verb lexicon: 

 * Aparicio, Juan, Mariona Taulé, M.Antònia Martí (2008) 'AnCora-Verb: A Lexical Resource for 
   the Semantic Annotation of Corpora'. Proceedings of 6th International Conference on Language 
   Resources and Evaluation. Marrakesh (Morocco).

  The following paper must be cited when using noun lexicon: 

 * Peris, Aina, Mariona Taulé (2011). AnCora-Nom: A Spanish lexicon of deverbal nominalizations. 
   Procesamiento del Lenguaje Natural, nº46, pp. 11-18.
 
 

 

-->

<lexentry lemma="condena" lng="es" origin="deverbal" type="noun">
  <sense cousin="no" denotation="result" id="1" lexicalized="no" originlemma="condenar" originlink="verb.condenar.1" wordnetsynset="16:10935869">
    <frame appearsinplural="yes" type="default">
      <argument argument="arg0" thematicrole="agt">
        <constituent frequency="1" preposition="de" type="sp"/>
      </argument>
      <argument argument="arg1" thematicrole="pat">
        <constituent frequency="1" preposition="a" type="sp"/>
        <constituent frequency="2" postype="possessive" type="determiner"/>
        <constituent frequency="1" preposition="contra" type="sp"/>
      </argument>
      <argument argument="arg2" thematicrole="tem">
        <constituent frequency="1" type="sadv"/>
        <constituent frequency="2" preposition="a" type="sp"/>
        <constituent frequency="2" preposition="de" type="sp"/>
      </argument>
      <argument argument="argM" thematicrole="cau">
        <constituent frequency="1" preposition="por" type="sp"/>
      </argument>
      <specifiers>
        <constituent frequency="7" postype="article" type="determiner"/>
        <constituent frequency="6" type="void"/>
        <constituent frequency="1" postype="indefinite" type="determiner"/>
        <constituent frequency="1" postype="numeral" type="determiner"/>
        <constituent frequency="3" postype="possessive" type="determiner"/>
      </specifiers>
      <reference_modifiers>
        <constituent frequency="1" postype="possessive" type="determiner"/>
        <constituent frequency="2" type="s.a"/>
        <constituent frequency="1" type="sn"/>
        <constituent frequency="1" type="S"/>
      </reference_modifiers>
      <examples>
        <example file="3LB-CAST/d1-8.tbf.xml" nodepath="11.2.1.1.0" sentencenodepath="11">Ø Pasaron de <argset><specifier>la</specifier><head>condena </head><argument argument="arg2" function="cn" thematicrole="tem" type="sadv">a_muerte</argument></argset>a la libertad bajo fianza . </example>
        <example file="CESS-CAST-A/10872_20001214.tbf.xml" nodepath="8.0.4.3.1.2.2.1.1.1.1.0" sentencenodepath="8">Fernando_de_la_Rúa , que se niega a aplicar un indulto u otra medida de gracia a los presos , trató sin éxito a_lo_largo_de este año que el Parlamento aprobase un proyecto de ley que permitiera una revisión de <argset><specifier>las</specifier><head>condenas </head></argset>y ahora Ø busca una solución por la vía judicial . </example>
        <example file="CESS-CAST-A/13146_20000216.tbf.xml" nodepath="8.4.5.4.1.0" sentencenodepath="8">La justicia francesa ya ha emitido dictámenes favorables a numerosas demandas de extradición presentadas por España contra Martínez_García , aunque ésta sólo podrá ser extraditada cuando Ø cumpla en Francia <argset><specifier>su</specifier><head>condena </head><argument argument="arg2" function="cn" thematicrole="tem" type="sp">a siete años de prisión</argument></argset>. </example>
        <example file="CESS-CAST-A/18733_20000223.tbf.xml" nodepath="7.0.3.1.0" sentencenodepath="7">Como Ø había recusado <argset><specifier>las</specifier><head>condenas </head></argset>, Ø tuvo que volver a ser juzgado . </example>
        <example file="CESS-CAST-P/11_19990702.tbf.xml" nodepath="0.0.0.4.0.0" sentencenodepath="0">La detención , procesamiento y <argset><head>condena </head></argset>de Ocalan expresan no_sólo el drama del pueblo kurdo sino_también el de Turquía como país que vive en permanente debate entre la tradición y la modernidad . </example>
        <example file="CESS-CAST-P/1_20020901.tbf.xml" nodepath="2.2.4.3.1.1.0" sentencenodepath="2">Ante la reiteración de estos casos , los jueces catalanes empiezan a adoptar cada vez medidas más drásticas y Ø apuestan por prohibir a los maltratadores que Ø se acerquen a sus víctimas como medida cautelar - - antes de <argset><specifier>la</specifier><head>condena </head></argset>- - . </example>
        <example file="CESS-CAST-P/20_19990802.tbf.xml" nodepath="22.0.1.0" sentencenodepath="22"><argset><specifier>Las</specifier><head>condenas </head><argument argument="arg0" function="cn" thematicrole="agt" type="sp">de los partidos demócratas</argument><argument argument="arg1" function="cn" thematicrole="pat" type="sp">al ataque de ayer</argument></argset>tuvieron un tono especial por_parte_del PP y del PSOE , ya_que el atentado fue precedido por unas declaraciones de Arzalluz en las que Ø se mostraba convencido de que EH hace " todo lo posible " para acabar con la violencia callejera . </example>
        <example file="CESS-CAST-P/20_19990802.tbf.xml" nodepath="27.2.3.5.5.1.0.1" sentencenodepath="27">El eurodiputado de EA Gorka_Knörr consideró " lamentable " el ataque y Ø pidió a EH que Ø se desmarque de la violencia , aunque Ø lo haga sin <argset>" <head>condenas </head>
            <reference_modifiers>rimbombantes</reference_modifiers>" </argset>. </example>
        <example file="CESS-CAST-P/32_20000801.tbf.xml" nodepath="2.4.1.0.1.2.1.0.0" sentencenodepath="2">En Vitoria , 600 personas guardaron 15 minutos de silencio , rotos por una salva de aplausos , como muestra de dolor y de <argset><head>condena </head></argset>por la muerte de Jáuregui . </example>
        <example file="CESS-CAST-P/34_20000903.tbf.xml" nodepath="7.0.3.1.1.1.2.1.0.0" sentencenodepath="7">Como antes de la ya olvidada tregua , cada asesinato ha ido acompañado de un cansino rosario de <argset><head>condenas </head></argset>, pero también del creciente hostigamiento político a un Partido_Nacionalista_Vasco ( PNV ) que , si surte efectos la estrategia del Gobierno , pagará muy cara la firma que Ø estampó en Lizarra . </example>
        <example file="CESS-CAST-P/49_19990601_b.tbf.xml" nodepath="2.2.2.1.1.1.0" sentencenodepath="2">El tercer preso es José_Luis_Elustondo , condenado a más de 100 años de cárcel por asesinato , utilización ilegítima de un vehículo y detención ilegal , quien ha quedado en libertad condicional , mientras_que José_Antonio_Arluciaga ha sido liberado al haber cumplido <argset><argument argument="arg1" thematicrole="pat" type="spec">su</argument><head>condena </head><argument argument="arg2" function="cn" thematicrole="tem" type="sp">de 18 años de cárcel</argument><argument argument="argM" function="cn" thematicrole="cau" type="sp">por pertenencia a banda armada</argument></argset>. </example>
        <example file="CESS-CAST-P/49_19990601_c.tbf.xml" nodepath="0.2.1.0" sentencenodepath="0">El ex director del Cesid recurre <argset><argument argument="arg1" thematicrole="pat" type="spec">su</argument><head>condena </head></argset>ante el Supremo . </example>
        <example file="CESS-CAST-P/57_20000401_d.tbf.xml" nodepath="0.0.0.0" sentencenodepath="0"><argset><head>Condenas </head><argument argument="arg1" function="cn" thematicrole="pat" type="sp">contra miembros de ETA e Iparretarrak</argument></argset>. </example>
        <example file="CESS-CAST-P/57_20000702.tbf.xml" nodepath="3.0.1.0" sentencenodepath="3"><argset><specifier>La</specifier><head>condena </head><reference_modifiers>más severa</reference_modifiers></argset>le fue impuesta a Emile_Yusef_Naser , que mandaba una brigada de milicianos en el sur del Líbano . </example>
        <example file="CESS-CAST-P/57_20010801.tbf.xml" nodepath="5.2.1.3.2.0.2.2.1.0" sentencenodepath="5">Otro magistrado explicó que la decisión del fiscal de no acusar de desobediencia al vocal del CGPJ excluye el delito doloso ( intencionado ) , lo que supondría , en_caso_de <argset><specifier>una</specifier><head>condena </head></argset>, la expulsión de José_María_Bento de la carrera judicial , mientras_que la imprudencia sólo sería objeto de una sanción penal . </example>
        <example file="CESS-CAST-P/65_20010701.tbf.xml" nodepath="5.3.1.0" sentencenodepath="5">La_Flor_Negra tiene pendientes <argset><specifier>cuatro</specifier><head>condenas </head><argument argument="arg2" function="cn" thematicrole="tem" type="sp">a cadena_perpetua</argument><reference_modifiers>, tres en Italia y una en Francia</reference_modifiers></argset>. </example>
        <example file="CESS-CAST-P/76_20010602.tbf.xml" nodepath="0.3.1.0" sentencenodepath="0">José_Rabadán_Pardo , el menor que en abril_del_año_pasado mató a sus padres y a su hermana a golpes de catana en la pedanía murciana de Santiago_el_Mayor , aceptó ayer <argset><specifier>la</specifier><head>condena </head><reference_modifiers>pedida por el fiscal</reference_modifiers><argument argument="arg2" function="cn" thematicrole="tem" type="sp">de seis años de internamiento en un centro terapéutico en régimen cerrado y cuatro años de libertad vigilada</argument></argset>. </example>
        <example file="CESS-CAST-P/80_20011001.tbf.xml" nodepath="0.4.2.0.2.2.1.1.1.1.2.1.0.1.0.1.1.0.0" sentencenodepath="0">Los Mossos_d'Esquadra detuvieron el Sábado en Pi ( Bellver_de_Cerdanya ) , a Martí_C._S. , de 32 años , considerado como el ladrón más buscado del Pirineo y acusado de 24 delitos , entre ellos el de quebranto de <argset><head>condena </head></argset>. </example>
      </examples>
    </frame>
  </sense>
  <sense cousin="no" denotation="event" id="2" lexicalized="no" originlemma="condenar" originlink="verb.condenar.1" wordnetsynset="16:00770012">
    <frame appearsinplural="no" type="default">
      <argument argument="arg1" thematicrole="pat">
        <constituent frequency="1" preposition="de" type="sp"/>
      </argument>
      <argument argument="arg2" thematicrole="tem">
        <constituent frequency="1" type="sadv"/>
      </argument>
      <specifiers>
        <constituent frequency="1" postype="article" type="determiner"/>
      </specifiers>
      <examples>
        <example file="CESS-CAST-P/30_20000103.tbf.xml" nodepath="1.2.3.1.2.4.4.1.0" sentencenodepath="1">Ecevit considera que se debe respetar la decisión tomada por el Tribunal_Europeo_de_Derechos_Humanos en la que se pide a Ankara que Ø dé por sobreseída <argset><specifier>la</specifier><head>condena </head><argument argument="arg2" function="cn" thematicrole="tem" type="sadv">a_muerte</argument><argument argument="arg1" function="cn" thematicrole="pat" type="sp">de Ocalan</argument></argset>. </example>
      </examples>
    </frame>
  </sense>
  <sense cousin="no" denotation="underspecified" id="3" lexicalized="no" originlemma="condenar" originlink="verb.condenar.1" wordnetsynset="16:00770012+16:00793932">
    <frame appearsinplural="yes" type="default">
      <argument argument="arg1" thematicrole="pat">
        <constituent frequency="2" preposition="de" type="sp"/>
      </argument>
      <argument argument="arg2" thematicrole="tem">
        <constituent frequency="1" type="sadv"/>
      </argument>
      <argument argument="argM" thematicrole="cau">
        <constituent frequency="1" preposition="por" type="sp"/>
      </argument>
      <specifiers>
        <constituent frequency="2" postype="article" type="determiner"/>
        <constituent frequency="2" type="void"/>
      </specifiers>
      <reference_modifiers>
        <constituent frequency="1" type="s.a"/>
      </reference_modifiers>
      <examples>
        <example file="CESS-CAST-AA/2418_20001104.tbf.xml" nodepath="8.3.0.2.1.0" sentencenodepath="8">Entretanto , parecen imparables las dimisiones y <argset><specifier>las</specifier><head>condenas </head><reference_modifiers>públicas</reference_modifiers></argset>de muchos de los antiguos colaboradores del Presidente . </example>
        <example file="CESS-CAST-AA/7637_20000510.tbf.xml" nodepath="0.3.1.0.1.5.1.1.2.2.2.1.3.1.1.1.1.0.0" sentencenodepath="0">El PP y el PSOE alertaron hoy del deterioro que , a su juicio , se está produciendo en la sociedad vasca tras los últimos acontecimientos , especialmente el asesinato del periodista José_Luis_López_de_Lacalle y la posterior división entre los partidos en los actos de <argset><head>condena </head><argument argument="arg1" function="cn" thematicrole="pat" type="sp">del mismo</argument></argset>. </example>
        <example file="CESS-CAST-P/11_19990202.tbf.xml" nodepath="21.3.1.1.1.0" sentencenodepath="21">Aunque el mercado carece de alma , hay razones para evitar <argset><specifier>la</specifier><head>condena </head><argument argument="arg2" function="cn" thematicrole="tem" type="sadv">a_muerte laboral</argument><argument argument="arg1" function="cn" thematicrole="pat" type="sp">de personas bien capacitadas para su profesión</argument></argset>. </example>
        <example file="CESS-CAST-P/32_20000801.tbf.xml" nodepath="1.3.1.1.1.0.0" sentencenodepath="1">Los ayuntamientos de Vitoria y Pamplona , además , suscribieron sendos escritos de <argset><head>condena </head><argument argument="argM" function="cn" thematicrole="cau" type="sp">por el crimen</argument></argset>, de los que EH se desmarcó con su abstención . </example>
      </examples>
    </frame>
  </sense>
</lexentry>
