<?xml version="1.0" encoding="UTF-8" standalone="no"?>
<!-- 

  ancoralex-2.0.3
       
			Copyright (C) 2007,2008,2009,2010,2011 CLiC - UB
			Centre de Llenguatge i Computació - Universitat de Barcelona
 
  This file is part of ancoralex-2.0.3.
 
  ancoralex-2.0.3 is free software and data: you can redistribute it and/or modify
  it under the terms of the GNU General Public License as published
  by the Free Software Foundation, either version 3 of the License,
  or (at your option) any later version.

  ancoralex-2.0.3 is distributed in the hope that it will be useful,
  but WITHOUT ANY WARRANTY; without even the implied warranty of
  MERCHANTABILITY or FITNESS FOR A PARTICULAR PURPOSE.  See the
  GNU General Public License for more details.
 
  You should have received a copy of the GNU General Public License
  along with ancoralex-2.0.3.  If not, see &lt;http://www.gnu.org/licenses/&gt;.
 
  Check a text in catalan explaining the terms of the license at http://www.softcatala.cat/wiki/GPL3.
  In spanish at http://www.viti.es/gnu/licenses/gpl.html
  
  The following paper must be cited when using verb lexicon: 

 * Aparicio, Juan, Mariona Taulé, M.Antònia Martí (2008) 'AnCora-Verb: A Lexical Resource for 
   the Semantic Annotation of Corpora'. Proceedings of 6th International Conference on Language 
   Resources and Evaluation. Marrakesh (Morocco).

  The following paper must be cited when using noun lexicon: 

 * Peris, Aina, Mariona Taulé (2011). AnCora-Nom: A Spanish lexicon of deverbal nominalizations. 
   Procesamiento del Lenguaje Natural, nº46, pp. 11-18.
 
 

 

-->

<lexentry lemma="configuración" lng="es" origin="deverbal" type="noun">
  <sense cousin="no" denotation="result" id="1" lexicalized="no" originlemma="configurar" originlink="verb.configurar.1" wordnetsynset="16:03952527">
    <frame appearsinplural="no" type="default">
      <argument argument="arg2" thematicrole="atr">
        <constituent frequency="1" type="s.a"/>
      </argument>
      <specifiers>
        <constituent frequency="1" postype="indefinite" type="determiner"/>
      </specifiers>
      <examples>
        <example file="3LB-CAST/dc3-6.tbf.xml" nodepath="9.3.1.1.2.0.2.1.0.1.3.1.0" sentencenodepath="9">Por_otro_lado , Hanack y sus colaboradores , en Alemania , han demostrado que si se utilizan metales de transición como Fe , Ru , Os , Co , Rh , Mn o Cr , que imponen <argset><specifier>una</specifier><head>configuración </head><argument argument="arg2" function="cn" thematicrole="atr" type="s.a">octaédrica</argument></argset>, y se utilizan moléculas orgánicas con sistemas n como ligandos , es posible una conducción adicional a_lo_largo_del eje central en estos polímeros . </example>
      </examples>
    </frame>
  </sense>
  <sense cousin="no" denotation="result" id="2" lexicalized="no" originlemma="configurar" originlink="verb.configurar.2" wordnetsynset="16:03952527">
    <frame appearsinplural="no" type="default">
      <argument argument="arg1" thematicrole="tem">
        <constituent frequency="1" postype="possessive" type="determiner"/>
      </argument>
      <reference_modifiers>
        <constituent frequency="1" type="s.a"/>
      </reference_modifiers>
      <examples>
        <example file="3LB-CAST/e2-0.tbf.xml" nodepath="2.3.3.1.1.2.2.1.0" sentencenodepath="2">En_todo_caso , Ø intentaré explicar brevísimamente la evolución del concepto de cultura a_fin_de subrayar no_tanto las innumerables definiciones existentes como el contexto del pensamiento en que Ø se han producido y <argset><argument argument="arg1" thematicrole="tem" type="spec">su</argument><head>configuración </head><reference_modifiers>actual</reference_modifiers></argset>. </example>
      </examples>
      <specifiers>
        <constituent frequency="1" postype="possessive" type="determiner"/>
      </specifiers>
    </frame>
  </sense>
  <sense cousin="no" denotation="result" id="3" lexicalized="no" originlemma="configurar" originlink="verb.configurar.3" wordnetsynset="16:03952527">
    <frame appearsinplural="yes" type="default">
      <argument argument="arg1" thematicrole="pat">
        <constituent frequency="1" type="s.a"/>
      </argument>
      <specifiers>
        <constituent frequency="1" postype="article" type="determiner"/>
      </specifiers>
      <reference_modifiers>
        <constituent frequency="1" type="s.a"/>
      </reference_modifiers>
      <examples>
        <example file="3LB-CAST/e2-1.tbf.xml" nodepath="6.4.2.1.1.1.0.1.1.1.0" sentencenodepath="6">Así_pues , la investigación antropológica , tan fecunda en el presente siglo , ha permitido al_mismo_tiempo el análisis del concepto de civilización como totalidad y el establecimiento de comparaciones entre <argset><specifier>las</specifier><head>configuraciones </head><argument argument="arg1" function="cn" thematicrole="pat" type="s.a">culturales</argument><reference_modifiers>propias de cada sociedad</reference_modifiers></argset>hasta reencontrar una - personalidad de base - ( Margaret_Mead ) . </example>
      </examples>
    </frame>
  </sense>
</lexentry>
