<?xml version="1.0" encoding="UTF-8" standalone="no"?>
<!-- 

  ancoralex-2.0.3
       
			Copyright (C) 2007,2008,2009,2010,2011 CLiC - UB
			Centre de Llenguatge i Computació - Universitat de Barcelona
 
  This file is part of ancoralex-2.0.3.
 
  ancoralex-2.0.3 is free software and data: you can redistribute it and/or modify
  it under the terms of the GNU General Public License as published
  by the Free Software Foundation, either version 3 of the License,
  or (at your option) any later version.

  ancoralex-2.0.3 is distributed in the hope that it will be useful,
  but WITHOUT ANY WARRANTY; without even the implied warranty of
  MERCHANTABILITY or FITNESS FOR A PARTICULAR PURPOSE.  See the
  GNU General Public License for more details.
 
  You should have received a copy of the GNU General Public License
  along with ancoralex-2.0.3.  If not, see &lt;http://www.gnu.org/licenses/&gt;.
 
  Check a text in catalan explaining the terms of the license at http://www.softcatala.cat/wiki/GPL3.
  In spanish at http://www.viti.es/gnu/licenses/gpl.html
  
  The following paper must be cited when using verb lexicon: 

 * Aparicio, Juan, Mariona Taulé, M.Antònia Martí (2008) 'AnCora-Verb: A Lexical Resource for 
   the Semantic Annotation of Corpora'. Proceedings of 6th International Conference on Language 
   Resources and Evaluation. Marrakesh (Morocco).

  The following paper must be cited when using noun lexicon: 

 * Peris, Aina, Mariona Taulé (2011). AnCora-Nom: A Spanish lexicon of deverbal nominalizations. 
   Procesamiento del Lenguaje Natural, nº46, pp. 11-18.
 
 

 

-->

<lexentry lemma="conferencia" lng="es" origin="deverbal" type="noun">
  <sense cousin="no" denotation="result" id="1" lexicalized="no" originlemma="conferenciar" originlink="verb.conferenciar.1" wordnetsynset="16:05406019+16:05343252">
    <frame appearsinplural="yes" type="default">
      <argument argument="arg0" thematicrole="agt">
        <constituent frequency="6" preposition="de" type="sp"/>
      </argument>
      <argument argument="arg1" thematicrole="tem">
        <constituent frequency="3" preposition="sobre" type="sp"/>
      </argument>
      <argument argument="argM" thematicrole="loc">
        <constituent frequency="2" preposition="en" type="sp"/>
      </argument>
      <argument argument="argM" thematicrole="tmp">
        <constituent frequency="1" preposition="de" type="sp"/>
      </argument>
      <argument argument="argM" thematicrole="fin">
        <constituent frequency="1" preposition="para" type="sp"/>
      </argument>
      <specifiers>
        <constituent frequency="14" postype="indefinite" type="determiner"/>
        <constituent frequency="8" postype="article" type="determiner"/>
        <constituent frequency="3" type="void"/>
        <constituent frequency="1" postype="demonstrative" type="determiner"/>
      </specifiers>
      <reference_modifiers>
        <constituent frequency="10" type="S"/>
        <constituent frequency="3" preposition="de" type="sp"/>
        <constituent frequency="3" type="s.a"/>
      </reference_modifiers>
      <examples>
        <example file="3LB-CAST/e1-0.tbf.xml" nodepath="10.4.1.2.1.1.1.2.0.2.2.1.0" sentencenodepath="10">Casi inevitablemente , ZZNM ha salido de la novela para subir a los altares y recibir el culto que merece Texto escrito para Radio_ZZPaís , sobre <argset><specifier>una</specifier><head>conferencia </head><reference_modifiers>pronunciada en el ZZlugar de ZZciudad , bajo el patrocinio del ZZorganización</reference_modifiers></argset>. </example>
        <example file="CESS-CAST-A/10209_20001114.tbf.xml" nodepath="3.6.2.1.2.1.1.1.0" sentencenodepath="3">El número de asaltos piratas o secuestros se han multiplicado por 30 sólo en los últimos diez meses , el mayor registro en una década , según un informe del Departamento_Marítimo_para_la_Piratería , con sede en Kuala_Lumpur , presentado en <argset><specifier>una</specifier><head>conferencia </head><argument argument="arg1" function="cn" thematicrole="tem" type="sp">sobre piratería</argument><reference_modifiers>que durará dos días y que comenzó hoy en la capital malasia</reference_modifiers></argset>. </example>
        <example file="CESS-CAST-A/10209_20001114.tbf.xml" nodepath="4.2.1.1.0" sentencenodepath="4">Alrededor_de 40 expertos de 13 naciones participan en <argset><specifier>la</specifier><head>conferencia </head></argset>para tratar acerca_de una mayor cooperación en la lucha contra los piratas . </example>
        <example file="CESS-CAST-A/13026_20001117.tbf.xml" nodepath="2.4.1.0" sentencenodepath="2">Los ministros de Defensa de la Unión_Europea ( UE ) celebrarán el próximo lunes en Bruselas <argset><specifier>una</specifier><head>conferencia </head><reference_modifiers>de " generación de fuerzas "</reference_modifiers><reference_modifiers>, en la que cada socio comunicará formalmente la aportación de su país a la Fuerza militar europea , que contará con más de 60.000 soldados</reference_modifiers></argset>. </example>
        <example file="CESS-CAST-A/16572_20000320.tbf.xml" nodepath="2.3.1.1.0" sentencenodepath="2">" El comercio puede contribuir al desarrollo , pero Ø no lo produce , y mucho menos Ø produce el desarrollo sostenible " , apuntó Lamy en <argset><specifier>una</specifier><head>conferencia </head></argset>en la Universidad_de_Sao_Paulo . </example>
        <example file="CESS-CAST-A/18485_20000724.tbf.xml" nodepath="1.4.1.0.0" sentencenodepath="1">Así lo aseguró la consejera en <argset><head>conferencia </head><reference_modifiers>de prensa</reference_modifiers></argset>al término de la reunión que durante más de dos horas Ø mantuvo con el ministro , al que Ø expuso las prioridades de la Junta_de_Andalucía en_cuanto_a infraestructuras de carreteras y ferroviarias , sobre las que también hubo coincidencia . </example>
        <example file="CESS-CAST-A/18587_20000622.tbf.xml" nodepath="1.0.3.4.1.1.0" sentencenodepath="1">Jauregui , en declaraciones telefónicas al informativo " Hora_Sur_Tercera_Edición " de Canal_Sur_Radio , y recogidas por EFE , comentó que Ø había asistido hoy a <argset><specifier>una</specifier><head>conferencia </head><argument argument="argM" function="cn" thematicrole="loc" type="sp">en Beasain ( Guipúzcoa )</argument></argset>, y Ø comentó que amigos suyos de esta localidad " creen que este domingo Ø toca " , en alusión a un atentado de ETA , ya_que " ese ambiente está en el paisaje " . </example>
        <example file="CESS-CAST-AA/24699_20000229.tbf.xml" nodepath="0.4.2.1.0" sentencenodepath="0">La esposa del presidente del Gobierno , Ana_Botella , ha hecho un llamamiento para que las mujeres de Lleida luchen para conseguir un mayor equilibrio entre los dos sexos , durante <argset><specifier>una</specifier><head>conferencia </head><argument argument="arg1" function="cn" thematicrole="tem" type="sp">sobre Políticas_de_Igualdad</argument><reference_modifiers>que ha ofrecido esta noche en la capital del Segriá</reference_modifiers></argset>. </example>
        <example file="CESS-CAST-AA/5327_20000707.tbf.xml" nodepath="4.2.4.3.0.1.1.1.0" sentencenodepath="4">El portavoz del Departamento_de_Estado manifestó que EEUU " está especialmente agradecido a España por facilitar <argset><specifier>la</specifier><head>conferencia </head></argset>y por contribuir con 100 millones de dólares " . </example>
        <example file="CESS-CAST-AA/5327_20000707.tbf.xml" nodepath="6.0.3.1.0" sentencenodepath="6">" Ø Vemos <argset><specifier>esta</specifier><head>conferencia </head></argset>como un paso clave en la organización de un amplio apoyo al presidente de Colombia , Andrés_Pastrana y a los colombianos " , dijo Boucher . </example>
        <example file="CESS-CAST-AA/8551_20000114.tbf.xml" nodepath="9.2.2.1.1.1.2.1.1.0" sentencenodepath="9">La reducción en los próximos días de las comisiones , que regirá para Centroamérica , Belice y Panamá , fue comunicada por las aerolíneas el pasado 27_de_diciembre y Ø obedece a una medida adoptada por la Asociación_de_Transporte_Aéreo_Internacional ( IATA ) durante <argset><specifier>una</specifier><head>conferencia </head><reference_modifiers>celebrada en Canadá en julio pasado</reference_modifiers></argset>. </example>
        <example file="CESS-CAST-AA/8907_20000114.tbf.xml" nodepath="1.3.8.1.1.1.1.1.1.0" sentencenodepath="1">En una columna que publica hoy el vespertino francés " Le_Monde " , Bédié dijo que " pese_a las dificultades , ( ... ) hay que hacer todo lo posible para aplicar la resolución de <argset><specifier>la</specifier><head>conferencia </head><argument argument="arg0" function="cn" thematicrole="agt" type="sp">de la Comunidad_Económica_de_los_Estados_de_Africa_Occidental</argument></argset>para la organización antes de junio_del_2000 de elecciones libres y transparentes " . </example>
        <example file="CESS-CAST-AA/9294_20000512.tbf.xml" nodepath="1.0.1.1.0" sentencenodepath="1">En <argset><specifier>una</specifier><head>conferencia </head><reference_modifiers>de prensa</reference_modifiers><reference_modifiers>convocada en Alicante con_motivo_de la clausura de un seminario sobre los modelos de relación entre el sindicato y la sociedad organizado por UGT</reference_modifiers></argset>, Méndez apostó por un " cambio en la legislación " y Ø resaltó que hay que " conectar la buena situación económica con un avance en la protección por desempleo " . </example>
        <example file="CESS-CAST-P/101_20000401.tbf.xml" nodepath="2.3.1.0" sentencenodepath="2">Después Ø ofreció <argset><specifier>una</specifier><head>conferencia </head><argument argument="argM" function="cn" thematicrole="tmp" type="sp">de más de una hora</argument><reference_modifiers>en la que explicó a los asistentes , en su mayoría mujeres , los problemas que ha tenido con el peso durante su vida y la satisfacción de haber conseguido solucionarlos</reference_modifiers></argset>. </example>
        <example file="CESS-CAST-P/126_20000401.tbf.xml" nodepath="4.3.1.1.1.1.0.0" sentencenodepath="4">Más de 100 periodistas , 20 cámaras de televisión y muchos fotógrafos , muchísimos , recibieron ayer en el salón de <argset><head>conferencias </head></argset>de un hotel de Madrid a Pedro_Almodóvar , que venía acompañado de su Oscar y de tres de sus actores : Marisa_Paredes , Antonia_San_Juan y Eloy_Azorín . </example>
        <example file="CESS-CAST-P/126_20000401.tbf.xml" nodepath="19.2.4.1.1.1.2.1.1.1.0.0" sentencenodepath="19">El cineasta se fotografió con su Oscar durante un buen rato y luego Ø lo colocó entre los micrófonos que llenaban la mesa de <argset><head>conferencias </head></argset>. </example>
        <example file="CESS-CAST-P/16_20020601_b.tbf.xml" nodepath="2.3.1.2.1.0.1.4.1.0" sentencenodepath="2">El mandatario gallego inició ayer una visita oficial a Moscú , donde Ø ofreció <argset><specifier>una</specifier><head>conferencia </head><argument argument="arg1" function="cn" thematicrole="tem" type="sp">sobre su experiencia política</argument></argset>. </example>
        <example file="CESS-CAST-P/17_20020202.tbf.xml" nodepath="4.0.1.1.0" sentencenodepath="4">En <argset><specifier>una</specifier><head>conferencia </head><argument argument="arg0" function="cn" thematicrole="agt" type="sp">de prensa</argument><reference_modifiers>posterior</reference_modifiers></argset>, Duhalde calificó de " muy grave " la sentencia porque , en su opinión , Ø puede llevar a la quiebra del sistema financiero y entonces , " cobrarán los abogados , no los ahorradores " , subrayó Ø . </example>
        <example file="CESS-CAST-P/19_20010901.tbf.xml" nodepath="0.0.1.0" sentencenodepath="0"><argset><specifier>LA</specifier><head>CONFERENCIA </head><argument argument="arg0" function="cn" thematicrole="agt" type="sp">DE DURBAN</argument></argset>MANEJA TRES CONCEPTOS QUE SON SINÓNIMO DE DIVISIÓN SEPARACIÓN O EXCLUSIÓN . </example>
        <example file="CESS-CAST-P/25_19990401.tbf.xml" nodepath="1.3.1.1.1.1.0" sentencenodepath="1">El ministro alemán de Asuntos_Exteriores , Joschka_Fischer , propuso ayer la convocatoria de <argset><specifier>una</specifier><head>conferencia </head><reference_modifiers>internacional</reference_modifiers><argument argument="argM" function="cn" thematicrole="fin" type="sp">para los Balcanes</argument><reference_modifiers>, cuyo objetivo sería asegurar una paz duradera en la región</reference_modifiers></argset>. </example>
        <example file="CESS-CAST-P/3_19991202.tbf.xml" nodepath="5.4.2.1.2.2.1.1.2.2.1.1.1.1.1.0" sentencenodepath="5">Seattle amaneció ayer bajo un estricto control policial , tras los violentos incidentes protagonizados en la tarde y la noche del Martes ( madrugada de ayer en España ) por diversos grupos radicales que lograron bloquear la apertura de <argset><specifier>la</specifier><head>conferencia </head><reference_modifiers>ministerial</reference_modifiers><argument argument="arg0" function="cn" thematicrole="agt" type="sp">de la Organización_Mundial_de_Comercio ( OMC )</argument></argset>. </example>
        <example file="CESS-CAST-P/3_19991202.tbf.xml" nodepath="8.4.1.1.2.3.1.1.1.1.1.0" sentencenodepath="8">Los antidisturbios impedían ayer acercarse a la zona a los grupos radicales , que intentaban volver a bloquear el acceso a <argset><specifier>la</specifier><head>conferencia </head><argument argument="arg0" function="cn" thematicrole="agt" type="sp">de la OMC</argument></argset>como el primer día . </example>
        <example file="CESS-CAST-P/3_19991202.tbf.xml" nodepath="22.5.1.1.1.2.1.1.0" sentencenodepath="22">La noche del martes , unos 2.000 manifestantes radicales se hicieron con el control de los cruces de las calles alrededor del centro de congresos para impedir el acceso de las autoridades a <argset><specifier>la</specifier><head>conferencia </head><argument argument="arg0" function="cn" thematicrole="agt" type="sp">de la OMC</argument></argset>. </example>
        <example file="CESS-CAST-P/48_20000602.tbf.xml" nodepath="0.3.1.1.0" sentencenodepath="0">Ramón_Jáuregui avisó ayer en <argset><specifier>una</specifier><head>conferencia </head><reference_modifiers>pronunciada en Lleida</reference_modifiers></argset>que " Euskadi camina irreversiblemente hacia las trincheras " . </example>
        <example file="CESS-CAST-P/5_19981201.tbf.xml" nodepath="1.1.2.1.0" sentencenodepath="1">El president , en <argset><specifier>la</specifier><head>conferencia </head><reference_modifiers>que pronunció el pasado lunes</reference_modifiers></argset>, defendió reducir el déficit hasta el 2,5% del PIB , lo que supondría situarlo en unos 400.000 millones . </example>
        <example file="CESS-CAST-P/68_19990302.tbf.xml" nodepath="2.0.1.1.0" sentencenodepath="2">Durante <argset><specifier>una</specifier><head>conferencia </head><argument argument="argM" function="cn" thematicrole="loc" type="sp">en el foro Tribuna_de_Barcelona</argument></argset>, Rodés apeló ayer a los gestores de la universidad y la empresa para que Ø , respectivamente , acaben con el " sistema anacrónico y endogámico " y Ø apuesten por la innovación para " sobrevivir " . </example>
      </examples>
    </frame>
  </sense>
  <sense alternativelemma="conferencia_de_prensa" cousin="no" denotation="result" id="2" lexicalizationtype="nominal" lexicalized="yes" originlemma="conferenciar" originlink="verb.conferenciar.1" wordnetsynset="16:cs3">
    <frame appearsinplural="no" type="default">
      <argument argument="argL">
        <constituent frequency="14" preposition="de" type="sp"/>
      </argument>
      <argument argument="argM" thematicrole="adv">
        <constituent frequency="1" preposition="de" type="sp"/>
      </argument>
      <argument argument="argM" thematicrole="tmp">
        <constituent frequency="1" type="s.a"/>
      </argument>
      <specifiers>
        <constituent frequency="6" type="void"/>
        <constituent frequency="4" postype="article" type="determiner"/>
        <constituent frequency="5" postype="indefinite" type="determiner"/>
      </specifiers>
      <reference_modifiers>
        <constituent frequency="2" type="S"/>
        <constituent frequency="1" type="s.a"/>
      </reference_modifiers>
      <examples>
        <example file="CESS-CAST-A/10664_20000117.tbf.xml" nodepath="2.3.1.0.0" sentencenodepath="2">Izquierda_Unida_de_la_Región_de_Murcia presentó hoy en <argset><head>conferencia </head><argument argument="argL" function="cn" type="sp">de prensa</argument></argset>a sus candidatos al Congreso y al Senado , entre los que se encuentran , además_de Ríos en la lista a la Cámara_Baja , el ex-diputado regional Cayetano_Jaime_Moltó , la concejala del Ayuntamiento_de_Totana Josefina_Galvez y el profesor de Ecología de la Universidad_de_Murcia Miguel_Angel_Esteve , que figura como independiente . </example>
        <example file="CESS-CAST-A/10664_20000117.tbf.xml" nodepath="6.0.1.1.0" sentencenodepath="6">En <argset><specifier>la</specifier><head>conferencia </head><argument argument="argL" function="cn" type="sp">de prensa</argument></argset>Pedro_Antonio_Ríos expresó su deseo de que durante el periodo que falta para las elecciones se hable de alternativas y se hagan propuestas sobre el empleo , la mejora de las condiciones laborales y el modelo de Estado . </example>
        <example file="CESS-CAST-A/11465_20000214.tbf.xml" nodepath="2.3.1.1.0" sentencenodepath="2">" Ø Creo que Ø podemos presentar un balance positivo , porque este Gobierno ha conseguido salvaguardar los intereses vitales de España dentro del proceso de construcción europeo , en el que Ø ha jugado un papel de animador del mismo " , sostuvo Ø en <argset><specifier>una</specifier><head>conferencia </head><argument argument="argL" function="cn" type="sp">de prensa</argument></argset>. </example>
        <example file="CESS-CAST-A/13853_20000918.tbf.xml" nodepath="9.2.1.0.0" sentencenodepath="9">Irureta destacó en <argset><head>conferencia </head><argument argument="argL" function="cn" type="sp">de prensa</argument></argset>tras el entrenamiento que " hay que apelar , como siempre , a nuestra afición para que Ø venga y Ø apoye al_máximo , que Ø nos anime " . </example>
        <example file="CESS-CAST-A/17116_20000722.tbf.xml" nodepath="6.1.0.2.1.1.0" sentencenodepath="6">Hoy , sábado , Durr declaró durante <argset><specifier>una</specifier><head>conferencia </head><argument argument="argL" function="cn" type="sp">de prensa</argument></argset>que " el objetivo es el mantenimiento de la planta " y Ø volvió a proponer a Heineken que Ø venda la empresa por un franco simbólico a_la_vez_que Ø insistió en que la fábrica " es rentable y Ø puede dinamizarse " . </example>
        <example file="CESS-CAST-AA/19811_20000427.tbf.xml" nodepath="1.0.1.1.0" sentencenodepath="1">En <argset><specifier>la</specifier><head>conferencia </head><argument argument="argM" function="cn" thematicrole="adv" type="sp">de prensa</argument><argument argument="argM" function="cn" thematicrole="tmp" type="s.a">posterior al Consejo_de_Gobierno</argument></argset>, Fraga lamentó las últimas acciones violentas en Mondragón y Ø explicó que esta mañana Ø se había llevado una " relativa alegría " cuando Ø vio que se está actuando contra algunos de los responsables de la violencia callejera en el País_Vasco , " alegría que disminuyó al ver que Ø era por instrucciones de la Audiencia_Nacional " . </example>
        <example file="CESS-CAST-AA/20121_20000427.tbf.xml" nodepath="3.3.1.0.0" sentencenodepath="3">Gaspart confirmó luego en <argset><head>conferencia </head><argument argument="argL" function="cn" type="sp">de prensa</argument></argset>que él no ha pensado en ningún momento en abandonar la junta directiva de la Federación por este incidente . </example>
        <example file="CESS-CAST-AA/20443_20000128.tbf.xml" nodepath="1.3.1.1.0" sentencenodepath="1">Matutes hizo estas declaraciones en <argset><specifier>una</specifier><head>conferencia </head><argument argument="argL" function="cn" type="sp">de prensa</argument><reference_modifiers>celebrada junto_al canciller cubano , Felipe_Pérez_Roque , que hizo escala en España dentro_de su gira por diversos países europeos para explicar , según dijo , el " drama " que vive Elián en los Estados_Unidos , " retenido por la fuerza e impedido de reunirse con su padre y su verdadera familia en Cuba "</reference_modifiers></argset>. </example>
        <example file="CESS-CAST-AA/20613_20000428.tbf.xml" nodepath="2.0.1.0.0" sentencenodepath="2">En <argset><head>conferencia </head><argument argument="argL" function="cn" type="sp">de prensa</argument><reference_modifiers>que ofreció hoy tras asistir a un multitudinario acto en Nueva_York</reference_modifiers></argset>, Toledo dijo que " si jueces independientes y expertos legales que trabajan con nosotros concluyen que ( Berenson ) no tuvo un juicio justo , Ø aguardaríamos recomendaciones para revisar el proceso , pero Ø no haremos distinciones jurídicas por cuestiones de nacionalidad " . </example>
        <example file="CESS-CAST-AA/20809_20000428.tbf.xml" nodepath="2.3.1.0.0" sentencenodepath="2">" El último ejercicio económico no ha ido muy allá ... Es probable que si Ø hubiera sido un año brillante para Caja_Cantabria yo , que llevo tres meses en el cargo , no estaría hoy aquí " , explicó el director general en <argset><head>conferencia </head><argument argument="argL" function="cn" type="sp">de prensa</argument></argset>, al ser preguntado por las razones que explican un recorte de 2.585 millones en los beneficios . </example>
        <example file="CESS-CAST-AA/20993_20000225.tbf.xml" nodepath="3.0.1.1.0" sentencenodepath="3">En <argset><specifier>una</specifier><head>conferencia </head><argument argument="argL" function="cn" type="sp">de prensa</argument></argset>, Ø abogó por pactos comarcales para impulsar el empleo y el desarrollo económico liderados por los Ayuntamientos y con un compromiso del conjunto de la sociedad y financiación de fondos europeos y Ø puso el ejemplo del Pacto_Territorial_por_el_Empleo_de_la_Bahía_de_Cádiz . </example>
        <example file="CESS-CAST-AA/21176_20000626.tbf.xml" nodepath="0.2.0.1.1.0" sentencenodepath="0">El estadounidense Pete_Sampras ganó en su debut en Wimbledon con un 6-4 , 6-4 y 6-2 ante el checo Jiri_Vanek y en <argset><specifier>la</specifier><head>conferencia </head><argument argument="argL" function="cn" type="sp">de prensa</argument><reference_modifiers>posterior</reference_modifiers></argset>Ø se refirió a la postura tomada por los españoles Alex_Corretja y Albert_Costa , que a su juicio se ha comportado como niños al abandonar el torneo por discrepar del sistema de elección de los cabezas de serie . </example>
        <example file="CESS-CAST-AA/22459_20000927.tbf.xml" nodepath="6.0.4.1.1.0" sentencenodepath="6">Corretja y Costa se mostraron muy felices durante <argset><specifier>la</specifier><head>conferencia </head><argument argument="argL" function="cn" type="sp">de prensa</argument></argset>e incluso Ø bromearon . </example>
        <example file="CESS-CAST-AA/23195_20000328.tbf.xml" nodepath="1.2.1.1.0" sentencenodepath="1">La portavoz del Servicio_de_Inmigración_y_Naturalización ( INS ) , de Miami ( sureste de EEUU ) , María_Elena_García , dijo en <argset><specifier>una</specifier><head>conferencia </head><argument argument="argL" function="cn" type="sp">de prensa</argument></argset>que las leyes estadounidenses requieren garantías por_escrito de que la persona que tiene un permiso provisional de estancia , cumplirá con los términos del mismo . </example>
        <example file="CESS-CAST-AA/3224_20000304.tbf.xml" nodepath="1.0.3.1.0.0" sentencenodepath="1">Según informó hoy en <argset><head>conferencia </head><argument argument="argL" function="cn" type="sp">de prensa</argument></argset>el Delegado_del_Gobierno en la Comunidad_Valenciana , Carlos_González_Cepeda , los detenidos , pertenecientes a la denominada " Hermandad_Nacional_Socialista_Armagedon " , presentaban en algunos casos antecedentes policiales por peleas y agresiones racistas . </example>
      </examples>
    </frame>
  </sense>
</lexentry>
