<?xml version="1.0" encoding="UTF-8" standalone="no"?>
<!-- 

  ancoralex-2.0.3
       
			Copyright (C) 2007,2008,2009,2010,2011 CLiC - UB
			Centre de Llenguatge i Computació - Universitat de Barcelona
 
  This file is part of ancoralex-2.0.3.
 
  ancoralex-2.0.3 is free software and data: you can redistribute it and/or modify
  it under the terms of the GNU General Public License as published
  by the Free Software Foundation, either version 3 of the License,
  or (at your option) any later version.

  ancoralex-2.0.3 is distributed in the hope that it will be useful,
  but WITHOUT ANY WARRANTY; without even the implied warranty of
  MERCHANTABILITY or FITNESS FOR A PARTICULAR PURPOSE.  See the
  GNU General Public License for more details.
 
  You should have received a copy of the GNU General Public License
  along with ancoralex-2.0.3.  If not, see &lt;http://www.gnu.org/licenses/&gt;.
 
  Check a text in catalan explaining the terms of the license at http://www.softcatala.cat/wiki/GPL3.
  In spanish at http://www.viti.es/gnu/licenses/gpl.html
  
  The following paper must be cited when using verb lexicon: 

 * Aparicio, Juan, Mariona Taulé, M.Antònia Martí (2008) 'AnCora-Verb: A Lexical Resource for 
   the Semantic Annotation of Corpora'. Proceedings of 6th International Conference on Language 
   Resources and Evaluation. Marrakesh (Morocco).

  The following paper must be cited when using noun lexicon: 

 * Peris, Aina, Mariona Taulé (2011). AnCora-Nom: A Spanish lexicon of deverbal nominalizations. 
   Procesamiento del Lenguaje Natural, nº46, pp. 11-18.
 
 

 

-->

<lexentry lemma="confianza" lng="es" origin="deverbal" type="noun">
  <sense cousin="no" denotation="result" id="1" lexicalized="no" originlemma="confiar" originlink="verb.confiar.1" wordnetsynset="16:05595498">
    <frame appearsinplural="yes" type="default">
      <argument argument="arg0" thematicrole="agt">
        <constituent frequency="8" postype="possessive" type="determiner"/>
        <constituent frequency="6" preposition="de" type="sp"/>
        <constituent frequency="1" type="s.a"/>
      </argument>
      <argument argument="arg1" thematicrole="tem">
        <constituent frequency="1" preposition="de" type="sp"/>
        <constituent frequency="11" preposition="en" type="sp"/>
        <constituent frequency="1" type="s.a"/>
      </argument>
      <argument argument="argM" thematicrole="fin">
        <constituent frequency="2" preposition="para" type="sp"/>
      </argument>
      <specifiers>
        <constituent frequency="2" postype="demonstrative" type="determiner"/>
        <constituent frequency="16" postype="article" type="determiner"/>
        <constituent frequency="23" type="void"/>
        <constituent frequency="3" postype="indefinite" type="determiner"/>
        <constituent frequency="1" postype="r" type="determiner"/>
        <constituent frequency="8" postype="possessive" type="determiner"/>
      </specifiers>
      <reference_modifiers>
        <constituent frequency="1" preposition="para" type="sp"/>
        <constituent frequency="7" type="S"/>
        <constituent frequency="4" type="s.a"/>
      </reference_modifiers>
      <examples>
        <example file="3LB-CAST/d1-8.tbf.xml" nodepath="5.0.0.1.0" sentencenodepath="5"><argset><specifier>Esa misma</specifier><head>confianza </head></argset>, el cansancio del que golpea , o simplemente la sorpresa moderó los apetitos atléticos . </example>
        <example file="3LB-CAST/t3-1.tbf.xml" nodepath="1.0.2.2.1.1.1.0" sentencenodepath="1">Hasta el hotel era umbrío , construido en <argset><specifier>la</specifier><head>confianza </head><argument argument="arg1" function="cn" thematicrole="tem" type="sp">del sol inagotable</argument></argset>, agravadas sus tinieblas por el trabajo al_ralentí del personal en huelga , sospechosos los huevos , el bacon , las ensaladas de frutas , los copos de avena , la melaza , la mantequilla de ser una foto rancia de tiempos normales , aquellos tiempos de camareros felices , ahora arqueología de desayuno buffet libre para clientes recelosos de un servicio con reivindicaciones sociales . </example>
        <example file="CESS-CAST-A/10080_20000914.tbf.xml" nodepath="3.4.1.1.0.0" sentencenodepath="3">Aquella victoria le sirvió , no_obstante , para ganar <argset><head>confianza </head></argset>con_miras_a los Juegos_Olímpicos , según dijo el propio atleta , que después sólo ha llegado a saltar 2,30 metros . </example>
        <example file="CESS-CAST-A/10084_20000313.tbf.xml" nodepath="10.5.1.0.1.0.2.2.1.1.4.1.0" sentencenodepath="10">En los pequeños pueblos el voto mayoritario también tuvo color popular como en La_Hiruela el más pequeño de la región , con 28 electores , de los cuales más del 63_por_ciento dio <argset><argument argument="arg0" thematicrole="agt" type="spec">su</argument><head>confianza </head></argset>al PP o en La_Acebeda donde casi el 90_por_ciento de sus 56 electores votó al Partido_Popular . </example>
        <example file="CESS-CAST-A/10084_20000313.tbf.xml" nodepath="11.3.1.0" sentencenodepath="11">También en Campo_Real , donde se ubicará el futuro aeropuerto de Madrid casi el 60_por_ciento dio <argset><argument argument="arg0" thematicrole="agt" type="spec">su</argument><head>confianza </head></argset>a las propuestas del PP . </example>
        <example file="CESS-CAST-A/11456_20000715.tbf.xml" nodepath="7.0.1.4.0.0.1.1.0" sentencenodepath="7">" El equipo llegará bien ; motivado que es lo más importante ; con <argset><specifier>mucha</specifier><head>confianza </head></argset>y creyendo en sus propias posibilidades pero Ø sabemos que cada partido será más difícil que el anterior , porque se incrementan las exigencias " , aseguró Agustín_Delgado . </example>
        <example file="CESS-CAST-A/11465_20000214.tbf.xml" nodepath="5.5.3.1.1.1.0.1.4.1.0.0" sentencenodepath="5">Para Matutes , " todo ello son logros de los que podemos sentirnos todos legítimamente orgullosos , empezando por todos los españoles en primer lugar , porque lo que ha hecho este Gobierno es armar y conducir un caballo lleno de vitalidad , de fuerza , de <argset><head>confianza </head><argument argument="arg1" function="cn" thematicrole="tem" type="sp">en el futuro que se llama España y los españoles</argument></argset>" . </example>
        <example file="CESS-CAST-A/14827_20000719.tbf.xml" nodepath="4.4.6.1.0.0" sentencenodepath="4">Para el dirigente cafetero el aumento del precio externo , que va directamente a los productores , significará más tranquilidad para los cultivadores , porque ahora Ø podrán atender sus deudas , mejorar sus cafetales y tener <argset><head>confianza </head><argument argument="arg1" function="cn" thematicrole="tem" type="sp">en las inversiones</argument></argset>. </example>
        <example file="CESS-CAST-A/15021_20000218.tbf.xml" nodepath="9.4.2.1.0.4.3.0.1.1.1.1.1.1.1.0.0" sentencenodepath="9">El portavoz del PSE-EE , Fernando_Buesa , anunció al lehendakari que " Ø no espere nuestro apoyo " en esta estrategia de " mantenerse en el cargo teniendo o no viabilidad " su proyecto , por lo que Ø le preguntó si Ø tiene intención de someterse a una cuestión de <argset><head>confianza </head></argset>, ya_que Ø fue investido lehendakari con los votos del PNV , EA y EH . </example>
        <example file="CESS-CAST-A/16786_20000221.tbf.xml" nodepath="6.0.3.1.1.1.0" sentencenodepath="6">El yen registró momentos de alza efímeros debido_a que <argset><specifier>la</specifier><head>confianza </head><argument argument="arg0" function="cn" thematicrole="agt" type="sp">de los inversores</argument><argument argument="arg1" function="cn" thematicrole="tem" type="sp">en la divisa nipona</argument></argset>ha disminuído por el sentimiento de que la actividad económica japonesa está en descenso y un impuesto a los principales bancos situados en Tokio que , de ser aprobado , reducirá los beneficios de esas entidades . </example>
        <example file="CESS-CAST-A/17638_20000322.tbf.xml" nodepath="6.5.1.0.3.0.1" sentencenodepath="6">Su primer triunfo como profesional le llegó también sobre un empinado trazado en el Alto_a_Penhas_de_Saúde , en Portugal , lo que le dio <argset>" <head>confianza </head>
            <reference_modifiers>para los próximos compromisos</reference_modifiers>" </argset>. </example>
        <example file="CESS-CAST-A/17715_20001022.tbf.xml" nodepath="1.0.2.2.1.1.0" sentencenodepath="1">Una consulta popular ayudaría " a recuperar <argset><specifier>la</specifier><head>confianza </head><reference_modifiers>perdida por los ciudadanos en la UE</reference_modifiers></argset>" , declaró hoy la " número dos " del Gobierno austriaco , en una entrevista al primer canal de la televisión pública alpina ORF . </example>
        <example file="CESS-CAST-A/18213_20000828.tbf.xml" nodepath="8.1.2.2.1.0" sentencenodepath="8">Sobre la posibilidad de que Sevilla tenga una rival entre las ciudades españolas para la candidatura del 2012 , José_Hurtado dijo que " Sevilla no tiene rival en España " y Ø mostró <argset><argument argument="arg0" thematicrole="agt" type="spec">su</argument><head>confianza </head><argument argument="arg1" function="cn" thematicrole="tem" type="sp">en que esta ciudad " siga contando con el beneplácito del Consejo_Superior_de_Deportes y el Gobierno_Central , que es el que tiene que avalar "</argument></argset>. </example>
        <example file="CESS-CAST-A/18381_20000322.tbf.xml" nodepath="4.3.2.1.0" sentencenodepath="4">Sin_embargp , el manejador de los Yanquis , Joe_Torre , dijo que , aunque el equipo no ganase ni un solo partido más en el campo de entrenamiento , <argset><argument argument="arg0" thematicrole="agt" type="spec">su</argument><head>confianza </head><argument argument="arg1" function="cn" thematicrole="tem" type="sp">en los jugadores</argument></argset>es completa . </example>
        <example file="CESS-CAST-A/18886_20000323.tbf.xml" nodepath="3.3.1.0" sentencenodepath="3">El jugador portugués expresó no_obstante <argset><argument argument="arg0" thematicrole="agt" type="spec">su</argument><head>confianza </head><argument argument="arg1" function="cn" thematicrole="tem" type="sp">en que el Deportivo no precisará de sus servicios para obtener un resultado satisfactorio en el partido de Liga que el próximo domingo , a_partir_de las siete y media de la tarde , disputará en Riazor ante el Oviedo</argument></argset>. </example>
        <example file="CESS-CAST-AA/19336_20000623.tbf.xml" nodepath="13.1.1.1.1.0.0" sentencenodepath="13">A_la_espera_de que se oficialice o no el levantamiento de la sanción , la prueba de <argset><head>confianza </head><reference_modifiers>dada hoy por la Federación germana</reference_modifiers></argset>ha levantado las primeras críticas . </example>
        <example file="CESS-CAST-AA/19377_20000323.tbf.xml" nodepath="8.0.3.3.1.1.2.4.1.0" sentencenodepath="8">" El Consejo reafirma que la desmovilización y el desarme deben tener_lugar en un ambiente seguro , que dé a los ex combatientes <argset><specifier>la</specifier><head>confianza </head><reference_modifiers>necesaria</reference_modifiers><argument argument="argM" function="cn" thematicrole="fin" type="sp">para abandonar las armas</argument></argset>" , agregó Chowdhry . </example>
        <example file="CESS-CAST-AA/19996_20000726.tbf.xml" nodepath="3.2.1.1.0" sentencenodepath="3">El dólar y el euro subieron gracias_a <argset><specifier>la</specifier><head>confianza </head><reference_modifiers>que hay por el futuro de ambas economías , que en este momento están mejor que la japonesa , donde la demanda interna es todavía muy débil</reference_modifiers></argset>. </example>
        <example file="CESS-CAST-AA/20077_20001125.tbf.xml" nodepath="3.4.1.2.1.3.1.0" sentencenodepath="3">" Ø Vamos a ir a buscar la victoria intentando empezar una etapa de dos ó tres resultados positivos para que los jugadores puedan coger <argset><specifier>esa</specifier><head>confianza </head><reference_modifiers>que les falta</reference_modifiers></argset>" . </example>
        <example file="CESS-CAST-AA/20305_20001025.tbf.xml" nodepath="1.3.1.1.0.1.1.4.1.1.0.0" sentencenodepath="1">Nadie duda en Serbia de que Milutinovic , acólito político , amigo y hombre de <argset><head>confianza </head></argset>del ex presidente federal yugoslavo Slobodan_Milosevic , cuenta con el apoyo de éste , que perdió las elecciones del 24_de_septiembre y abandonó el poder el pasado día_5 . </example>
        <example file="CESS-CAST-AA/20667_20000128.tbf.xml" nodepath="4.3.5.5.1.1.1.1.1.1.1.0" sentencenodepath="4">El técnico malagueño comentó hoy que el partido con el Gijón les ha devuelto a la normalidad , ya_que " Ø fue una victoria muy importante para volver a coger <argset><specifier>la</specifier><head>confianza </head><reference_modifiers>que le faltaba al equipo</reference_modifiers></argset>" . </example>
        <example file="CESS-CAST-AA/2137_20000704.tbf.xml" nodepath="4.1.1.2.1.0.3.2.2.1.1.1.1.0" sentencenodepath="4">Sin_embargo , la aparición reciente de indicadores económicos positivos , como el descenso del desempleo y el aumento de <argset><specifier>la</specifier><head>confianza </head><argument argument="arg1" function="cn" thematicrole="tem" type="s.a">inversora</argument><argument argument="arg0" function="cn" thematicrole="agt" type="sp">de las principales empresas</argument></argset>, le abren el camino para una nueva etapa con una política monetaria más flexible y tipos de interés más altos . </example>
        <example file="CESS-CAST-AA/21758_20000627.tbf.xml" nodepath="1.3.4.3.2.1.1.1.1.1.0.0" sentencenodepath="1">En un comunicado , la Organización_para_la_Cooperación_y_el_Desarrollo_Económico ( OCDE ) anunció que " la premisa básica de las directrices es que los principios acordados internacionalmente pueden ayudar a prevenir conflictos y a construir una atmósfera de <argset><head>confianza </head></argset>entre las compañías multinacionales y las sociedades en las que Ø operan " . </example>
        <example file="CESS-CAST-AA/23199_20000927.tbf.xml" nodepath="4.0.3.2.0.0" sentencenodepath="4">" Ellos están haciéndolo bien en la competición europea y en la Liga , pero nosotros debemos tener <argset><head>confianza </head></argset>porque Ø estamos mejorando " , agregó Ø . </example>
        <example file="CESS-CAST-AA/24070_20000329.tbf.xml" nodepath="10.0.3.0.1" sentencenodepath="10">Inglaterra no permitió <argset><reference_modifiers>mayores</reference_modifiers><head>confianzas </head></argset>a su rival y , tras obtener el 2-0 al transformar Lampard un penalti , Yugoslavia cayó por_completo en la impotencia . </example>
        <example file="CESS-CAST-AA/24844_20000929.tbf.xml" nodepath="2.0.2.2.1.1" sentencenodepath="2">Ahora queda " reafirmar <argset><argument argument="arg0" thematicrole="agt" type="spec">nuestra</argument><reference_modifiers>fuerte</reference_modifiers><head>confianza </head><argument argument="arg1" function="cn" thematicrole="tem" type="sp">en el euro como realidad económica poderosa y como gran proyecto para Europa</argument></argset>" recalcó Fabius , a su llegada a la reunión del Eurogrupo , el foro que reúne a los titulares de Finanzas de los países de la moneda única . </example>
        <example file="CESS-CAST-AA/4496_20000109.tbf.xml" nodepath="2.2.1.0" sentencenodepath="2">El presidente del Gobierno mostró <argset><argument argument="arg0" thematicrole="agt" type="spec">su</argument><head>confianza </head><argument argument="arg1" function="cn" thematicrole="tem" type="sp">en conseguir , durante la próxima legislatura , otros 1,8 millones de empleos , además_de sacar adelante otros proyectos como la aprobación de la Ley_de_Humanidades o la modificación de la Ley_de_Extranjería , cuyo paso por las Cortes ha demostrado , según dijo , que " algunos prefieren perjudicar a su país " por " el placer " de que el Gobierno " no tenga una victoria parlamentaria "</argument></argset>. </example>
        <example file="CESS-CAST-AA/6315_20001209.tbf.xml" nodepath="2.2.2.4.3.1.1.3.1.0" sentencenodepath="2">" Ø Hemos realizado unos últimos partidos más que notables aunque los resultados no hayan sido los deseados " , afirmó Ø , y Ø añadió que " el equipo ha tenido momentos francamente brillantes , pero Ø no ha enganchado un resultado que nos diera <argset><specifier>más</specifier><head>confianza </head></argset>" . </example>
        <example file="CESS-CAST-AA/7642_20000309.tbf.xml" nodepath="10.3.3.1.0" sentencenodepath="10">Además , Bjorklund cree que el Valencia tiene <argset><specifier>mucha</specifier><head>confianza </head></argset>por la racha que Ø ha acumulado de seis partidos sin perder en liga y la importante victoria ante el Fiorentina del Martes . </example>
        <example file="CESS-CAST-AA/7642_20000309.tbf.xml" nodepath="11.0.1.0.1.0" sentencenodepath="11">" <argset><specifier>La</specifier><head>confianza </head><reference_modifiers>que tenemos</reference_modifiers></argset>tiene mucho que_ver con el juego que Ø hemos realizado últimamente y también nos da esperanzas el hecho de que el Deportivo hiciera un mal partido el pasado domingo ante el Malaga " , concluyó Ø . </example>
        <example file="CESS-CAST-P/112_19981202.tbf.xml" nodepath="10.2.2.1.2.1.0" sentencenodepath="10">Ø Considera que al club no le han beneficiado nunca los cambios de entrenador y que la continuidad y <argset><specifier>la</specifier><head>confianza </head></argset>fueron las claves para que Johan_Cruyff pudiera construir un equipo ganador , con el que se conquistó luego la única Copa_de_Europa que el Barça tiene en sus vitrinas . </example>
        <example file="CESS-CAST-P/114_20000401.tbf.xml" nodepath="8.2.1.0" sentencenodepath="8">Nada altera <argset><specifier>la</specifier><head>confianza </head><argument argument="arg0" function="cn" thematicrole="agt" type="sp">del vestuario</argument></argset>. </example>
        <example file="CESS-CAST-P/117_19981201.tbf.xml" nodepath="7.3.1.1.1.1.0.0" sentencenodepath="7">Pero la realidad es que el margen de <argset><head>confianza </head></argset>, fijado hasta Navidad , podría romperse precipitadamente . </example>
        <example file="CESS-CAST-P/117_19981201.tbf.xml" nodepath="13.0.1.1.1.3.1.2.1.0.0" sentencenodepath="13">En un momento en que el entrenador necesitaría una muestra pública de <argset><head>confianza </head></argset>, el presidente ha desaparecido de escena y Ø ha dejado este papel en_manos_de sus colaboradores más cercanos . </example>
        <example file="CESS-CAST-P/117_19990202.tbf.xml" nodepath="22.3.0.0" sentencenodepath="22">Pero lo que no tenía ya el Caja_San_Fernando era <argset><head>confianza </head></argset>. </example>
        <example file="CESS-CAST-P/118_19991001.tbf.xml" nodepath="21.4.8.1.1.1.0.0" sentencenodepath="21">Y ahora_mismo , las más evidentes , son el cansancio de algunos jugadores clave , como Rivaldo ; el mal momento de Frank_de_Boer ; el decreciente rendimiento de Hesp ; los problemas de Guardiola en las segundas partes y la falta de <argset><head>confianza </head><argument argument="arg0" function="cn" thematicrole="agt" type="sp">de Kluivert , suplente de lujo ,</argument></argset>ante el gol . </example>
        <example file="CESS-CAST-P/120_20010103.tbf.xml" nodepath="14.0.1.1.1.1.1.1.2.1.0.1.1.0.0" sentencenodepath="14">Esta obsesión por eliminar cualquier signo de relajación o de exceso de <argset><head>confianza </head></argset>le ha llevado incluso a mantener charlas individuales con varios jugadores . </example>
        <example file="CESS-CAST-P/123_19990202.tbf.xml" nodepath="9.0.0.1.4.1.1.1.0" sentencenodepath="9">Samuel_Eto'o , que se mostró satisfecho por <argset><specifier>la</specifier><head>confianza </head><argument argument="arg0" function="cn" thematicrole="agt" type="sp">del técnico argentino</argument></argset>, dijo que la plantilla no debía fiarse por el resultado del partido de ida de la Copa_del_Rey disputado en el Estadio_Olímpico ( 4-2 ) . </example>
        <example file="CESS-CAST-P/160_20011002.tbf.xml" nodepath="12.3.1.1.2.1.1.0" sentencenodepath="12">Kallon , de 21 años , y Ventola , de 23 , son hoy el exponente de la renovación de Cúper y de <argset><specifier>la</specifier><head>confianza </head><reference_modifiers>que muestra un equipo que ha debido asimilar , otra vez , 17 nuevos fichajes , entre ellos el portugués Conceiçao ( Parma ) , los argentinos Guglielminpietro ( Milan ) y Vivas ( Arsenal ) , los turcos Emre y Okan ( Galatasaray ) , los italianos Toldo ( Fiorentina ) y Materazzi ( Perugia ) , el brasileño Adriano ( Flamengo ) o el propio Kallon ( Vicenza )</reference_modifiers></argset>. </example>
        <example file="CESS-CAST-P/17_20000102.tbf.xml" nodepath="24.3.2.1.1.1.2.1.0.0" sentencenodepath="24">¿ Cómo podrán los ciudadanos y ciudadanas creer que existe otra forma de hacer política y tener <argset><head>confianza </head><argument argument="arg1" function="cn" thematicrole="tem" type="sp">en sus representantes</argument></argset>si Ø adoptamos la descalificación personal como norma ? . </example>
        <example file="CESS-CAST-P/20_19990802.tbf.xml" nodepath="6.3.1.0.1.1.3.2.1.1.1.0.0" sentencenodepath="6">Esta nueva acción de los violentos se produjo pocas horas después de que el presidente del PNV , Xabier_Arzalluz , atribuyera la responsabilidad de la violencia callejera a grupos incontrolados y Ø reafirmase su voto de <argset><head>confianza </head></argset>en la dirección de la coalición aberzale Euskal_Herritarrok ( EH ) , la marca electoral de HB , de la que Ø dijo que Ø está haciendo todo lo posible por acabar con la violencia en el País_Vasco . </example>
        <example file="CESS-CAST-P/21_20000601_a.tbf.xml" nodepath="2.4.1.1.1.0.0" sentencenodepath="2">Y Ø le da un margen de <argset><head>confianza </head></argset>. </example>
        <example file="CESS-CAST-P/30_19990201.tbf.xml" nodepath="21.0.4.1.0" sentencenodepath="21">" Ø Nunca , nunca podré devolverte <argset><specifier>tanta</specifier><head>confianza </head></argset>" , afirmó Ø , para añadir : " Mi destino político va a estar marcado por ti " . </example>
        <example file="CESS-CAST-P/30_20000903.tbf.xml" nodepath="13.2.5.1.0" sentencenodepath="13">Lo que sí Ø reconoció es que la trayectoria del PNV durante los últimos meses " no aporta <argset><specifier>la</specifier><head>confianza </head><reference_modifiers>suficiente</reference_modifiers><argument argument="argM" function="cn" thematicrole="fin" type="sp">para compartir un proyecto en defensa de la paz</argument></argset>" . </example>
        <example file="CESS-CAST-P/32_19981202.tbf.xml" nodepath="2.2.2.1.1.2.2.1.1.0" sentencenodepath="2">Bouchard no ha revelado cuáles son las otras , pero la lista de los politólogos comienza por la eliminación del déficit público , para reforzar <argset><specifier>la</specifier><head>confianza </head><argument argument="arg0" function="cn" thematicrole="agt" type="sp">de los quebequeses , mayoritariamente opuestos a la secesión ,</argument><argument argument="arg1" function="cn" thematicrole="tem" type="sp">en que un estado soberano resultaría viable económicamente</argument></argset>. </example>
        <example file="CESS-CAST-P/32_19991101.tbf.xml" nodepath="46.2.1.1.1.0.0" sentencenodepath="46">El líder socialista es el hombre de <argset><head>confianza </head></argset>de un rey preocupado por su pueblo , que conduce su propio coche y que se para en los semáforos . </example>
        <example file="CESS-CAST-P/41_19991002.tbf.xml" nodepath="4.3.1.0" sentencenodepath="4">A_pesar_de esto , el titular de Comunicación expresó <argset><argument argument="arg0" thematicrole="agt" type="spec">su</argument><head>confianza </head><argument argument="arg1" function="cn" thematicrole="tem" type="sp">en que España cederá</argument></argset>. </example>
        <example file="CESS-CAST-P/42_19991202.tbf.xml" nodepath="4.3.5.2.1.1.1.0.0" sentencenodepath="4">El jefe del Ejecutivo central garantizó al lehendakari que Ø no será beligerante con las gestiones que Ø realice en_favor_de la paz , concediéndole un margen de <argset><head>confianza </head></argset>que irá acompañado de un diálogo más fluido entre ambos presidentes . </example>
        <example file="CESS-CAST-P/42_19991202.tbf.xml" nodepath="7.4.1.1.1.0.0" sentencenodepath="7">Sin avalar a_priori los planteamientos de Ibarretxe , Aznar le dio un voto de <argset><head>confianza </head></argset>condicionado a que ETA no mate de_nuevo . </example>
        <example file="CESS-CAST-P/54_20011101.tbf.xml" nodepath="0.3.1.2.1.1.3.4.1.1.1.2.1.1.0" sentencenodepath="0">El Hongkong_Shanghai_Banking_Corporation ( HSBC ) , vinculado al caso Gescartera , anunció ayer el relevo como máximos responsables de sus dos filiales en España de Jaime_Galobart y Salvador_Pastor , cuyas funciones estarán a_partir_de ahora controladas por un tercer hombre de <argset><specifier>la</specifier><head>confianza </head></argset>de la matriz del banco . </example>
        <example file="CESS-CAST-P/8_20010401.tbf.xml" nodepath="9.0.3.3.3.1.0.1.1.0.0" sentencenodepath="9">Aunque los tres admiten que quizá Alstom no jugó bien sus cartas y " Ø ha pecado de exceso de <argset><head>confianza </head></argset>" , Angel recuerda que " no es normal que teniendo aquí desarrollada la tecnología del AVE y funcionando al cien_por_cien , Ø se conceda a otras empresas que partirán de cero " . </example>
        <example file="CESS-CAST-P/91_19990701.tbf.xml" nodepath="9.0.1.1.1.1.3.0.1.1.0" sentencenodepath="9">" En un momento en que Ø intentamos ganar <argset><specifier>la</specifier><head>confianza </head><argument argument="arg0" function="cn" thematicrole="agt" type="s.a">pública</argument></argset>en la UE y de poner_fin a las disfunciones y la corrupción , va el señor Bangemann y Ø reaviva el temor de los ciudadanos " , destacó en una nota el Partido_Socialista_Europeo , el único que se hizo eco del nombramiento del comisario . </example>
        <example file="CESS-CAST-P/94_19990901.tbf.xml" nodepath="11.2.4.0.0" sentencenodepath="11">Y eso que este año Ø tenía <argset><head>confianza </head></argset>. </example>
      </examples>
    </frame>
  </sense>
  <sense cousin="no" denotation="event" id="2" lexicalized="no" originlemma="confiar" originlink="verb.confiar.1" wordnetsynset="16:05595498">
    <frame appearsinplural="no" type="default">
      <argument argument="arg1" thematicrole="tem">
        <constituent frequency="1" type="sp"/>
      </argument>
      <specifiers>
        <constituent frequency="1" type="void"/>
      </specifiers>
      <reference_modifiers>
        <constituent frequency="1" type="s.a"/>
      </reference_modifiers>
      <examples>
        <example file="CESS-CAST-P/57_20000601_a.tbf.xml" nodepath="5.3.1.0.1" sentencenodepath="5">Además , Ø dijo tener <argset>" <head>confianza </head>
            <reference_modifiers>total</reference_modifiers>" <argument argument="arg1" function="cn" thematicrole="tem" type="sp">en los componentes del consejo de administración y en las decisiones que éstos puedan tomar</argument>
          </argset>. </example>
      </examples>
    </frame>
  </sense>
  <sense cousin="no" denotation="underspecified" id="3" lexicalized="no" originlemma="confiar" originlink="verb.confiar.1" wordnetsynset="16:04563026">
    <frame appearsinplural="no" type="default">
      <argument argument="arg1" thematicrole="tem">
        <constituent frequency="1" preposition="en" type="sp"/>
      </argument>
      <specifiers>
        <constituent frequency="1" postype="article" type="determiner"/>
      </specifiers>
      <examples>
        <example file="CESS-CAST-AA/6315_20001209.tbf.xml" nodepath="7.0.1.0" sentencenodepath="7"><argset><specifier>La</specifier><head>confianza </head><argument argument="arg1" function="cn" thematicrole="tem" type="sp">en sus futbolistas</argument></argset>no impide que Víctor_Fernández se percate de la complejidad del partido . </example>
      </examples>
    </frame>
  </sense>
  <sense alternativelemma="de_confianza" cousin="no" denotation="none" id="4" lexicalizationtype="adjectival" lexicalized="yes" originlemma="confiar" originlink="verb.confiar.1" wordnetsynset="16:05595498">
    <frame appearsinplural="no" type="default">
      <specifiers>
        <constituent frequency="1" type="void"/>
      </specifiers>
      <reference_modifiers>
        <constituent frequency="1" preposition="en" type="sp"/>
      </reference_modifiers>
      <examples>
        <example file="CESS-CAST-P/20_19991202.tbf.xml" nodepath="10.2.4.1.1.1.1.0.0.0" sentencenodepath="10">Añade Rafael_Ribó , antes ecosocialista y ahora un eco socialista : " Ø sigue con una línea de <argset><head>confianza </head><reference_modifiers>en círculos reducidos</reference_modifiers>y cara a los poderosos </argset>" . </example>
      </examples>
    </frame>
  </sense>
</lexentry>
