<?xml version="1.0" encoding="UTF-8" standalone="no"?>
<!-- 

  ancoralex-2.0.3
       
			Copyright (C) 2007,2008,2009,2010,2011 CLiC - UB
			Centre de Llenguatge i Computació - Universitat de Barcelona
 
  This file is part of ancoralex-2.0.3.
 
  ancoralex-2.0.3 is free software and data: you can redistribute it and/or modify
  it under the terms of the GNU General Public License as published
  by the Free Software Foundation, either version 3 of the License,
  or (at your option) any later version.

  ancoralex-2.0.3 is distributed in the hope that it will be useful,
  but WITHOUT ANY WARRANTY; without even the implied warranty of
  MERCHANTABILITY or FITNESS FOR A PARTICULAR PURPOSE.  See the
  GNU General Public License for more details.
 
  You should have received a copy of the GNU General Public License
  along with ancoralex-2.0.3.  If not, see &lt;http://www.gnu.org/licenses/&gt;.
 
  Check a text in catalan explaining the terms of the license at http://www.softcatala.cat/wiki/GPL3.
  In spanish at http://www.viti.es/gnu/licenses/gpl.html
  
  The following paper must be cited when using verb lexicon: 

 * Aparicio, Juan, Mariona Taulé, M.Antònia Martí (2008) 'AnCora-Verb: A Lexical Resource for 
   the Semantic Annotation of Corpora'. Proceedings of 6th International Conference on Language 
   Resources and Evaluation. Marrakesh (Morocco).

  The following paper must be cited when using noun lexicon: 

 * Peris, Aina, Mariona Taulé (2011). AnCora-Nom: A Spanish lexicon of deverbal nominalizations. 
   Procesamiento del Lenguaje Natural, nº46, pp. 11-18.
 
 

 

-->

<lexentry lemma="confección" lng="es" origin="deverbal" type="noun">
  <sense cousin="no" denotation="result" id="1" lexicalized="no" originlemma="confeccionar" originlink="verb.confeccionar.1" wordnetsynset="16:00593220+16:00594429">
    <frame appearsinplural="no" type="default">
      <specifiers>
        <constituent frequency="4" type="void"/>
      </specifiers>
      <reference_modifiers>
        <constituent frequency="1" type="s.a"/>
      </reference_modifiers>
      <examples>
        <example file="3LB-CAST/n1-4.tbf.xml" nodepath="1.2.4.1.0.1.1.1.1.1.1.0.2.0" sentencenodepath="1">Ø Estaban al solecito , haciendo crochet , con las páginas de una revista de <argset>corte y <head>confección </head>
          </argset>en el bolso y las piernas , ay , varices , sobre cajas de refrescos . </example>
        <example file="CESS-CAST-A/13738_20000217.tbf.xml" nodepath="13.3.0.0.1.1.0.0" sentencenodepath="13">De China proceden , principalmente , productos de <argset><head>confección </head></argset>y calzado . </example>
        <example file="CESS-CAST-A/13738_20000217.tbf.xml" nodepath="18.2.0.0.0" sentencenodepath="18">Los principales productos que se venden son <argset><head>confección </head><reference_modifiers>deportiva</reference_modifiers>, calzado y bicicletas </argset>. </example>
        <example file="CESS-CAST-P/55_20000903.tbf.xml" nodepath="15.0.3.1.1.1.1.0.0" sentencenodepath="15">La cadena de pequeños almacenes que Sepu aspira a tener repartidos limitarán su oferta a los artículos de <argset><head>confección </head></argset>, y de sus actuales 30 empleados sólo unos 15 proseguirán vinculados al negocio a_partir_de este mes . </example>
      </examples>
    </frame>
  </sense>
  <sense cousin="no" denotation="underspecified" id="2" lexicalized="no" originlemma="confeccionar" originlink="verb.confeccionar.1" wordnetsynset="16:00594429">
    <frame appearsinplural="no" type="default">
      <argument argument="arg1" thematicrole="pat">
        <constituent frequency="3" preposition="de" type="sp"/>
      </argument>
      <specifiers>
        <constituent frequency="3" postype="article" type="determiner"/>
      </specifiers>
      <examples>
        <example file="CESS-CAST-P/101_20010401.tbf.xml" nodepath="3.2.1.3.1.2.1.1.0" sentencenodepath="3">Esta iniciativa de Hacienda ha contribuido a " reducir considerablemente los errores cometidos en <argset><specifier>la</specifier><head>confección </head><argument argument="arg1" function="cn" thematicrole="pat" type="sp">de las declaraciones de Renta</argument></argset>" , según el ministerio . </example>
        <example file="CESS-CAST-P/125_20020301.tbf.xml" nodepath="0.3.4.1.0" sentencenodepath="0">El actual presidente de la entidad catalanista Òmnium_Cultural , Josep_Millàs , explicó ayer que Ø ha propuesto al sector renovador que encabeza Jordi_Porta <argset><specifier>la</specifier><head>confección </head><argument argument="arg1" function="cn" thematicrole="pat" type="sp">de una lista conjunta para las elecciones del 7_de_marzo en la organización</argument></argset>. </example>
        <example file="CESS-CAST-P/125_20020301.tbf.xml" nodepath="1.2.3.2.1.0" sentencenodepath="1">En declaraciones a Europa_Press , Millàs consideró que las críticas del sector renovador son un " ataque " contra su persona , pero , aun así , Ø dijo haber propuesto a Porta <argset><specifier>la</specifier><head>confección </head><argument argument="arg1" function="cn" thematicrole="pat" type="sp">de una candidatura única</argument></argset>" siempre_y_cuando haya voluntad " por ambas partes . </example>
      </examples>
    </frame>
  </sense>
</lexentry>
