<?xml version="1.0" encoding="UTF-8" standalone="no"?>
<!-- 

  ancoralex-2.0.3
       
			Copyright (C) 2007,2008,2009,2010,2011 CLiC - UB
			Centre de Llenguatge i Computació - Universitat de Barcelona
 
  This file is part of ancoralex-2.0.3.
 
  ancoralex-2.0.3 is free software and data: you can redistribute it and/or modify
  it under the terms of the GNU General Public License as published
  by the Free Software Foundation, either version 3 of the License,
  or (at your option) any later version.

  ancoralex-2.0.3 is distributed in the hope that it will be useful,
  but WITHOUT ANY WARRANTY; without even the implied warranty of
  MERCHANTABILITY or FITNESS FOR A PARTICULAR PURPOSE.  See the
  GNU General Public License for more details.
 
  You should have received a copy of the GNU General Public License
  along with ancoralex-2.0.3.  If not, see &lt;http://www.gnu.org/licenses/&gt;.
 
  Check a text in catalan explaining the terms of the license at http://www.softcatala.cat/wiki/GPL3.
  In spanish at http://www.viti.es/gnu/licenses/gpl.html
  
  The following paper must be cited when using verb lexicon: 

 * Aparicio, Juan, Mariona Taulé, M.Antònia Martí (2008) 'AnCora-Verb: A Lexical Resource for 
   the Semantic Annotation of Corpora'. Proceedings of 6th International Conference on Language 
   Resources and Evaluation. Marrakesh (Morocco).

  The following paper must be cited when using noun lexicon: 

 * Peris, Aina, Mariona Taulé (2011). AnCora-Nom: A Spanish lexicon of deverbal nominalizations. 
   Procesamiento del Lenguaje Natural, nº46, pp. 11-18.
 
 

 

-->

<lexentry lemma="conmoción" lng="es" origin="deverbal" type="noun">
  <sense cousin="no" denotation="result" id="1" lexicalized="no" originlemma="conmocionar" originlink="verb.conmocionar.1" wordnetsynset="16:05586373">
    <frame appearsinplural="no" type="default">
      <specifiers>
        <constituent frequency="2" postype="indefinite" type="determiner"/>
        <constituent frequency="2" type="void"/>
      </specifiers>
      <reference_modifiers>
        <constituent frequency="3" type="s.a"/>
      </reference_modifiers>
      <examples>
        <example file="3LB-CAST/d1-0.tbf.xml" nodepath="2.0.1.1" sentencenodepath="2"><argset><specifier>Toda una</specifier><reference_modifiers>doble</reference_modifiers><head>conmoción </head></argset>. </example>
        <example file="3LB-CAST/r2-3.tbf.xml" nodepath="12.0.2.0.0" sentencenodepath="12">El chantaje de los terroristas ha causado <argset><head>conmoción </head></argset>en la élite financiera española : la banda no había traspasado , en la exigencia del impuesto revolucionario , los límites del País_Vasco y de Navarra . </example>
        <example file="CESS-CAST-P/17_20020202.tbf.xml" nodepath="2.2.0.1" sentencenodepath="2">La sentencia causó <argset><reference_modifiers>gran</reference_modifiers><head>conmoción </head></argset>en el Gobierno argentino , hasta_el_punto_que el presidente Duhalde suspendió un discurso oficial en el que Ø iba a dar_a_conocer un proyecto de reforma del Estado y el ministro de Economía , Jorge_Remes_Lenicov , desconvocó a_su_vez la presentación del plan económico , prevista para hoy . </example>
        <example file="CESS-CAST-P/34_20000401.tbf.xml" nodepath="18.2.1.1" sentencenodepath="18">La noticia del hallazgo de la nieta de Gelman ha provocado <argset><specifier>una</specifier><reference_modifiers>auténtica</reference_modifiers><head>conmoción </head></argset>en Uruguay , ya_que Ø es la primera vez que un presidente asume el problema de los desaparecidos . </example>
      </examples>
    </frame>
  </sense>
</lexentry>
