<?xml version="1.0" encoding="UTF-8" standalone="no"?>
<!-- 

  ancoralex-2.0.3
       
			Copyright (C) 2007,2008,2009,2010,2011 CLiC - UB
			Centre de Llenguatge i Computació - Universitat de Barcelona
 
  This file is part of ancoralex-2.0.3.
 
  ancoralex-2.0.3 is free software and data: you can redistribute it and/or modify
  it under the terms of the GNU General Public License as published
  by the Free Software Foundation, either version 3 of the License,
  or (at your option) any later version.

  ancoralex-2.0.3 is distributed in the hope that it will be useful,
  but WITHOUT ANY WARRANTY; without even the implied warranty of
  MERCHANTABILITY or FITNESS FOR A PARTICULAR PURPOSE.  See the
  GNU General Public License for more details.
 
  You should have received a copy of the GNU General Public License
  along with ancoralex-2.0.3.  If not, see &lt;http://www.gnu.org/licenses/&gt;.
 
  Check a text in catalan explaining the terms of the license at http://www.softcatala.cat/wiki/GPL3.
  In spanish at http://www.viti.es/gnu/licenses/gpl.html
  
  The following paper must be cited when using verb lexicon: 

 * Aparicio, Juan, Mariona Taulé, M.Antònia Martí (2008) 'AnCora-Verb: A Lexical Resource for 
   the Semantic Annotation of Corpora'. Proceedings of 6th International Conference on Language 
   Resources and Evaluation. Marrakesh (Morocco).

  The following paper must be cited when using noun lexicon: 

 * Peris, Aina, Mariona Taulé (2011). AnCora-Nom: A Spanish lexicon of deverbal nominalizations. 
   Procesamiento del Lenguaje Natural, nº46, pp. 11-18.
 
 

 

-->

<lexentry lemma="conquista" lng="es" origin="deverbal" type="noun">
  <sense cousin="no" denotation="result" id="1" lexicalized="no" originlemma="conquistar" originlink="verb.conquistar.1" wordnetsynset="16:00054499">
    <frame appearsinplural="yes" type="default">
      <argument argument="arg0" thematicrole="agt">
        <constituent frequency="1" type="s.a"/>
      </argument>
      <argument argument="arg1" foundincorporated="yes" thematicrole="pat">
        <constituent frequency="2" preposition="de" type="sp"/>
      </argument>
      <specifiers>
        <constituent frequency="3" postype="article" type="determiner"/>
        <constituent frequency="1" postype="indefinite" type="determiner"/>
      </specifiers>
      <reference_modifiers>
        <constituent frequency="2" type="s.a"/>
      </reference_modifiers>
      <examples>
        <example file="CESS-CAST-AA/5021_20000206.tbf.xml" nodepath="10.0.1.1.1.1.0" sentencenodepath="10">Semanas después de <argset><specifier>la</specifier><head>conquista </head><argument argument="arg0" function="cn" thematicrole="agt" type="s.a">brasileña</argument><argument argument="arg1" function="cn" thematicrole="pat" type="sp">de la última edición en este siglo de la Copa_América</argument></argset>, el seleccionador Wanderley_Luxemburgo desplazó a México a Ronaldinho y otros jugadores de esa plantilla para afrontar la Copa_de_las_Confederaciones . </example>
        <example file="CESS-CAST-P/11_19990202.tbf.xml" nodepath="1.2.0.2.3.1.0" sentencenodepath="1">En nuestro horizonte público , como en la capa de ozono , existen agujeros negros por los que se precipitan <argset><specifier>las</specifier><head argument="arg1" thematicrole="pat">conquistas </head><reference_modifiers>sociales</reference_modifiers></argset>. </example>
        <example file="CESS-CAST-P/41_20011001.tbf.xml" nodepath="8.3.1.2.3.3.1.0" sentencenodepath="8">Que en democracia , y desde un mando militar , alguien le recuerde con honor , nos dice dos cosas importantes : que el huevo de la serpiente del fascismo siempre se está incubando , y que la inteligencia , como la libertad , es <argset><specifier>una</specifier><head>conquista </head><reference_modifiers>permanente</reference_modifiers></argset>. </example>
        <example file="CESS-CAST-P/48_20000402.tbf.xml" nodepath="10.2.4.4.1.3.1.1.0" sentencenodepath="10">Esta cifra no_sólo ha atraído la atención de las empresas estadounidenses , sino_que Ø también ha aumentado su ansiedad , pues Ø augura una gran competencia internacional por <argset><specifier>la</specifier><head>conquista </head><argument argument="arg1" function="cn" thematicrole="pat" type="sp">de Cuba</argument></argset>, cuando desaparezca el embargo . </example>
      </examples>
    </frame>
  </sense>
  <sense cousin="no" denotation="event" id="2" lexicalized="no" originlemma="conquistar" originlink="verb.conquistar.1" wordnetsynset="16:00054499+16:00037624">
    <frame appearsinplural="no" type="default">
      <argument argument="arg1" thematicrole="pat">
        <constituent frequency="2" preposition="de" type="sp"/>
      </argument>
      <argument argument="argM" thematicrole="loc">
        <constituent frequency="1" preposition="en" type="sp"/>
      </argument>
      <specifiers>
        <constituent frequency="2" postype="article" type="determiner"/>
      </specifiers>
      <examples>
        <example file="CESS-CAST-AA/22039_20000926.tbf.xml" nodepath="4.2.3.1.0" sentencenodepath="4">La judoca alicantina admitió estar " muy emocionada " por el recibimiento que le han ofrecido sus paisanos y compañeros de club y Ø calificó " como un sueño cumplido " <argset><specifier>la</specifier><head>conquista </head><argument argument="arg1" function="cn" thematicrole="pat" type="sp">de la medalla de oro</argument><argument argument="argM" function="cn" thematicrole="loc" type="sp">en Sydney</argument></argset>. </example>
        <example file="CESS-CAST-AA/7054_20000309.tbf.xml" nodepath="0.4.1.1.0" sentencenodepath="0">El finlandés Mika_Hakkinen ( McLaren_MP4/15_Mercedes ) y el alemán Michael_Schumacher ( Ferrari_F1-2000 ) parten de_nuevo como favoritos para <argset><specifier>la</specifier><head>conquista </head><argument argument="arg1" function="cn" thematicrole="pat" type="sp">del título de campeón del mundo de Fórmula_Uno , que comienza este fin_de_semana con la disputa del Gran_Premio_de_Australia en el circuito de Albert_Park</argument></argset>. </example>
      </examples>
    </frame>
  </sense>
</lexentry>
