<?xml version="1.0" encoding="UTF-8" standalone="no"?>
<!-- 

  ancoralex-2.0.3
       
			Copyright (C) 2007,2008,2009,2010,2011 CLiC - UB
			Centre de Llenguatge i Computació - Universitat de Barcelona
 
  This file is part of ancoralex-2.0.3.
 
  ancoralex-2.0.3 is free software and data: you can redistribute it and/or modify
  it under the terms of the GNU General Public License as published
  by the Free Software Foundation, either version 3 of the License,
  or (at your option) any later version.

  ancoralex-2.0.3 is distributed in the hope that it will be useful,
  but WITHOUT ANY WARRANTY; without even the implied warranty of
  MERCHANTABILITY or FITNESS FOR A PARTICULAR PURPOSE.  See the
  GNU General Public License for more details.
 
  You should have received a copy of the GNU General Public License
  along with ancoralex-2.0.3.  If not, see &lt;http://www.gnu.org/licenses/&gt;.
 
  Check a text in catalan explaining the terms of the license at http://www.softcatala.cat/wiki/GPL3.
  In spanish at http://www.viti.es/gnu/licenses/gpl.html
  
  The following paper must be cited when using verb lexicon: 

 * Aparicio, Juan, Mariona Taulé, M.Antònia Martí (2008) 'AnCora-Verb: A Lexical Resource for 
   the Semantic Annotation of Corpora'. Proceedings of 6th International Conference on Language 
   Resources and Evaluation. Marrakesh (Morocco).

  The following paper must be cited when using noun lexicon: 

 * Peris, Aina, Mariona Taulé (2011). AnCora-Nom: A Spanish lexicon of deverbal nominalizations. 
   Procesamiento del Lenguaje Natural, nº46, pp. 11-18.
 
 

 

-->

<lexentry lemma="consolidación" lng="es" origin="deverbal" type="noun">
  <sense cousin="no" denotation="result" id="1" lexicalized="no" originlemma="consolidar" originlink="verb.consolidar.1" wordnetsynset="16:00803600">
    <frame appearsinplural="no" type="default">
      <argument argument="arg1" thematicrole="pat">
        <constituent frequency="1" preposition="de" type="sp"/>
      </argument>
      <argument argument="argM">
        <constituent frequency="1" preposition="como" type="sp"/>
      </argument>
      <specifiers>
        <constituent frequency="1" postype="article" type="determiner"/>
      </specifiers>
      <examples>
        <example file="CESS-CAST-AA/9462_20000115.tbf.xml" nodepath="14.2.3.3.2.1.0" sentencenodepath="14">Ø También apostó por la integración de Guatemala al mundo como democracia y como Estado , y en ese sentido Ø anunció que Ø dará un nuevo impulso a la zona de libre comercio entre Centroamérica y México , y Ø apoyará <argset><specifier>la</specifier><head>consolidación </head><argument argument="arg1" function="cn" thematicrole="pat" type="sp">de la Asociación_de_Estados_del_Caribe</argument><argument argument="argM" function="cn" type="sp">como parte del proceso de ingreso del área al Tratado_de_Libre_Comercio_de_Norteamérica</argument></argset>. </example>
      </examples>
    </frame>
  </sense>
  <sense cousin="no" denotation="event" id="2" lexicalized="no" originlemma="consolidar" originlink="verb.consolidar.1" wordnetsynset="16:00803600">
    <frame appearsinplural="no" type="default">
      <argument argument="arg1" thematicrole="pat">
        <constituent frequency="3" preposition="de" type="sp"/>
        <constituent frequency="1" postype="possessive" type="determiner"/>
      </argument>
      <specifiers>
        <constituent frequency="3" postype="article" type="determiner"/>
        <constituent frequency="1" postype="possessive" type="determiner"/>
      </specifiers>
      <reference_modifiers>
        <constituent frequency="1" type="s.a"/>
      </reference_modifiers>
      <examples>
        <example file="3LB-CAST/2000060111_5-1.tbf.xml" nodepath="3.3.3.1.1.2.1.0" sentencenodepath="3">En declaraciones a Radio_Programas_del_Perú ( RPP ) , Ramacciotti afirmó que los países del hemisferio coincidieron en que el fortalecimiento de la democracia y <argset><specifier>la</specifier><head>consolidación </head><argument argument="arg1" function="cn" thematicrole="pat" type="sp">de las instituciones internas</argument></argset>" se debe hacer dentro_de un marco de respeto y de no intervención " . </example>
        <example file="CESS-CAST-A/17937_20000723.tbf.xml" nodepath="4.3.4.1.1.1.0" sentencenodepath="4">Jorge_Navarrete , asesor del Consep , dijo al rotativo que Ø están tomando una serie de precauciones para evitar <argset><specifier>la</specifier><head>consolidación </head><argument argument="arg1" function="cn" thematicrole="pat" type="sp">de ese tipo de actividades ilegales</argument></argset>. </example>
        <example file="CESS-CAST-P/18_19990701.tbf.xml" nodepath="23.2.10.1.1.0" sentencenodepath="23">Esta reforma ha de establecer la adecuación del número y tipo de especialistas que el país necesita , la flexibilización en las áreas de competencia , el énfasis en la capacitación por_encima_de la titulación , la actualización de los programas formativos de_acuerdo_a la sociedad del siglo_XXI , la formación y motivación de los responsables de la tutorización y , por_encima_de_todo , <argset><specifier>la</specifier><head>consolidación </head><argument argument="arg1" function="cn" thematicrole="pat" type="sp">de un sistema de evaluación a la imagen del de las residencias de EEUU ( boards ) , que fue de donde nació el mismo sistema MIR hace más de 20 años</argument></argset>. </example>
        <example file="CESS-CAST-P/36_20000501.tbf.xml" nodepath="34.2.2.1.0" sentencenodepath="34">El alza del protagonismo y la capacidad de influencia hará crecer nuestra capacidad para influir en sectores sociales y <argset><argument argument="arg1" thematicrole="pat" type="spec">nuestra</argument><head>consolidación </head><reference_modifiers>electoral</reference_modifiers></argset>. </example>
      </examples>
    </frame>
  </sense>
  <sense cousin="no" denotation="underspecified" id="3" lexicalized="no" originlemma="consolidar" originlink="verb.consolidar.1" wordnetsynset="16:00803600">
    <frame appearsinplural="no" type="default">
      <argument argument="arg1" thematicrole="pat">
        <constituent frequency="1" preposition="de" type="sp"/>
      </argument>
      <argument argument="argM" thematicrole="loc">
        <constituent frequency="1" preposition="en" type="sp"/>
      </argument>
      <specifiers>
        <constituent frequency="1" postype="article" type="determiner"/>
      </specifiers>
      <examples>
        <example file="CESS-CAST-P/19_19990602_a.tbf.xml" nodepath="62.2.5.2.1.0" sentencenodepath="62">Ø Supongo que aquí Ø hemos vivido a_la_vez la transición política española y <argset><specifier>la</specifier><head>consolidación </head><argument argument="argM" function="cn" thematicrole="loc" type="sp">en Catalunya</argument><argument argument="arg1" function="cn" thematicrole="pat" type="sp">del Gobierno autonómico</argument></argset>. </example>
      </examples>
    </frame>
  </sense>
</lexentry>
