<?xml version="1.0" encoding="UTF-8" standalone="no"?>
<!-- 

  ancoralex-2.0.3
       
			Copyright (C) 2007,2008,2009,2010,2011 CLiC - UB
			Centre de Llenguatge i Computació - Universitat de Barcelona
 
  This file is part of ancoralex-2.0.3.
 
  ancoralex-2.0.3 is free software and data: you can redistribute it and/or modify
  it under the terms of the GNU General Public License as published
  by the Free Software Foundation, either version 3 of the License,
  or (at your option) any later version.

  ancoralex-2.0.3 is distributed in the hope that it will be useful,
  but WITHOUT ANY WARRANTY; without even the implied warranty of
  MERCHANTABILITY or FITNESS FOR A PARTICULAR PURPOSE.  See the
  GNU General Public License for more details.
 
  You should have received a copy of the GNU General Public License
  along with ancoralex-2.0.3.  If not, see &lt;http://www.gnu.org/licenses/&gt;.
 
  Check a text in catalan explaining the terms of the license at http://www.softcatala.cat/wiki/GPL3.
  In spanish at http://www.viti.es/gnu/licenses/gpl.html
  
  The following paper must be cited when using verb lexicon: 

 * Aparicio, Juan, Mariona Taulé, M.Antònia Martí (2008) 'AnCora-Verb: A Lexical Resource for 
   the Semantic Annotation of Corpora'. Proceedings of 6th International Conference on Language 
   Resources and Evaluation. Marrakesh (Morocco).

  The following paper must be cited when using noun lexicon: 

 * Peris, Aina, Mariona Taulé (2011). AnCora-Nom: A Spanish lexicon of deverbal nominalizations. 
   Procesamiento del Lenguaje Natural, nº46, pp. 11-18.
 
 

 

-->

<lexentry lemma="constancia" lng="es" origin="deverbal" type="noun">
  <sense cousin="no" denotation="result" id="1" lexicalized="no" originlemma="constar" originlink="verb.constar.2" wordnetsynset="16:04984758+16:cs1">
    <frame appearsinplural="no" type="default">
      <argument argument="arg1" thematicrole="tem">
        <constituent frequency="5" preposition="de" type="sp"/>
      </argument>
      <specifiers>
        <constituent frequency="1" postype="article" type="determiner"/>
        <constituent frequency="5" type="void"/>
      </specifiers>
      <reference_modifiers>
        <constituent frequency="1" type="s.a"/>
      </reference_modifiers>
      <examples>
        <example file="CESS-CAST-A/18213_20000828.tbf.xml" nodepath="5.7.5.1.1.2.2.0.1.0" sentencenodepath="5">La eliminación de la candidatura española , según Hurtado , " nos debe de servir de acicate , porque los Juegos_Olímpicos son un deporte y Ø tenemos que ser deportistas en pleno sentido " por lo que " Ø debemos de plantearnos este reto como una carrera de fondo , en la que <argset><specifier>la</specifier><head>constancia </head></argset>, la perseverancia y el buen fondo físico es fundamental " . </example>
        <example file="CESS-CAST-AA/20121_20000427.tbf.xml" nodepath="7.0.1.3.0.0" sentencenodepath="7">" En la Federación no hay <argset><head>constancia </head><argument argument="arg1" function="cn" thematicrole="tem" type="sp">de este hecho</argument></argset>, más_bien todo_lo_contrario , Ø tenemos el deseo de que el Atlético_de_Madrid no quería de ningún modo jugar en Mayo " , señaló a EFE Jorge_Pérez . </example>
        <example file="CESS-CAST-AA/21717_20000327.tbf.xml" nodepath="5.3.1.3.4.2.0.1" sentencenodepath="5">" Sólo importa el equipo . Lo que Ø queremos es tranquilidad , sosiego y unión " , recalcó el máximo mandatario realista , quien también dijo no tener <argset>" <head>constancia </head>" <argument argument="arg1" function="cn" thematicrole="tem" type="sp">de que el Athletic_de_Bilbao u otro club se haya interesado por el centrocampista Javier_de_Pedro</argument>
          </argset>. </example>
        <example file="CESS-CAST-P/122_19990202.tbf.xml" nodepath="14.3.1.1.4.1.1.4.0.0" sentencenodepath="14">" El presidente , en_nombre_del COI , acepta presentes , que se guardan bien en el Museo_Olímpico , bien en las oficinas del COI . El presidente también ofrece muchos regalos a los dignatarios y otras personalidades como muestra de buena voluntad " , asegura el escrito , que desmiente al gobernador de Nagano al asegurar que no se tiene <argset><head>constancia </head><reference_modifiers>alguna</reference_modifiers><argument argument="arg1" function="cn" thematicrole="tem" type="sp">de haber recibido una espada de samurái</argument></argset>. </example>
        <example file="CESS-CAST-P/145_20011202_b.tbf.xml" nodepath="3.3.0.0" sentencenodepath="3">Paraguay ya dejó <argset><head>constancia </head><argument argument="arg1" function="cn" thematicrole="tem" type="sp">de su poderío defensivo y su facilidad para dormir los partidos en el Mundial_98</argument></argset>. </example>
        <example file="CESS-CAST-P/78_19981202.tbf.xml" nodepath="20.2.0.0" sentencenodepath="20">La policía tiene <argset><head>constancia </head><argument argument="arg1" function="cn" thematicrole="tem" type="sp">de que , al_menos en una ocasión , los tres atracadores prendieron fuego al vehículo empleado para perpetrar sus robos y que las llamas se propagaron a otros coches aparcados</argument></argset>. </example>
      </examples>
    </frame>
  </sense>
  <sense alternativelemma="tener_constancia" cousin="no" denotation="none" id="2" lexicalizationtype="verbal" lexicalized="yes" originlemma="constar" originlink="verb.constar.2" wordnetsynset="16:04984758">
    <frame appearsinplural="no" type="default">
      <argument argument="argL">
        <constituent frequency="1" preposition="de" type="sp"/>
      </argument>
      <specifiers>
        <constituent frequency="1" type="void"/>
      </specifiers>
      <examples>
        <example file="CESS-CAST-P/93_20010602.tbf.xml" nodepath="7.4.1.3.0.0" sentencenodepath="7">Los delegados del sindicato también recogieron muestras de los vertidos para que Aeropuertos_Españoles_y_Navegación_Aérea ( AENA ) pudiera " tener <argset><head>constancia </head>" <argument argument="argL" function="cn" type="sp">de los destrozos causados por los piquetes</argument></argset>. </example>
      </examples>
    </frame>
  </sense>
</lexentry>
