<?xml version="1.0" encoding="UTF-8" standalone="no"?>
<!-- 

  ancoralex-2.0.3
       
			Copyright (C) 2007,2008,2009,2010,2011 CLiC - UB
			Centre de Llenguatge i Computació - Universitat de Barcelona
 
  This file is part of ancoralex-2.0.3.
 
  ancoralex-2.0.3 is free software and data: you can redistribute it and/or modify
  it under the terms of the GNU General Public License as published
  by the Free Software Foundation, either version 3 of the License,
  or (at your option) any later version.

  ancoralex-2.0.3 is distributed in the hope that it will be useful,
  but WITHOUT ANY WARRANTY; without even the implied warranty of
  MERCHANTABILITY or FITNESS FOR A PARTICULAR PURPOSE.  See the
  GNU General Public License for more details.
 
  You should have received a copy of the GNU General Public License
  along with ancoralex-2.0.3.  If not, see &lt;http://www.gnu.org/licenses/&gt;.
 
  Check a text in catalan explaining the terms of the license at http://www.softcatala.cat/wiki/GPL3.
  In spanish at http://www.viti.es/gnu/licenses/gpl.html
  
  The following paper must be cited when using verb lexicon: 

 * Aparicio, Juan, Mariona Taulé, M.Antònia Martí (2008) 'AnCora-Verb: A Lexical Resource for 
   the Semantic Annotation of Corpora'. Proceedings of 6th International Conference on Language 
   Resources and Evaluation. Marrakesh (Morocco).

  The following paper must be cited when using noun lexicon: 

 * Peris, Aina, Mariona Taulé (2011). AnCora-Nom: A Spanish lexicon of deverbal nominalizations. 
   Procesamiento del Lenguaje Natural, nº46, pp. 11-18.
 
 

 

-->

<lexentry lemma="conspiración" lng="es" origin="deverbal" type="noun">
  <sense cousin="no" denotation="result" id="1" lexicalized="no" originlemma="conspirar" originlink="verb.conspirar.1" wordnetsynset="16:04540636">
    <frame appearsinplural="yes" type="default">
      <argument argument="arg0" thematicrole="agt">
        <constituent frequency="1" type="s.a"/>
      </argument>
      <argument argument="arg1">
        <constituent frequency="1" preposition="contra" type="sp"/>
        <constituent frequency="1" preposition="para" type="sp"/>
        <constituent frequency="1" preposition="con" type="sp"/>
      </argument>
      <specifiers>
        <constituent frequency="2" postype="indefinite" type="determiner"/>
        <constituent frequency="3" type="void"/>
        <constituent frequency="1" postype="article" type="determiner"/>
      </specifiers>
      <reference_modifiers>
        <constituent frequency="1" type="S"/>
      </reference_modifiers>
      <examples>
        <example file="3LB-CAST/111_C-2.tbf.xml" nodepath="12.2.2.2.1.3.1.0" sentencenodepath="12">Mientras , el ministro de Defensa , general Eliécer_Hurtado , se vio obligado a salir_al_paso de los ya casi normales y permanentes rumores de golpe de Estado , y Ø negó que haya división en las filas castrenses y mucho menos que esté en marcha <argset><specifier>una</specifier><head>conspiración </head><argument argument="arg1" function="cn" type="sp">contra Chávez</argument></argset>. </example>
        <example file="3LB-CAST/111_C-2.tbf.xml" nodepath="13.0.3.0.1.1.1.3.0.1.1.0.0" sentencenodepath="13">" El pueblo puede estar seguro de que aquí no existe nada de <argset><head>conspiración </head></argset>, ni está preso nadie por esos motivos tampoco " , declaró Hurtado en una rueda de prensa . </example>
        <example file="3LB-CAST/t1-3.tbf.xml" nodepath="1.3.1.1.3.1.1.1.1.0" sentencenodepath="1">Por un golpe de intuición que Ø no hubiera podido explicar , Ø estaba convencida de que había sido ella la autora de <argset><specifier>la</specifier><head>conspiración </head><argument argument="arg1" function="cn" type="sp">para escamotearle el premio</argument></argset>. </example>
        <example file="CESS-CAST-AA/19336_20000623.tbf.xml" nodepath="3.2.1.2.1.1.1.2.1.3.2.0.0.1" sentencenodepath="3">El fallo de la comisión jurídica supone un capítulo más en un caso que asemeja una novela policiaca , donde intervienen <argset><reference_modifiers>supuestas</reference_modifiers><head>conspiraciones </head><argument argument="arg0" function="cn" thematicrole="agt" type="s.a">criminales</argument>o manipulación de pasta de dientes </argset>. </example>
        <example file="CESS-CAST-AA/19336_20000623.tbf.xml" nodepath="6.2.2.3.3.0.1.1.1.0" sentencenodepath="6">El afectado ha jurado que Ø es inocente y que Ø cree que Ø ha sido víctima de <argset><specifier>una</specifier><head>conspiración </head><argument argument="arg1" function="cn" type="sp">con el propósito de arruinar su futuro y su reputación de atleta " limpio "</argument></argset>. </example>
        <example file="CESS-CAST-P/16_19990501_a.tbf.xml" nodepath="22.3.0.2.3.2.0.0" sentencenodepath="22">Jessen ha proporcionado a los jueces mensajes electrónicos donde empresarios , abogados , médicos o trabajadores explicaban trapicheos de todo tamaño y color , <argset><head>conspiraciones </head></argset>, instrucciones para eliminar pruebas , la sorpresa porque un paciente se había salvado tras una operación chapuza o , directamente , la planificación de chantajes a cadenas de supermercados . </example>
      </examples>
    </frame>
  </sense>
</lexentry>
