<?xml version="1.0" encoding="UTF-8" standalone="no"?>
<!-- 

  ancoralex-2.0.3
       
			Copyright (C) 2007,2008,2009,2010,2011 CLiC - UB
			Centre de Llenguatge i Computació - Universitat de Barcelona
 
  This file is part of ancoralex-2.0.3.
 
  ancoralex-2.0.3 is free software and data: you can redistribute it and/or modify
  it under the terms of the GNU General Public License as published
  by the Free Software Foundation, either version 3 of the License,
  or (at your option) any later version.

  ancoralex-2.0.3 is distributed in the hope that it will be useful,
  but WITHOUT ANY WARRANTY; without even the implied warranty of
  MERCHANTABILITY or FITNESS FOR A PARTICULAR PURPOSE.  See the
  GNU General Public License for more details.
 
  You should have received a copy of the GNU General Public License
  along with ancoralex-2.0.3.  If not, see &lt;http://www.gnu.org/licenses/&gt;.
 
  Check a text in catalan explaining the terms of the license at http://www.softcatala.cat/wiki/GPL3.
  In spanish at http://www.viti.es/gnu/licenses/gpl.html
  
  The following paper must be cited when using verb lexicon: 

 * Aparicio, Juan, Mariona Taulé, M.Antònia Martí (2008) 'AnCora-Verb: A Lexical Resource for 
   the Semantic Annotation of Corpora'. Proceedings of 6th International Conference on Language 
   Resources and Evaluation. Marrakesh (Morocco).

  The following paper must be cited when using noun lexicon: 

 * Peris, Aina, Mariona Taulé (2011). AnCora-Nom: A Spanish lexicon of deverbal nominalizations. 
   Procesamiento del Lenguaje Natural, nº46, pp. 11-18.
 
 

 

-->

<lexentry lemma="construcción" lng="es" origin="deverbal" type="noun">
  <sense cousin="no" denotation="result" id="1" lexicalized="no" originlemma="construir" originlink="verb.construir.1" wordnetsynset="16:00585093+16:03431817">
    <frame appearsinplural="yes" type="default">
      <argument argument="arg1" foundincorporated="yes" thematicrole="pat">
        <constituent frequency="2" type="s.a"/>
        <constituent frequency="3" preposition="de" type="sp"/>
      </argument>
      <argument argument="argM" thematicrole="loc">
        <constituent frequency="1" preposition="en" type="sp"/>
      </argument>
      <specifiers>
        <constituent frequency="11" postype="article" type="determiner"/>
        <constituent frequency="11" type="void"/>
        <constituent frequency="1" postype="demonstrative" type="determiner"/>
      </specifiers>
      <reference_modifiers>
        <constituent frequency="3" type="sn"/>
        <constituent frequency="2" type="s.a"/>
        <constituent frequency="1" preposition="de" type="sp"/>
        <constituent frequency="1" type="relatiu"/>
      </reference_modifiers>
      <examples>
        <example file="3LB-CAST/204_C-1.tbf.xml" nodepath="1.3.1.0.1.1.1.0.1.2.1.0" sentencenodepath="1">Según un estudio que presentó hoy el secretario general de la patronal vasca , José_Guillermo_Zubía , las profesiones relacionadas con las altas tecnologías , los oficios tradicionales y los empleos de poca cualificación son los que más escasez de trabajadores tienen , en_especial , los de la industria y <argset><specifier>la</specifier><head>construcción </head></argset>. </example>
        <example file="3LB-CAST/204_C-1.tbf.xml" nodepath="4.1.1.0.1.1.0.1.1.1.0" sentencenodepath="4">Sin_embargo , para estudios de formación de <argset><specifier>la</specifier><head>construcción </head><reference_modifiers>, sector donde más oferta de empleo existe ,</reference_modifiers></argset>sólo hay 172 alumnos matriculados en la CAV . </example>
        <example file="3LB-CAST/204_c-5.tbf.xml" nodepath="4.1.2.2.0.1.4.0.0" sentencenodepath="4">Por sectores económicos , el paro registrado subió en la agricultura en 816 personas , pero Ø bajó en los servicios ( 26.927 ) , industria ( 7.943 ) y <argset><head>construcción </head><reference_modifiers>( 6.819 )</reference_modifiers></argset>, así_como en el colectivo sin empleo anterior ( 6.816 ) . </example>
        <example file="3LB-CAST/dc2-12.tbf.xml" nodepath="2.3.1.1.3.2.0.0" sentencenodepath="2">En 1960 se consiguió llevar_a_cabo la primera prueba fiable , de <argset><head>construcción </head><reference_modifiers>muy parecida , por_cierto ,</reference_modifiers></argset>al experimento de la torre y el laboratorio-cohete . </example>
        <example file="CESS-CAST-A/14498_20000121.tbf.xml" nodepath="5.3.1.1.2.1.1.1.2.1.1.0" sentencenodepath="5">Entre las aplicaciones no alimentarias se incluye su empleo en adhesivos , explosivos , en la industrias papeleras y de <argset><specifier>la</specifier><head>construcción </head></argset>, en los sectores textil , minero , metalúrgico , cosmético y farmacéutico , lo que demuestra la importancia comercial del estudio del almidón . </example>
        <example file="CESS-CAST-AA/19731_20000127.tbf.xml" nodepath="13.2.2.8.0.0.0" sentencenodepath="13">Los restantes grupos pasaron a números rojos y la caída más pronunciada fue la petroquímica , un 2,11_por_ciento ; cartera e inversiones , un 1,76_por_ciento , metal-mecánica , un 1,71_por_ciento ; otros , un 1,43_por_ciento ; <argset><head>construcción </head><reference_modifiers>, un 0,41_por_ciento</reference_modifiers>, </argset>y eléctricas , un 0,01_por_ciento . </example>
        <example file="CESS-CAST-AA/24822_20001030.tbf.xml" nodepath="2.3.4.0.0.0" sentencenodepath="2">En rueda de prensa , la consejera dijo que en_materia_de urbanismo el plan propone <argset><head>construcciones </head><argument argument="arg1" function="cn" thematicrole="pat" type="s.a">hoteleras</argument><reference_modifiers>de baja densidad , entre 250 y 300 plazas ,</reference_modifiers></argset>así_como la reconversión de los núcleos urbanos de Matalascañas y Mazagón , en la provincia de Huelva , para recuperar su potencial de riqueza . </example>
        <example file="CESS-CAST-AA/24933_20000929.tbf.xml" nodepath="13.4.1.2.0.1.1.0.0" sentencenodepath="13">Desde el punto de vista industrial , explicó Ø , Citroen cuenta con una fábrica en Buenos_Aires y otra en <argset><head>construcción </head></argset>en Brasil que empezará a producir en el 2001 modelos Picasso y 206 . </example>
        <example file="CESS-CAST-AA/2505_20001004.tbf.xml" nodepath="2.0.1.1.1.0.2.1.2.1.0.0" sentencenodepath="2">Una barrera de personas y maquinaria agrícola y de <argset><head>construcción </head></argset>, con camiones y coches , bloquea la carretera de Lazarevac , a unos 50 kilómetros de Belgrado , a la altura del punto por donde la policía intentaría llevar a las minas de lignito de Kolubara a 86 trabajadores para sustituir a los huelguistas . </example>
        <example file="CESS-CAST-AA/7637_20000510.tbf.xml" nodepath="2.2.2.4.3.4.1.1.1.0.1.2.2.0.1.0" sentencenodepath="2">El presidente del PP del País_Vasco , Carlos_Iturgaiz , dijo que el País_Vasco atraviesa un momento " grave y preocupante " y es necesario rebajar la tensión política para evitar la división social , pero Ø consideró que corresponde al PNV y al Gobierno_Vasco hacerlo porque Ø fueron quienes rompieron " el pacto donde estaba el 90_por_ciento de la sociedad , la Mesa_de_Ajuria_Enea , para enrolarse en Estella , donde está el 45_por_ciento y que no busca la paz , sino <argset><specifier>la</specifier><head>construcción </head><argument argument="arg1" function="cn" thematicrole="pat" type="s.a">nacional</argument></argset>" . </example>
        <example file="CESS-CAST-AA/8504_20001212.tbf.xml" nodepath="4.2.1.1.1.1.2.2.0.1.0.0" sentencenodepath="4">La Proposición_de_Ley presenta la modificación de la 8/1972 de 10 de mayo , de <argset>" <head>construcción </head>, conservación y explotación de las autopistas en régimen de concesión " </argset>, añadiendo un artículo 15 bis sobre ajustes en las concesiones y tarifas que " pueden llegar a la reducción de las tarifas a pagar por los usuarios " , o a repercutir en las inversiones en mejoras viarias . </example>
        <example file="CESS-CAST-P/104_20020502.tbf.xml" nodepath="4.0.1.1.1.0.0" sentencenodepath="4">Las obras de <argset><head>construcción </head></argset>están coordinadas por Foment_de_Ciutat_Vella , que agrupa a los distintos sectores ( vivienda , párking , recogida automática de basuras , mercados y arqueología ) que intervienen en Santa_Caterina . </example>
        <example file="CESS-CAST-P/10_20020102.tbf.xml" nodepath="1.2.5.3.2.1.0" sentencenodepath="1">El ministro afirmó que con este gesto se pretendía destacar " un momento histórico " asociando para siempre a los recién nacidos del primer día del año " con <argset><specifier>la</specifier><head>construcción </head><argument argument="arg1" function="cn" thematicrole="pat" type="sp">de una Europa de paz y solidaridad</argument></argset>" . </example>
        <example file="CESS-CAST-P/10_20020501.tbf.xml" nodepath="2.2.2.1.1.6.1.1.0" sentencenodepath="2">La verdad es que en la antigüedad el trabajo de la agricultura , de la manufactura , de la minería y de <argset><specifier>la</specifier><head>construcción </head></argset>resultaba terriblemente dificultoso y pesado . </example>
        <example file="CESS-CAST-P/113_19990501_a.tbf.xml" nodepath="6.3.1.2.1.1.0" sentencenodepath="6">Gutiérrez y Méndez pedirán a las instituciones europeas un papel más activo en <argset><specifier>la</specifier><head>construcción </head><argument argument="arg1" function="cn" thematicrole="pat" type="sp">de una Unión_Económica_y_Monetaria</argument></argset>para reforzar la cohesión y la solidaridad . </example>
        <example file="CESS-CAST-P/133_20011001.tbf.xml" nodepath="2.3.1.2.3.0.1.0" sentencenodepath="2">De_momento , el edificio es una simple propuesta , sin concreción urbanística ni de utilización , y <argset><reference_modifiers>cuya</reference_modifiers><head>construcción </head></argset>está vinculada a la demolición de unas 80 viviendas que se levantan justo en el espacio que Ø deberá ocupar . </example>
        <example file="CESS-CAST-P/16_20020202.tbf.xml" nodepath="4.2.1.2.2.1.1.1.1.1.0" sentencenodepath="4">De aquella forja que heredaron su abuelo y su padre salió una firma pertinaz que ha sobrevivido a todas las pautas de <argset><specifier>la</specifier><head>construcción </head></argset>. </example>
        <example file="CESS-CAST-P/18_19990602_g.tbf.xml" nodepath="2.2.4.1.1.1.1.0" sentencenodepath="2">Buscan personal el 60% de las empresas de restauración , el 58% de finanzas y el 45% de <argset><specifier>la</specifier><head>construcción </head></argset>. </example>
        <example file="CESS-CAST-P/20_19990802.tbf.xml" nodepath="18.3.5.1.0.0" sentencenodepath="18">ETA intentó hacerlas volar por los aires cuando Ø todavía se encontraban en <argset><head>construcción </head></argset>, hace ya más de 20 años . </example>
        <example file="CESS-CAST-P/23_20000501.tbf.xml" nodepath="5.4.1.1" sentencenodepath="5">Con una de cal y otra de arena , Israel anunció ayer <argset><specifier>la</specifier><reference_modifiers>próxima</reference_modifiers><head>construcción </head><argument argument="arg1" function="cn" thematicrole="pat" type="sp">de 174 viviendas para colonos</argument><argument argument="argM" function="cn" thematicrole="loc" type="sp">en el asentamiento de Maalé_Adumim , situado a pocos kilómetros de Jerusalén</argument></argset>. </example>
        <example file="CESS-CAST-P/65_20010302.tbf.xml" nodepath="2.3.0.1.1.2.1.1.1.1.1.0" sentencenodepath="2">Las centrales sindicales vinculan los numerosos accidentes a la precariedad laboral de los empleados de <argset><specifier>la</specifier><head>construcción </head></argset>y al abuso de la subcontratación . </example>
        <example file="CESS-CAST-P/68_20000402.tbf.xml" nodepath="6.0.3.1.1.1.1.0.1.1.0.0" sentencenodepath="6">El padre trabajaba como conductor de camiones en una empresa de materiales de <argset><head>construcción </head></argset>y la madre era ama de casa . </example>
        <example file="CESS-CAST-P/96_19990601.tbf.xml" nodepath="10.2.1.0" sentencenodepath="10">Aun así , Según Ø manifestó , <argset><specifier>esa</specifier><head argument="arg1" thematicrole="pat">construcción </head></argset>" está bloqueada en otras administraciones " . </example>
      </examples>
    </frame>
  </sense>
  <sense cousin="no" denotation="event" id="2" lexicalized="no" originlemma="construir" originlink="verb.construir.1" wordnetsynset="16:00585093">
    <frame appearsinplural="no" type="default">
      <argument argument="arg1" thematicrole="pat">
        <constituent frequency="19" preposition="de" type="sp"/>
        <constituent frequency="1" type="s.a"/>
      </argument>
      <argument argument="argM" thematicrole="loc">
        <constituent frequency="1" preposition="a" type="sp"/>
        <constituent frequency="1" preposition="entre" type="sp"/>
      </argument>
      <specifiers>
        <constituent frequency="8" type="void"/>
        <constituent frequency="17" postype="article" type="determiner"/>
      </specifiers>
      <reference_modifiers>
        <constituent frequency="2" type="s.a"/>
        <constituent frequency="1" type="sn"/>
        <constituent frequency="1" type="S"/>
      </reference_modifiers>
      <examples>
        <example file="3LB-CAST/204_c-6.tbf.xml" nodepath="8.4.1.2.1.1.1.1.0.0" sentencenodepath="8">Un hombre de 32 años murió hoy en un accidente laboral ocurrido en Alcoy ( Alicante ) al precipitarse desde una altura aproximada de doce metros de un edificio en <argset><head>construcción </head></argset>, según informaron fuentes sanitarias y sindicales . </example>
        <example file="3LB-CAST/a4-0.tbf.xml" nodepath="3.2.1.3.1.1.1.0.2.3.1.1" sentencenodepath="3">Existía entonces un vacío intelectual , una protesta en ciernes y una previsión de cambio que hacían precisa una tarea de reflexión política sin la que hubiera sido mucho más difícil <argset><specifier>la</specifier><reference_modifiers>posterior</reference_modifiers><head>construcción </head><argument argument="arg1" function="cn" thematicrole="pat" type="sp">de la democracia</argument></argset>. </example>
        <example file="3LB-CAST/dc1-1.tbf.xml" nodepath="7.5.0.1.2.2.1.1.0" sentencenodepath="7">" La mayoría de los ecosistemas con depredadores suelen ser bastante inestables en el sentido de que tarde o temprano Ø se extinguen , . Esto es debido_a_que Ø acaban con las presas y , por_tanto Ø se mueren de hambre . , Ello induce a pensar que , en la de la vida sobre la Tierra , los depredadores tuvieron que aparecer muy tarde " , comenta Federico_Morán , del Departamento_de_Bioquímica_y_Biología_Molecular de la Facultad_de_Químicas de la Universidad_Complutense_de_Madrid , y que ha participado en <argset><specifier>la</specifier><head>construcción </head><argument argument="arg1" function="cn" thematicrole="pat" type="sp">de esta naturaleza simulada</argument></argset>. </example>
        <example file="3LB-CAST/t1-0.tbf.xml" nodepath="5.3.1.1.0.1.3.1.1.0" sentencenodepath="5">Ø Había llegado a fines del siglo anterior huyendo del de fiebre amarilla que asoló a Panamá durante <argset><specifier>la</specifier><head>construcción </head><argument argument="arg1" function="cn" thematicrole="pat" type="sp">del ferrocarril de los dos océanos</argument></argset>, junto_con muchos otros que aquí se quedaron hasta morir , viviendo en chino , proliferando en chino , y tan parecidos los unos a los otros que nadie podía distinguirlos . </example>
        <example file="CESS-CAST-A/10017_20000413.tbf.xml" nodepath="1.3.1.1.1.1.1.0" sentencenodepath="1">Una portavoz de EDF explicó a EFE que el proyecto para <argset><specifier>la</specifier><head>construcción </head><argument argument="arg1" function="cn" thematicrole="pat" type="sp">de Altamira_2</argument><argument argument="argM" function="cn" thematicrole="loc" type="sp">, al norte de Tampico</argument></argset>, prevé la utilización de gas natural como combustible principal en una central de ciclo combinado que debe empezar a funcionar en mayo_del_2002 . </example>
        <example file="CESS-CAST-A/10017_20000413.tbf.xml" nodepath="3.0.3.1.1.0" sentencenodepath="3">EDF , que no quiso revelar cuánto Ø pagó por su participación mayoritaria en EAA , intervendrá como asistente en <argset><specifier>la</specifier><head>construcción </head><argument argument="arg1" function="cn" thematicrole="pat" type="sp">de Altamira_2</argument></argset>y , posteriormente , Ø se encargará de explotarla como principal accionista . </example>
        <example file="CESS-CAST-A/11465_20000214.tbf.xml" nodepath="2.0.3.4.4.2.0.1.1.0.1.1.0.0" sentencenodepath="2">" Ø Creo que Ø podemos presentar un balance positivo , porque este Gobierno ha conseguido salvaguardar los intereses vitales de España dentro del proceso de <argset><head>construcción </head></argset>europeo , en el que Ø ha jugado un papel de animador del mismo " , sostuvo Ø en una conferencia de prensa . </example>
        <example file="CESS-CAST-A/11465_20000214.tbf.xml" nodepath="4.6.1.1.2.1.1.0.1.1.0.1.1.0.0" sentencenodepath="4">Según el jefe de la diplomacia española , en estos cuatro años la política exterior se centró " al_mismo_tiempo_que en salvaguardar los intereses vitales " nacionales , en desempeñar " un papel de animador del proceso de <argset><head>construcción </head><argument argument="arg1" function="cn" thematicrole="pat" type="s.a">europea</argument></argset>" . </example>
        <example file="CESS-CAST-A/17037_20000423.tbf.xml" nodepath="16.2.2.5.2.1.0.5.0.1.2.1.4.1.1.2.1.0" sentencenodepath="16">Ø Manifestó que " la gran aportación del PNV en los últimos veinte años " es la de haber " generado un país moderno " , y que este partido se siente " orgulloso " de lo conseguido , por lo que " Ø no acepta lecciones " ni de quienes " han tardado 30 años en incorporarse " a <argset><specifier>la</specifier><head>construcción </head><argument argument="arg1" function="cn" thematicrole="pat" type="sp">del País_Vasco</argument></argset>, ni de la " nueva derecha , defensora del pensamiento único " . </example>
        <example file="CESS-CAST-A/18485_20000724.tbf.xml" nodepath="3.2.0.1.1.1.1.0.0" sentencenodepath="3">Ø Explicó que el proyecto de <argset><head>construcción </head><argument argument="arg1" function="cn" thematicrole="pat" type="sp">del tren de alta velocidad</argument><argument argument="argM" function="cn" thematicrole="loc" type="sp">entre Córdoba y Málaga</argument></argset>cuenta ya con un estudio de impacto ambiental elaborado por la Junta , pero que el Ministerio_de_Fomento había solicitado una nueva declaración a Medio_Ambiente . </example>
        <example file="CESS-CAST-A/18485_20000724.tbf.xml" nodepath="6.4.1.1.1.1.1.0" sentencenodepath="6">En_materia_de carreteras , Gutiérrez_del_Castillo trasladó al ministro la necesidad de acelerar <argset><specifier>la</specifier><head>construcción </head><argument argument="arg1" function="cn" thematicrole="pat" type="sp">de las autovías Ruta_de_la_Plata ( desde Sevilla al límite con la provincia de Badajoz ) , Córdoba-Antequera , Granada-Motril y el tramo Nerja-Adra que falta para cerrar la del Mediterráneo , así_como la conexión Bahía_de_Cádiz-Bahía_de_Algeciras</argument></argset>. </example>
        <example file="CESS-CAST-AA/19377_20000323.tbf.xml" nodepath="10.3.1.3.1.2.1.0.0.1.0.0" sentencenodepath="10">El proceso de desmovilización , desarme y reintegración debe hacerse de una forma integrada para que los " cascos azules " puedan facilitar la transición del proceso de mantenimiento de la paz al de <argset><head>construcción </head><argument argument="arg1" function="cn" thematicrole="pat" type="sp">de la paz</argument></argset>. </example>
        <example file="CESS-CAST-AA/20033_20000224.tbf.xml" nodepath="7.3.1.4.3.4.1.1.2.1.0.4.0" sentencenodepath="7">Xavier_Trias insiste en su discurso en que Cataluña necesita más recursos porque el trato fiscal que Ø recibe en la actualidad es " injusto " y Ø puede acabar dañando su competitividad , y además Ø impide al gobierno de la Generalitat ofrecer los mismos servicios que otras autonomías en_materia_de <argset>asistencia sanitaria , atención a la tercera edad o <head>construcción </head>
            <argument argument="arg1" function="cn" thematicrole="pat" type="sp">de guarderías</argument>
          </argset>. </example>
        <example file="CESS-CAST-AA/2005_20000904.tbf.xml" nodepath="10.2.2.3.2.1.1.1.3.6.1.0.0" sentencenodepath="10">Ø Opinó que " ciertamente habrá que aumentar la producción " petrolera , pero que la organización que Ø preside evaluará " la realidad de los inventarios " mundiales , los cuales , aseguró Ø , desde hace varios meses " están en <argset><head>construcción </head></argset>" . </example>
        <example file="CESS-CAST-AA/22292_20000131.tbf.xml" nodepath="2.2.0.1.4.1.1.2.4.1.1.1.1.1.1.3.1.0" sentencenodepath="2">" Parte del actual Gobierno está bajo sospecha " , aseveró Alcaraz , quien calificó de " tapadera de la corrupción " a la empresa Saturno , que representó al Gabinete en la compra de los terrenos en los que está prevista <argset><specifier>la</specifier><head>construcción </head><argument argument="arg1" function="cn" thematicrole="pat" type="sp">del monumento</argument><reference_modifiers>, una operación " llena de absurdos y contradicciones " en la que un informe de la Audiencia_de_Cuentas ha detectado irregularidades</reference_modifiers></argset>. </example>
        <example file="CESS-CAST-AA/23424_20000228.tbf.xml" nodepath="6.0.1.0.0.1.0" sentencenodepath="6">Con <argset><specifier>la</specifier><head>construcción </head></argset>y lanzamiento del satélite 1C finaliza la primera generación de satélites Hispasat , en la que la participación de la industria española aeroespacial ha sido del 33_por_ciento . </example>
        <example file="CESS-CAST-AA/8396_20000310.tbf.xml" nodepath="11.2.1.1.1.1.1.0" sentencenodepath="11">El nuevo gobierno que encabezará Stoltenberg tendrá la tarea de iniciar <argset><specifier>la</specifier><head>construcción </head><argument argument="arg1" function="cn" thematicrole="pat" type="sp">de la nueva central eléctrica</argument></argset>, con la oposición de los partidos de centro e izquierda del Storting , y de los sectores juveniles del propio partido laborista . </example>
        <example file="CESS-CAST-AA/9923_20001114.tbf.xml" nodepath="10.0.3.2.1.1.2.1.1.1.4.1.0" sentencenodepath="10">Durante esta reunión , Lagos trató sobre la futura cooperación de Chile cuando Timor_Oriental esté mejor estructurado y de la voluntad de su Gobierno de colaborar en la administración política , la formación de los partidos y <argset><specifier>la</specifier><head>construcción </head><argument argument="arg1" function="cn" thematicrole="pat" type="sp">del proceso de paz</argument></argset>, declaró a EFE Diego_Velasco_Von_Pilgrimm , consejero de la Embajada_de_Chile en Yakarta , quien acompañó en su visita al presidente . </example>
        <example file="CESS-CAST-P/105_20000401.tbf.xml" nodepath="1.3.1.1.4.1.1.2.2.1.0" sentencenodepath="1">En Catalunya Ø estamos habituados a que la clase política nos recuerde el acierto que fue ceder al sector privado <argset><specifier>la</specifier><head>construcción </head><argument argument="arg1" function="cn" thematicrole="pat" type="sp">de esas autopistas que con tanta prosperidad y desarrollo económico - - europeo y diferencial , dicen - - nos han obsequiado muchos años a_cambio_de unas insignificantes pesetas cada_vez_que movemos el coche que esa misma prosperidad nos permite malpagar</argument></argset>. </example>
        <example file="CESS-CAST-P/133_20011001.tbf.xml" nodepath="10.0.1.0" sentencenodepath="10"><argset><specifier>La</specifier><head>construcción </head><argument argument="arg1" function="cn" thematicrole="pat" type="sp">del Fòrum</argument></argset>exigirá primero la demolición de los 80 pisos y la colocación de los vecinos en nuevas viviendas que se están construyendo muy cerca , detrás_del Mercat_de_les_Flors , operación que no se acabará antes de dos años . </example>
        <example file="CESS-CAST-P/133_20011001.tbf.xml" nodepath="14.2.2.1.0" sentencenodepath="14">El plan inicial incluía una nueva boca de metro de la estación de Poble_Sec de la línea_3 , en la confluencia de las calles Mare_de_Déu_del_Remei y Bòbila y <argset><specifier>la</specifier><head>construcción </head><argument argument="arg1" function="cn" thematicrole="pat" type="sp">de un aparcamiento subterráneo</argument></argset>. </example>
        <example file="CESS-CAST-P/34_20000903.tbf.xml" nodepath="14.5.1.2.3.1.1.2.1.2.3.1.2.1.1.1.0" sentencenodepath="14">Hasta hace escasas semanas , el Gobierno no se cansaba de exigir a los peneuvistas que Ø enterraran el Pacto_de_Lizarra , el documento que precedió a la tregua de ETA y en el que todas las fuerzas y asociaciones nacionalistas esbozaron un plan de paz basado en <argset><specifier>la</specifier><head>construcción </head><reference_modifiers>nacional</reference_modifiers><argument argument="arg1" function="cn" thematicrole="pat" type="sp">de Euskal_Herria</argument></argset>. </example>
        <example file="CESS-CAST-P/47_19990401.tbf.xml" nodepath="4.2.0.5.3.1.2.1.0.0" sentencenodepath="4">De nada sirvió que los dos etarras se preguntaran en_alto si esa lucha popular puede entorpecer el " proceso de <argset><head>construcción </head></argset>" ( nacional ) , ni que Arnaldo_Otegi , líder de Euskal_Herritarrok , subrayara que la Mejor respuesta a las " agresiones " del Estado será el paro convocado por Lizarra . </example>
        <example file="CESS-CAST-P/50_19991101.tbf.xml" nodepath="0.2.1.0" sentencenodepath="0">El Ayuntamiento_de_Manresa y la Generalitat negocian <argset><specifier>la</specifier><head>construcción </head><argument argument="arg1" function="cn" thematicrole="pat" type="sp">de un paso subterráneo que permita la conexión de la rotonda de Els_Dolors con la ronda norte del Eix_Transversal</argument><reference_modifiers>, atravesando la zona de la Parada</reference_modifiers></argset>. </example>
        <example file="CESS-CAST-P/8_20010401.tbf.xml" nodepath="1.3.1.2.2.0" sentencenodepath="1">Ø No lograron el contrato del siglo <argset>: <specifier>la</specifier>
            <head>construcción </head>
            <argument argument="arg1" function="cn" thematicrole="pat" type="sp">de los trenes del AVE_Madrid-Barcelona-frontera-francesa</argument>
          </argset>. </example>
      </examples>
    </frame>
  </sense>
  <sense cousin="no" denotation="underspecified" id="3" lexicalized="no" originlemma="construir" originlink="verb.construir.1" wordnetsynset="16:00585093">
    <frame appearsinplural="no" type="default">
      <argument argument="arg1" thematicrole="pat">
        <constituent frequency="5" preposition="de" type="sp"/>
      </argument>
      <argument argument="argM" thematicrole="loc">
        <constituent frequency="1" preposition="en" type="sp"/>
      </argument>
      <specifiers>
        <constituent frequency="5" postype="article" type="determiner"/>
      </specifiers>
      <examples>
        <example file="3LB-CAST/2000060211_6-1.tbf.xml" nodepath="2.2.1.1.0" sentencenodepath="2">La compañía creada por empresarios de Venezuela y Colombia incumplió en <argset><specifier>la</specifier><head>construcción </head><argument argument="arg1" function="cn" thematicrole="pat" type="sp">de una planta de tratamiento de las aguas residuales que resultan de sus procesos industriales de fabricación de materias primas que se derivan del petróleo</argument></argset>. </example>
        <example file="CESS-CAST-AA/24092_20000928.tbf.xml" nodepath="0.3.4.4.1.1.1.0" sentencenodepath="0">El presidente del PP canario , José_Manuel_Soria , aseguró hoy que Ø ha pedido al ministro de Fomento , Francisco_Alvarez_Cascos , que Ø corrija el Plan_de_Infraestructuras 2000-2007 para incluir <argset><specifier>la</specifier><head>construcción </head><argument argument="arg1" function="cn" thematicrole="pat" type="sp">de una nueva pista</argument><argument argument="argM" function="cn" thematicrole="loc" type="sp">en el aeropuerto de Gran_Canaria</argument></argset>. </example>
        <example file="CESS-CAST-AA/4901_20001107.tbf.xml" nodepath="2.2.1.1.2.4.2.1.0.2.2.1.1.0" sentencenodepath="2">Más de 50.000 soldados británicos fueron capturados por las tropas japonesas , que los sometieron a torturas o a trabajos forzados , incluso en <argset><specifier>la</specifier><head>construcción </head><argument argument="arg1" function="cn" thematicrole="pat" type="sp">del llamado " ferrocarril de la muerte " , que inspiró la película " El_puente_sobre_el_río_Kwai "</argument></argset>. </example>
        <example file="CESS-CAST-AA/8396_20000310.tbf.xml" nodepath="4.4.2.0.2.1.0" sentencenodepath="4">La ley fue aprobada anoche por 81 votos a favor y 71 en_contra , lo que permitirá <argset><specifier>la</specifier><head>construcción </head><argument argument="arg1" function="cn" thematicrole="pat" type="sp">de una central energética que funcionará con el gas natural del Mar_del_Norte noruego que , según el Gobierno_Bondevik , aumentará las emisiones nocivas por_encima_de lo acordado en la reunión de Kioto</argument></argset>. </example>
        <example file="CESS-CAST-P/72_19990601.tbf.xml" nodepath="1.3.1.0" sentencenodepath="1">La Conselleria_d'Obres_Públiques inicia mañana <argset><specifier>la</specifier><head>construcción </head><argument argument="arg1" function="cn" thematicrole="pat" type="sp">de la nueva carretera de Josa_i_Tuixén a Gósol ( Berguedà ) , una vía que unirá dos comarcas pirenaicas y que supondrá una inversión de 1.350 millones de pesetas</argument></argset>. </example>
      </examples>
    </frame>
  </sense>
</lexentry>
