<?xml version="1.0" encoding="UTF-8" standalone="no"?>
<!-- 

  ancoralex-2.0.3
       
			Copyright (C) 2007,2008,2009,2010,2011 CLiC - UB
			Centre de Llenguatge i Computació - Universitat de Barcelona
 
  This file is part of ancoralex-2.0.3.
 
  ancoralex-2.0.3 is free software and data: you can redistribute it and/or modify
  it under the terms of the GNU General Public License as published
  by the Free Software Foundation, either version 3 of the License,
  or (at your option) any later version.

  ancoralex-2.0.3 is distributed in the hope that it will be useful,
  but WITHOUT ANY WARRANTY; without even the implied warranty of
  MERCHANTABILITY or FITNESS FOR A PARTICULAR PURPOSE.  See the
  GNU General Public License for more details.
 
  You should have received a copy of the GNU General Public License
  along with ancoralex-2.0.3.  If not, see &lt;http://www.gnu.org/licenses/&gt;.
 
  Check a text in catalan explaining the terms of the license at http://www.softcatala.cat/wiki/GPL3.
  In spanish at http://www.viti.es/gnu/licenses/gpl.html
  
  The following paper must be cited when using verb lexicon: 

 * Aparicio, Juan, Mariona Taulé, M.Antònia Martí (2008) 'AnCora-Verb: A Lexical Resource for 
   the Semantic Annotation of Corpora'. Proceedings of 6th International Conference on Language 
   Resources and Evaluation. Marrakesh (Morocco).

  The following paper must be cited when using noun lexicon: 

 * Peris, Aina, Mariona Taulé (2011). AnCora-Nom: A Spanish lexicon of deverbal nominalizations. 
   Procesamiento del Lenguaje Natural, nº46, pp. 11-18.
 
 

 

-->

<lexentry lemma="contemplación" lng="es" origin="deverbal" type="noun">
  <sense cousin="no" denotation="result" id="1" lexicalized="no" originlemma="contemplar" originlink="verb.contemplar.1" wordnetsynset="16:cs1">
    <frame appearsinplural="no" type="default">
      <argument argument="arg1" foundincorporated="yes" thematicrole="pat"/>
      <specifiers>
        <constituent frequency="1" postype="article" type="determiner"/>
      </specifiers>
      <reference_modifiers>
        <constituent frequency="1" type="S"/>
      </reference_modifiers>
      <examples>
        <example file="CESS-CAST-P/168_20011002.tbf.xml" nodepath="7.0.4.1.2.1.2.1.0" sentencenodepath="7">Si a eso Ø añadimos las imágenes intercaladas de unos niños , a uno de los cuales le falta un ojo , acosando con sus perros a una vaca que está inmovilizada en la ciénaga ponzoñosa , y <argset><specifier>la</specifier><head argument="arg1" thematicrole="pat">contemplación </head><reference_modifiers>que de la decadente escena del fin de fiesta junto_a la piscina hacen otras niñas , hijas de los anfitriones del festejo etílico</reference_modifiers></argset>, Ø tendremos la medida justa de lo que Ø intenta y provoca Lucrecia_Martel con su debut : crear una sensación permanente de malestar , de enfermizo y a_la_vez realista agobio cotidiano , a_través_de la cual se cuelan los retazos dramáticos de la existencia de dos familias emparentadas . </example>
      </examples>
    </frame>
    <frame appearsinplural="yes" type="oblique_subject">
      <argument argument="argM" thematicrole="loc">
        <constituent frequency="1" preposition="ante" type="sp"/>
      </argument>
      <specifiers>
        <constituent frequency="2" type="void"/>
      </specifiers>
      <examples>
        <example file="CESS-CAST-P/59_19991001.tbf.xml" nodepath="1.2.1.2.1.1.1.3.1.1.1.1.2.1.2.0.1.1.1.1.1.2.1.0.0" sentencenodepath="1">Ø Es la solemne y merecida confirmación de un talento que sus lectores reconocían desde la aparición de El_tambor_de_hojalata y su protagonista enano Oskar_Matzerath , producto de una mente en estado de revisión iconoclasta sin <argset><head>contemplaciones </head><argument argument="argM" function="cn" thematicrole="loc" type="sp">ante la Alemania de su tiempo</argument></argset>. </example>
        <example file="CESS-CAST-P/6_20010501.tbf.xml" nodepath="5.5.4.1.1.1.1.0.0" sentencenodepath="5">Si el pasado Primero_de_Mayo aún resonaba el escándalo de los sobresueldos de directivos - - las stock_options - - y los contratos precarios , este año Ø ya estamos en los despidos masivos en empresas que no están en números rojos , en el incremento de la siniestralidad laboral y en la explotación sin <argset><head>contemplaciones </head></argset>de los trabajadores inmigrantes . </example>
      </examples>
    </frame>
  </sense>
  <sense cousin="no" denotation="event" id="2" lexicalized="no" originlemma="contemplar" originlink="verb.contemplar.1" wordnetsynset="16:00564461">
    <frame appearsinplural="no" type="default">
      <argument argument="arg1" thematicrole="pat">
        <constituent frequency="1" preposition="de" type="sp"/>
      </argument>
      <specifiers>
        <constituent frequency="1" postype="article" type="determiner"/>
      </specifiers>
      <reference_modifiers>
        <constituent frequency="1" type="s.a"/>
      </reference_modifiers>
      <examples>
        <example file="CESS-CAST-A/10477_20001114.tbf.xml" nodepath="6.3.3.0.1.1.1.1.2.2.0.1.3.2.1.1" sentencenodepath="6">Según Zarrías , no consta que el Gobierno británico haya cumplido ninguna de las garantías ni obligaciones que en_virtud_de los tratados comunitarios le afectan y que son exigibles no_sólo en situación de daño efectivo , sino " ante <argset><specifier>la</specifier><reference_modifiers>simple</reference_modifiers><head>contemplación </head><argument argument="arg1" function="cn" thematicrole="pat" type="sp">de riesgo de producción del mismo</argument></argset>" . </example>
      </examples>
    </frame>
  </sense>
  <sense cousin="no" denotation="result" id="3" lexicalized="no" originlemma="contemplar" originlink="verb.contemplar.2" wordnetsynset="16:00564461">
    <frame appearsinplural="no" type="default">
      <specifiers>
        <constituent frequency="1" type="void"/>
      </specifiers>
      <reference_modifiers>
        <constituent frequency="1" type="s.a"/>
      </reference_modifiers>
      <examples>
        <example file="CESS-CAST-P/71_19990901.tbf.xml" nodepath="3.0.2.3.2.0.1" sentencenodepath="3">Sus hijos , Guillermo y Enrique , pasaron el día con su padre en Balmoral , mientras su hermano , el conde Spencer , permaneció en la finca de Althorp " en <argset><reference_modifiers>privada</reference_modifiers><head>contemplación </head></argset>" , según hizo saber un miembro del servicio . </example>
      </examples>
    </frame>
  </sense>
</lexentry>
