<?xml version="1.0" encoding="UTF-8" standalone="no"?>
<!-- 

  ancoralex-2.0.3
       
			Copyright (C) 2007,2008,2009,2010,2011 CLiC - UB
			Centre de Llenguatge i Computació - Universitat de Barcelona
 
  This file is part of ancoralex-2.0.3.
 
  ancoralex-2.0.3 is free software and data: you can redistribute it and/or modify
  it under the terms of the GNU General Public License as published
  by the Free Software Foundation, either version 3 of the License,
  or (at your option) any later version.

  ancoralex-2.0.3 is distributed in the hope that it will be useful,
  but WITHOUT ANY WARRANTY; without even the implied warranty of
  MERCHANTABILITY or FITNESS FOR A PARTICULAR PURPOSE.  See the
  GNU General Public License for more details.
 
  You should have received a copy of the GNU General Public License
  along with ancoralex-2.0.3.  If not, see &lt;http://www.gnu.org/licenses/&gt;.
 
  Check a text in catalan explaining the terms of the license at http://www.softcatala.cat/wiki/GPL3.
  In spanish at http://www.viti.es/gnu/licenses/gpl.html
  
  The following paper must be cited when using verb lexicon: 

 * Aparicio, Juan, Mariona Taulé, M.Antònia Martí (2008) 'AnCora-Verb: A Lexical Resource for 
   the Semantic Annotation of Corpora'. Proceedings of 6th International Conference on Language 
   Resources and Evaluation. Marrakesh (Morocco).

  The following paper must be cited when using noun lexicon: 

 * Peris, Aina, Mariona Taulé (2011). AnCora-Nom: A Spanish lexicon of deverbal nominalizations. 
   Procesamiento del Lenguaje Natural, nº46, pp. 11-18.
 
 

 

-->

<lexentry lemma="contagio" lng="es" origin="deverbal" type="noun">
  <sense cousin="no" denotation="result" id="1" lexicalized="no" originlemma="contagiar" originlink="verb.contagiar.1" wordnetsynset="16:05482154">
    <frame appearsinplural="no" type="default">
      <specifiers>
        <constituent frequency="1" postype="indefinite" type="determiner"/>
      </specifiers>
      <examples>
        <example file="3LB-CAST/t1-4.tbf.xml" nodepath="5.4.1.4.1.2.2.1.1.2.1.1.1.3.3.1.1.2.1.1.1.0" sentencenodepath="5">Ø No encontraba razones para que Fermina_Daza no fuera una viuda igual , preparada por la vida para aceptarlo a él tal_como Ø era , sin fantasías de culpa por el marido muerto , resuelta a descubrir con él la otra felicidad de ser feliz dos veces , con un amor de uso cotidiano que convirtiera cada instante en un milagro de vivir , y con otro amor de ella sola preservado de <argset><specifier>todo</specifier><head>contagio </head></argset>por la inmunidad de la muerte . </example>
      </examples>
    </frame>
  </sense>
  <sense cousin="no" denotation="result" id="2" lexicalized="no" originlemma="contagiar" originlink="verb.contagiar.2" wordnetsynset="16:05482154">
    <frame appearsinplural="no" type="default">
      <specifiers>
        <constituent frequency="2" type="void"/>
      </specifiers>
      <examples>
        <example file="3LB-CAST/dc10-4.tbf.xml" nodepath="12.0.1.2.0.0" sentencenodepath="12">Para que exista <argset><head>contagio </head></argset>, el virus ha de ser introducido en el organismo a_través_de alguna de estas vías . </example>
        <example file="3LB-CAST/dc2-5.tbf.xml" nodepath="8.5.5.3.1.1.2.1.1.1.3.2.1.0.1.1.0.0" sentencenodepath="8">Sin_embargo , estas naciones serían también las víctimas más indefensas y propiciatorias , ya_que sus deficientes estructuras sanitarias no permitirían ni la pronta identificación del agente agresor , ni desde_luego una eficaz atención a los afectados que , a_la_postre , acabarían además convertidos en vectores de <argset><head>contagio </head></argset>involuntarios . </example>
      </examples>
    </frame>
  </sense>
</lexentry>
