<?xml version="1.0" encoding="UTF-8" standalone="no"?>
<!-- 

  ancoralex-2.0.3
       
			Copyright (C) 2007,2008,2009,2010,2011 CLiC - UB
			Centre de Llenguatge i Computació - Universitat de Barcelona
 
  This file is part of ancoralex-2.0.3.
 
  ancoralex-2.0.3 is free software and data: you can redistribute it and/or modify
  it under the terms of the GNU General Public License as published
  by the Free Software Foundation, either version 3 of the License,
  or (at your option) any later version.

  ancoralex-2.0.3 is distributed in the hope that it will be useful,
  but WITHOUT ANY WARRANTY; without even the implied warranty of
  MERCHANTABILITY or FITNESS FOR A PARTICULAR PURPOSE.  See the
  GNU General Public License for more details.
 
  You should have received a copy of the GNU General Public License
  along with ancoralex-2.0.3.  If not, see &lt;http://www.gnu.org/licenses/&gt;.
 
  Check a text in catalan explaining the terms of the license at http://www.softcatala.cat/wiki/GPL3.
  In spanish at http://www.viti.es/gnu/licenses/gpl.html
  
  The following paper must be cited when using verb lexicon: 

 * Aparicio, Juan, Mariona Taulé, M.Antònia Martí (2008) 'AnCora-Verb: A Lexical Resource for 
   the Semantic Annotation of Corpora'. Proceedings of 6th International Conference on Language 
   Resources and Evaluation. Marrakesh (Morocco).

  The following paper must be cited when using noun lexicon: 

 * Peris, Aina, Mariona Taulé (2011). AnCora-Nom: A Spanish lexicon of deverbal nominalizations. 
   Procesamiento del Lenguaje Natural, nº46, pp. 11-18.
 
 

 

-->

<lexentry lemma="contragolpe" lng="es" origin="deverbal" type="noun">
  <sense cousin="no" denotation="result" id="1" lexicalized="no" originlemma="golpear" originlink="verb.golpear.1" wordnetsynset="16:cs1+16:00618654">
    <frame appearsinplural="yes" type="default">
      <specifiers>
        <constituent frequency="3" type="void"/>
        <constituent frequency="2" postype="article" type="determiner"/>
        <constituent frequency="2" postype="indefinite" type="determiner"/>
      </specifiers>
      <reference_modifiers>
        <constituent frequency="1" type="s.a"/>
        <constituent frequency="1" type="S"/>
      </reference_modifiers>
      <examples>
        <example file="3LB-CAST/d1-7.tbf.xml" nodepath="1.2.1.1.2.1.0.0" sentencenodepath="1">El Atlético , en_cambio , tras dos acciones espléndidas de <argset><head>contragolpe </head></argset>, culminadas por un soberbio Caminero . </example>
        <example file="CESS-CAST-A/13507_20000918.tbf.xml" nodepath="6.0.0.1.4.1.3.1.1.1.3.1.1.1.1.1.6.1.1.0" sentencenodepath="6">Comentario : La selección argentina de hockey sumó su segunda victoria olímpica al imponerse por 1-0 a Inglaterra en un partido en el que Ø fue claramente superior a las inglesas , que en la segunda mitad crearon cierto peligro , se cerraron mejor y buscaron <argset><specifier>el</specifier><head>contragolpe </head></argset>. </example>
        <example file="CESS-CAST-A/16182_20000220.tbf.xml" nodepath="18.2.3.1.2.1.1.0" sentencenodepath="18">Tras el descanso Perú retomó el control del partido en busca de algún gol que diera tranquilidad , mientras_que Honduras se tuvo que conformar con buscar su suerte en <argset><specifier>algún</specifier><head>contragolpe </head></argset>. </example>
        <example file="CESS-CAST-A/16182_20001121.tbf.xml" nodepath="8.0.3.3.4.0.1" sentencenodepath="8">" El Brujas es un equipo muy académico en su concepción del fútbol . Ø Juega con un 4-3-3 y con vocación vertical , ya_que Ø organiza <argset><reference_modifiers>rápidos</reference_modifiers><head>contragolpes </head></argset>tras el robo del balón , aprovechando , además , la velocidad de los extremos y laterales " , ha explicado Ø . </example>
        <example file="CESS-CAST-AA/21954_20000226.tbf.xml" nodepath="3.0.4.2.1.0.0" sentencenodepath="3">" El juego del Mallorca se basa en la fortaleza defensiva y en <argset><head>contragolpes </head><reference_modifiers>que Tristán suele resolver bien arriba</reference_modifiers></argset>" , comentó Irureta , quien calificó al equipo balear de " muy armónico y homogéneo , que lleva ya tres años muy bien y está haciendo un buen campeonato " . </example>
        <example file="CESS-CAST-P/132_20010301.tbf.xml" nodepath="12.1.2.1.1.1.2.1.0" sentencenodepath="12">Y con este argumento , con un equipo que busca <argset><specifier>el</specifier><head>contragolpe </head></argset>, le corresponde al rival llevar la iniciativa . </example>
        <example file="CESS-CAST-P/72_20000903.tbf.xml" nodepath="13.1.4.1.0.1.0" sentencenodepath="13">Es_decir , encerrarse en su zona del campo para proteger la portería , ceder la posesión del balón al contrario y esperar <argset><specifier>algún</specifier><head>contragolpe </head></argset>o una falta para ver si Ø podía conseguir algo más que el empate . </example>
      </examples>
    </frame>
  </sense>
</lexentry>
