<?xml version="1.0" encoding="UTF-8" standalone="no"?>
<!-- 

  ancoralex-2.0.3
       
			Copyright (C) 2007,2008,2009,2010,2011 CLiC - UB
			Centre de Llenguatge i Computació - Universitat de Barcelona
 
  This file is part of ancoralex-2.0.3.
 
  ancoralex-2.0.3 is free software and data: you can redistribute it and/or modify
  it under the terms of the GNU General Public License as published
  by the Free Software Foundation, either version 3 of the License,
  or (at your option) any later version.

  ancoralex-2.0.3 is distributed in the hope that it will be useful,
  but WITHOUT ANY WARRANTY; without even the implied warranty of
  MERCHANTABILITY or FITNESS FOR A PARTICULAR PURPOSE.  See the
  GNU General Public License for more details.
 
  You should have received a copy of the GNU General Public License
  along with ancoralex-2.0.3.  If not, see &lt;http://www.gnu.org/licenses/&gt;.
 
  Check a text in catalan explaining the terms of the license at http://www.softcatala.cat/wiki/GPL3.
  In spanish at http://www.viti.es/gnu/licenses/gpl.html
  
  The following paper must be cited when using verb lexicon: 

 * Aparicio, Juan, Mariona Taulé, M.Antònia Martí (2008) 'AnCora-Verb: A Lexical Resource for 
   the Semantic Annotation of Corpora'. Proceedings of 6th International Conference on Language 
   Resources and Evaluation. Marrakesh (Morocco).

  The following paper must be cited when using noun lexicon: 

 * Peris, Aina, Mariona Taulé (2011). AnCora-Nom: A Spanish lexicon of deverbal nominalizations. 
   Procesamiento del Lenguaje Natural, nº46, pp. 11-18.
 
 

 

-->

<lexentry lemma="contención" lng="es" origin="deverbal" type="noun">
  <sense cousin="no" denotation="result" id="1" lexicalized="no" originlemma="contener" originlink="verb.contener.2" wordnetsynset="16:00744060+16:03824809">
    <frame appearsinplural="no" type="default">
      <specifiers>
        <constituent frequency="2" postype="article" type="determiner"/>
        <constituent frequency="1" type="void"/>
      </specifiers>
      <examples>
        <example file="CESS-CAST-P/20_20010102.tbf.xml" nodepath="6.1.5.1.1.1.1.1.0" sentencenodepath="6">En_pocas_palabras : Ø deberá desprenderse de lo viejo , hallar dónde guardarlo sin peligro , tener más capacidad en <argset><specifier>la</specifier><head>contención </head></argset>y ser más eficaz en la respuesta . </example>
        <example file="CESS-CAST-P/20_20010702.tbf.xml" nodepath="7.2.2.1.1.0" sentencenodepath="7">Tanto Damasco como Beirut se reservaron el derecho a replicar al ataque , mientras EEUU llamó a <argset><specifier>la</specifier><head>contención </head></argset>. </example>
        <example file="CESS-CAST-P/91_20010301.tbf.xml" nodepath="6.4.3.1.0.3.0" sentencenodepath="6">Ø También les propone que Ø utilicen con <argset>" rigor y <head>contención </head>" </argset>las declaraciones de duelo oficial , para evitar sobredimensionar los hechos . </example>
      </examples>
    </frame>
  </sense>
  <sense cousin="no" denotation="event" id="2" lexicalized="no" originlemma="contener" originlink="verb.contener.2" wordnetsynset="16:00744060">
    <frame appearsinplural="no" type="default">
      <argument argument="arg1" thematicrole="pat">
        <constituent frequency="2" preposition="de" type="sp"/>
      </argument>
      <argument argument="argM" thematicrole="loc">
        <constituent frequency="1" preposition="en" type="sp"/>
      </argument>
      <specifiers>
        <constituent frequency="2" postype="article" type="determiner"/>
      </specifiers>
      <examples>
        <example file="CESS-CAST-AA/2162_20000303.tbf.xml" nodepath="2.2.1.0" sentencenodepath="2">Para el ministro , " <argset><specifier>la</specifier><head>contención </head><argument argument="arg1" function="cn" thematicrole="pat" type="sp">del terrorismo</argument><argument argument="argM" function="cn" thematicrole="loc" type="sp">en Egipto</argument></argset>no significa que Ø haya desaparecido del país " . </example>
        <example file="CESS-CAST-AA/24050_20000928.tbf.xml" nodepath="5.3.5.1.1.1.1.1.1.1.1.1.3.1.0" sentencenodepath="5">El incremento no impedirá que el volumen de deuda en circulación comparado con el Producto_Interior_Bruto ( PIB ) se reduzca dos puntos hasta situarse en el 50_por_ciento , caída justificada por " el crecimiento económico y <argset><specifier>la</specifier><head>contención </head><argument argument="arg1" function="cn" thematicrole="pat" type="sp">del déficit público</argument></argset>" . </example>
      </examples>
    </frame>
  </sense>
</lexentry>
