<?xml version="1.0" encoding="UTF-8" standalone="no"?>
<!-- 

  ancoralex-2.0.3
       
			Copyright (C) 2007,2008,2009,2010,2011 CLiC - UB
			Centre de Llenguatge i Computació - Universitat de Barcelona
 
  This file is part of ancoralex-2.0.3.
 
  ancoralex-2.0.3 is free software and data: you can redistribute it and/or modify
  it under the terms of the GNU General Public License as published
  by the Free Software Foundation, either version 3 of the License,
  or (at your option) any later version.

  ancoralex-2.0.3 is distributed in the hope that it will be useful,
  but WITHOUT ANY WARRANTY; without even the implied warranty of
  MERCHANTABILITY or FITNESS FOR A PARTICULAR PURPOSE.  See the
  GNU General Public License for more details.
 
  You should have received a copy of the GNU General Public License
  along with ancoralex-2.0.3.  If not, see &lt;http://www.gnu.org/licenses/&gt;.
 
  Check a text in catalan explaining the terms of the license at http://www.softcatala.cat/wiki/GPL3.
  In spanish at http://www.viti.es/gnu/licenses/gpl.html
  
  The following paper must be cited when using verb lexicon: 

 * Aparicio, Juan, Mariona Taulé, M.Antònia Martí (2008) 'AnCora-Verb: A Lexical Resource for 
   the Semantic Annotation of Corpora'. Proceedings of 6th International Conference on Language 
   Resources and Evaluation. Marrakesh (Morocco).

  The following paper must be cited when using noun lexicon: 

 * Peris, Aina, Mariona Taulé (2011). AnCora-Nom: A Spanish lexicon of deverbal nominalizations. 
   Procesamiento del Lenguaje Natural, nº46, pp. 11-18.
 
 

 

-->

<lexentry lemma="convenio" lng="es" origin="deverbal" type="noun">
  <sense cousin="no" denotation="result" id="1" lexicalized="no" originlemma="convenir" originlink="verb.convenir.2" wordnetsynset="16:05074858+16:05073898">
    <frame appearsinplural="yes" type="default">
      <argument argument="arg1" thematicrole="tem">
        <constituent frequency="1" type="s.a"/>
      </argument>
      <specifiers>
        <constituent frequency="3" postype="article" type="determiner"/>
        <constituent frequency="6" type="void"/>
      </specifiers>
      <reference_modifiers>
        <constituent frequency="3" type="s.a"/>
        <constituent frequency="1" preposition="de" type="sp"/>
      </reference_modifiers>
      <examples>
        <example file="CESS-CAST-A/17235_20000522.tbf.xml" nodepath="6.0.3.4.1.1.1.1.0" sentencenodepath="6">La OMC recomendó tanto a Brasil como a Canadá que Ø cambiaran sus normas para adaptarlas a <argset><specifier>los</specifier><head>convenios </head><argument argument="arg1" function="cn" thematicrole="tem" type="s.a">internacionales</argument></argset>y Ø dio un plazo para ello hasta noviembre_de_1999 , plazo que no se ha respetado . </example>
        <example file="CESS-CAST-P/113_19990501_a.tbf.xml" nodepath="11.3.1.1.1.1.2.2.2.1.0.1.1.0" sentencenodepath="11">Ø Pedirán a los patronos el cumplimiento de los acuerdos firmados , como el de estabilidad en el empleo o el de <argset><specifier>los</specifier><head>convenios </head><reference_modifiers>colectivos</reference_modifiers></argset>. </example>
        <example file="CESS-CAST-P/113_19990501_a.tbf.xml" nodepath="13.3.0.4.1.0.0" sentencenodepath="13">Méndez recordó a Cuevas que los salarios se fijan en <argset><head>convenio </head></argset>tal_y_como la CEOE ha venido apoyando hasta este momento y que Ø debe cumplir el acuerdo firmado hace dos años . </example>
        <example file="CESS-CAST-P/113_19990501_e.tbf.xml" nodepath="3.0.2.1.1.0.0" sentencenodepath="3">Quienes quieran acogerse al <argset><head>convenio </head></argset>deberán validar el vehículo y la tarjeta de crédito a_través_de la Cámara_de_Comercio_de_Lleida . </example>
        <example file="CESS-CAST-P/17_20001201.tbf.xml" nodepath="10.5.1.0.2.1.0.0" sentencenodepath="10">Ahora_bien , extender una obligatoriedad legal de tal entidad con_respecto_a los premios de fidelización , jubilación o permanencia - - cualquiera que sea su denominación - - con un claro carácter retroactivo , ya_que en el momento de su concesión no se contemplaba su externalización , repercutirá negativamente no_sólo para la concesión de otros premios similares , sino incluso para el incremento de los ya existentes en futuras negociaciones de <argset><head>convenios </head><reference_modifiers>colectivos</reference_modifiers></argset>. </example>
        <example file="CESS-CAST-P/23_20020601.tbf.xml" nodepath="20.2.1.1.1.0.0" sentencenodepath="20">Las 4 centrales sindicales rechazan la firma del <argset><head>convenio </head></argset>. </example>
        <example file="CESS-CAST-P/23_20020601.tbf.xml" nodepath="21.2.1.1.0" sentencenodepath="21">Los sindicatos CATAC , CCOO , UGT y CSIF han rehusado firmar <argset><specifier>el</specifier><head>convenio </head><reference_modifiers>colectivo</reference_modifiers></argset>con Justícia tras los altercados . </example>
        <example file="CESS-CAST-P/30_20020801_a.tbf.xml" nodepath="4.0.1.1.1.1.0.0" sentencenodepath="4">Tras la firma del <argset><head>convenio </head></argset>, el secretario de Estado de Infraestructuras , Benigno_Blanco , anunció la conclusión de la negociación que mantenía Renfe con su homóloga alemana para alquilar dos trenes AVE_IC3 de Siemens . </example>
        <example file="CESS-CAST-P/46_19981102.tbf.xml" nodepath="4.2.0.0" sentencenodepath="4">La policía autonómica ha firmado <argset><head>convenios </head><reference_modifiers>de colaboración</reference_modifiers></argset>con el 90% de los cuerpos de policía municipal de las comarcas de Girona . </example>
      </examples>
    </frame>
  </sense>
  <sense cousin="no" denotation="result" id="2" lexicalized="no" originlemma="convenir" originlink="verb.convenir.3" wordnetsynset="16:05073898">
    <frame appearsinplural="yes" type="default">
      <argument argument="arg0" thematicrole="agt">
        <constituent frequency="3" type="s.a"/>
        <constituent frequency="1" preposition="con" type="sp"/>
        <constituent frequency="1" preposition="de" type="sp"/>
      </argument>
      <argument argument="arg2" thematicrole="tem">
        <constituent frequency="3" preposition="sobre" type="sp"/>
        <constituent frequency="1" preposition="de" type="sp"/>
      </argument>
      <argument argument="argM" thematicrole="fin">
        <constituent frequency="2" preposition="para" type="sp"/>
      </argument>
      <argument argument="argM" thematicrole="loc">
        <constituent frequency="1" type="s.a"/>
      </argument>
      <argument argument="argM" thematicrole="adv">
        <constituent frequency="1" preposition="con" type="sp"/>
      </argument>
      <specifiers>
        <constituent frequency="9" postype="article" type="determiner"/>
        <constituent frequency="4" type="void"/>
        <constituent frequency="1" postype="indefinite" type="determiner"/>
        <constituent frequency="1" postype="numeral" type="determiner"/>
      </specifiers>
      <reference_modifiers>
        <constituent frequency="2" type="s.a"/>
        <constituent frequency="4" type="S"/>
        <constituent frequency="1" preposition="en_materia_de" type="sp"/>
        <constituent frequency="1" preposition="por" type="sp"/>
      </reference_modifiers>
      <examples>
        <example file="CESS-CAST-A/10568_20001013.tbf.xml" nodepath="5.3.1.0.1.0" sentencenodepath="5">En esa ocasión , Chávez señaló que <argset><specifier>el</specifier><head>convenio </head></argset>servirá no_sólo para buscar más mercado a la producción energética de Venezuela , uno de los principales miembros de la Organización_de_Países_Exportadores_de_Petróleo ( OPEP ) , sino_que también Ø facilitará a los países centroamericanos la compra de hidrocarburos . </example>
        <example file="CESS-CAST-A/10568_20001013.tbf.xml" nodepath="6.0.1.0" sentencenodepath="6"><argset><specifier>El</specifier><head>convenio </head></argset>consiste en que , dependiendo del precio internacional del crudo , Venezuela dará una especie de crédito a los países centroamericanos , los únicos beneficiarios del convenio . </example>
        <example file="CESS-CAST-A/10568_20001013.tbf.xml" nodepath="6.2.1.5.1.1.2.2.2.1.0.0" sentencenodepath="6">El convenio consiste en que , dependiendo del precio internacional del crudo , Venezuela dará una especie de crédito a los países centroamericanos , los únicos beneficiarios del <argset><head>convenio </head></argset>. </example>
        <example file="CESS-CAST-A/10872_20001214.tbf.xml" nodepath="6.2.2.2.0.2.1.1.0" sentencenodepath="6">Los presos de La_Tablada fueron juzgados bajo una ley especial que no contempla la posibilidad de apelación o segunda instancia judicial , lo cual va contra <argset><specifier>los</specifier><head>convenios </head><reference_modifiers>internacionales</reference_modifiers><reference_modifiers>suscritos por Argentina</reference_modifiers></argset>. </example>
        <example file="CESS-CAST-A/14013_20000120.tbf.xml" nodepath="8.2.3.4.1.0.2.0.0" sentencenodepath="8">En su reunión con senadores , Madrazo ofreció explicaciones sobre el operativo y el apoyo que Ø recibió por_parte_de los ministerios de Gobernación y Defensa , además Ø informó que durante la operación se cumplieron los acuerdos bilaterales y <argset><head>convenios </head><argument argument="arg0" function="cn" thematicrole="agt" type="s.a">internacionales</argument></argset>en_materia_de combate al narcotráfico . </example>
        <example file="CESS-CAST-A/16529_20001121.tbf.xml" nodepath="1.0.1.0" sentencenodepath="1"><argset><specifier>El</specifier><head>convenio </head><argument argument="argM" function="cn" thematicrole="fin" type="sp">para realizar los estudios</argument><reference_modifiers>, firmado por el ministro Juan_Mayr y la directora del DANE , María_Eulalia_Arteta ,</reference_modifiers></argset>permitirá , una_vez se adopte el plan , fortalecer a las entidades que integran el Sistema_Nacional_Ambiental ( SINA ) colombiano . </example>
        <example file="CESS-CAST-A/17235_20000522.tbf.xml" nodepath="5.4.4.1.1.0" sentencenodepath="5">Dos comisiones de arbitraje de la OMC dictaminaron , en agosto del año pasado , tras apelación , que los subsidios concedidos por ambas empresas a sus respectivas industrias eran ilegales de_acuerdo_con <argset><specifier>los</specifier><head>convenios </head><argument argument="arg0" function="cn" thematicrole="agt" type="s.a">multilaterales</argument><argument argument="arg2" function="cn" thematicrole="tem" type="sp">sobre esta materia</argument></argset>. </example>
        <example file="CESS-CAST-A/17249_20001021.tbf.xml" nodepath="7.5.1.3.1.1.0.0" sentencenodepath="7">Sin_embargo , Ø presentó una queja ante el Ministerio_de_Relaciones_Exteriores alegando que el domicilio del funcionario fue allanado al incumplir <argset><head>convenios </head><argument argument="argM" function="cn" thematicrole="loc" type="s.a">internacionales</argument><argument argument="arg2" function="cn" thematicrole="tem" type="sp">sobre la inviolabilidad de domicilio e inmunidad de los diplomáticos</argument></argset>. </example>
        <example file="CESS-CAST-AA/20443_20000128.tbf.xml" nodepath="2.0.3.1.1.0" sentencenodepath="2">Abel_Matutes se remitió a <argset><specifier>los</specifier><head>convenios </head><argument argument="arg0" function="cn" thematicrole="agt" type="s.a">internacionales</argument><argument argument="arg2" function="cn" thematicrole="tem" type="sp">sobre la familia</argument><reference_modifiers>, que establecen " claramente " a quién corresponde " automáticamente " la patria_potestad de un niño cuando fallece uno de sus padres</reference_modifiers></argset>, y Ø estimó que la decisión del Gobierno estadounidense , que considera que el niño debe volver con su padre a Cuba , " es conforme_al derecho internacional " . </example>
        <example file="CESS-CAST-AA/7301_20000609.tbf.xml" nodepath="1.3.1.1.1.1.0" sentencenodepath="1">El Consejo_de_Ministros autorizó hoy la firma de <argset><specifier>un</specifier><head>convenio </head><argument argument="arg2" function="cn" thematicrole="tem" type="sp">de cooperación y asistencia</argument><reference_modifiers>en_materia_de protección civil</reference_modifiers><argument argument="arg0" function="cn" thematicrole="agt" type="sp">con la Federación_de_Rusia</argument><argument argument="argM" function="cn" thematicrole="fin" type="sp">para mejorar la prevención de catástrofes y garantizar la asistencia mutua en situaciones de emergencia por causas naturales o tecnológicas</argument></argset>. </example>
        <example file="CESS-CAST-P/111_20010702.tbf.xml" nodepath="0.2.1.1.1.1.1.1.2.1.1.1" sentencenodepath="0">El sindicato de intérpretes y los representantes de las majors de Hollywood prosiguen las conversaciones para alcanzar un acuerdo que permita firmar <argset><specifier>el</specifier><reference_modifiers>nuevo</reference_modifiers><head>convenio </head><argument argument="arg0" function="cn" thematicrole="agt" type="sp">de los actores</argument></argset>. </example>
        <example file="CESS-CAST-P/30_20020801_a.tbf.xml" nodepath="1.0.1.0" sentencenodepath="1"><argset><specifier>El</specifier><head>convenio </head></argset>prevé una inversión de 24,1 millones de euros ( 4.010 de pesetas ) destinados a un nuevo puente sobre el río Segre , el cubrimiento de las vías , la creación de un parque urbano al final de la avenida de Prat_de_la_Riba y la urbanización de todo el entorno de la estación . </example>
        <example file="CESS-CAST-P/81_20010801.tbf.xml" nodepath="1.2.1.0" sentencenodepath="1">LA EMPRESA Tram , que promueve el tranvía que unirá la Diagonal con el Baix_Llobregat , ha firmado <argset><specifier>tres</specifier><head>convenios </head><argument argument="argM" function="cn" thematicrole="adv" type="sp">con entidades bancarias</argument><reference_modifiers>por ese valor</reference_modifiers></argset>. </example>
        <example file="CESS-CAST-P/87_20000202.tbf.xml" nodepath="0.4.0.1.0" sentencenodepath="0">El legado del prolífico escritor Ferran_Canyameres ( Terrassa , 1898 - Barcelona , 1964 ) a Terrassa se amplió ayer <argset>, <head>convenio </head>
            <reference_modifiers>firmado entre el concejal de Cultura , Pere_Navarro , la hija del autor , Montserrat_Canyameres , y el filólogo Gustau_Erill , autor de la biografía ganadora del concurso de Omnium_Cultural para conmemorar el centenario del nacimiento del autor</reference_modifiers>
          </argset>. </example>
        <example file="CESS-CAST-P/98_19990601.tbf.xml" nodepath="9.2.4.1.2.3.1.1.0" sentencenodepath="9">Los responsables de banca de UGT y CCOO admitieron que la reunión no consiguió el objetivo principal , que era desbloquear <argset><specifier>el</specifier><head>convenio </head></argset>. </example>
      </examples>
    </frame>
  </sense>
  <sense alternativelemma="convenio_colectivo" cousin="no" denotation="result" id="3" lexicalizationtype="nominal" lexicalized="yes" originlemma="convenir" originlink="verb.convenir.3" wordnetsynset="16:05073898">
    <frame appearsinplural="yes" type="default">
      <argument argument="argL">
        <constituent frequency="2" type="s.a"/>
      </argument>
      <argument argument="argM" thematicrole="loc">
        <constituent frequency="1" preposition="de" type="sp"/>
      </argument>
      <specifiers>
        <constituent frequency="2" postype="article" type="determiner"/>
      </specifiers>
      <examples>
        <example file="CESS-CAST-P/58_20010301.tbf.xml" nodepath="2.2.2.3.1.2.1.1.0" sentencenodepath="2">Ø Reformará el contrato a tiempo parcial y falta por decidir si Ø limitará la prórroga forzosa de <argset><specifier>los</specifier><head>convenios </head><argument argument="argL" function="cn" type="s.a">colectivos</argument></argset>, como pide el Ministerio_de_Economía . </example>
        <example file="CESS-CAST-P/98_19990601.tbf.xml" nodepath="0.3.1.1.2.3.1.0" sentencenodepath="0">La apertura de las sucursales bancarias los sábados se ha convertido en el elemento negociador que mantiene bloqueado <argset><specifier>el</specifier><head>convenio </head><argument argument="argL" function="cn" type="s.a">colectivo</argument><argument argument="argM" function="cn" thematicrole="loc" type="sp">del sector bancario</argument></argset>. </example>
      </examples>
    </frame>
  </sense>
  <sense alternativelemma="fuera_de_convenio" cousin="no" denotation="none" id="4" lexicalizationtype="adjectival" lexicalized="yes" originlemma="convenir" originlink="verb.convenir.2" wordnetsynset="16:05073898">
    <frame appearsinplural="no" type="default">
      <specifiers>
        <constituent frequency="1" type="void"/>
      </specifiers>
      <examples>
        <example file="3LB-CAST/r2-6.tbf.xml" nodepath="5.2.2.3.4.1.1.1.0.1.1.1.0.0" sentencenodepath="5">Corcuera se ha negado a precisar la categoría con que Ø regresa , - ya_que - según Ø dijo - Ø estoy pendiente de una última conversación - , pero Tiempo ha podido saber que es casi seguro que su puesto sea como en su última etapa , de los llamados de fuera_de <argset><head>convenio </head></argset>y donde los sueldos brutos oscilan entre las 200.000 pesetas que puede cobrar un gestor de ventas y las 800.000 de un director general . </example>
      </examples>
    </frame>
  </sense>
  <sense alternativelemma="salario_de_convenio" cousin="no" denotation="result" id="5" lexicalizationtype="nominal" lexicalized="yes" originlemma="convenir" originlink="verb.convenir.2" wordnetsynset="16:05073898">
    <frame appearsinplural="no" type="default">
      <specifiers>
        <constituent frequency="1" type="void"/>
      </specifiers>
      <examples>
        <example file="3LB-CAST/n1-6.tbf.xml" nodepath="3.0.0.0.1.1.1.1.0.0" sentencenodepath="3">Hasta el salario de <argset><head>convenio </head></argset>, Ø dice que lo ponga el municipio y eso no puede ser - , Ø desbroza pausa a pausa . </example>
      </examples>
    </frame>
  </sense>
</lexentry>
