<?xml version="1.0" encoding="UTF-8" standalone="no"?>
<!-- 

  ancoralex-2.0.3
       
			Copyright (C) 2007,2008,2009,2010,2011 CLiC - UB
			Centre de Llenguatge i Computació - Universitat de Barcelona
 
  This file is part of ancoralex-2.0.3.
 
  ancoralex-2.0.3 is free software and data: you can redistribute it and/or modify
  it under the terms of the GNU General Public License as published
  by the Free Software Foundation, either version 3 of the License,
  or (at your option) any later version.

  ancoralex-2.0.3 is distributed in the hope that it will be useful,
  but WITHOUT ANY WARRANTY; without even the implied warranty of
  MERCHANTABILITY or FITNESS FOR A PARTICULAR PURPOSE.  See the
  GNU General Public License for more details.
 
  You should have received a copy of the GNU General Public License
  along with ancoralex-2.0.3.  If not, see &lt;http://www.gnu.org/licenses/&gt;.
 
  Check a text in catalan explaining the terms of the license at http://www.softcatala.cat/wiki/GPL3.
  In spanish at http://www.viti.es/gnu/licenses/gpl.html
  
  The following paper must be cited when using verb lexicon: 

 * Aparicio, Juan, Mariona Taulé, M.Antònia Martí (2008) 'AnCora-Verb: A Lexical Resource for 
   the Semantic Annotation of Corpora'. Proceedings of 6th International Conference on Language 
   Resources and Evaluation. Marrakesh (Morocco).

  The following paper must be cited when using noun lexicon: 

 * Peris, Aina, Mariona Taulé (2011). AnCora-Nom: A Spanish lexicon of deverbal nominalizations. 
   Procesamiento del Lenguaje Natural, nº46, pp. 11-18.
 
 

 

-->

<lexentry lemma="convivencia" lng="es" origin="deverbal" type="noun">
  <sense cousin="no" denotation="result" id="1" lexicalized="no" originlemma="convivir" originlink="verb.convivir.1" wordnetsynset="16:10056493">
    <frame appearsinplural="no" type="default">
      <argument argument="arg1" thematicrole="tem">
        <constituent frequency="4" preposition="de" type="sp"/>
      </argument>
      <argument argument="argM" thematicrole="mnr">
        <constituent frequency="1" type="s.a"/>
      </argument>
      <argument argument="argM" thematicrole="loc">
        <constituent frequency="1" preposition="en" type="sp"/>
      </argument>
      <specifiers>
        <constituent frequency="5" type="void"/>
        <constituent frequency="6" postype="article" type="determiner"/>
      </specifiers>
      <reference_modifiers>
        <constituent frequency="1" type="s.a"/>
      </reference_modifiers>
      <examples>
        <example file="3LB-CAST/d2-1.tbf.xml" nodepath="0.4.1.1.1.0.2.5.1.0.1.1.0.0" sentencenodepath="0">Más allá de esa frontera quizá se alcance un grado de impopularidad en el pelotón que el líder del Mapei-Clas no desea arrostrar por razones de <argset><head>convivencia </head></argset>. </example>
        <example file="CESS-CAST-A/10664_20000117.tbf.xml" nodepath="7.4.1.4.5.1.2.3.1.0" sentencenodepath="7">Sobre esta última cuestión , Ríos criticó al PP por estar " usando y abusando de la Constitución para dar cocotazos a los demás " cuando la Carta_Magna , según Ø subrayó , " es el marco de encuentro que hace posible <argset><specifier>la</specifier><head>convivencia </head><argument argument="arg1" function="cn" thematicrole="tem" type="sp">de todos los españoles</argument></argset>" . </example>
        <example file="CESS-CAST-A/18351_20000724.tbf.xml" nodepath="1.3.6.1.1.1.0.0" sentencenodepath="1">Jaime_Blanco afirmó en rueda de prensa que con la elección de Zapatero como nuevo secretario general del PSOE " se ha abierto en el partido un espacio de <argset><head>convivencia </head></argset>en el que se deben acabar las guerras de familia " , lo que a su juicio , junto_con la " renovación de los renovadores " y el " cambio generacional " , son las razones por las que se ha elegido a este candidato . </example>
        <example file="CESS-CAST-AA/3589_20000405.tbf.xml" nodepath="2.0.0.4.1.0" sentencenodepath="2">" Occidente no puede dictar <argset><specifier>la</specifier><head>convivencia </head><argument argument="argM" function="cn" thematicrole="mnr" type="s.a">pacífica</argument><argument argument="arg1" function="cn" thematicrole="tem" type="sp">de las personas</argument></argset>" , subrayó Lamers durante un debate sobre Kosovo celebrado en el Bundestag , y Ø aludió a que ya se han creado fronteras fácticas . </example>
        <example file="CESS-CAST-P/15_19990202.tbf.xml" nodepath="4.2.1.1.1.1.1.2.1.0" sentencenodepath="4">La discrepancia dentro de un orden es un lujo de los partidos que intentan <argset><specifier>la</specifier><head>convivencia </head><argument argument="argM" function="cn" thematicrole="loc" type="sp">en su seno</argument><argument argument="arg1" function="cn" thematicrole="tem" type="sp">de lo que se llaman diferentes sensibilidades</argument></argset>. </example>
        <example file="CESS-CAST-P/30_20000903.tbf.xml" nodepath="17.2.2.5.3.2.1.3.1.2.1.0.0" sentencenodepath="17">El dirigente socialista vasco puso interés en recalcar que su partido " siempre tendrá la puerta abierta " al PNV para luchar contra ETA , pero Ø enfatizó que esa unidad sólo será posible si los nacionalistas aceptan las reglas del juego democrático y Ø convienen en que el Estatuto , " que Ø han estado torpedeando " , es el instrumento más amplio de <argset><head>convivencia </head></argset>que jamás han tenido los vascos . </example>
        <example file="CESS-CAST-P/42_19991202.tbf.xml" nodepath="19.2.1.1.0.3.1.3.2.3.1.1.3.1.1.0.0" sentencenodepath="19">Esta actitud contrastó con la que simultáneamente expresaba el ministro del Interior , Jaime_Mayor_Oreja , quien ratificó que el único foro válido es el de Ajuria_Enea , " el marco de <argset><head>convivencia </head><argument argument="arg1" function="cn" thematicrole="tem" type="sp">de los vascos</argument></argset>" . </example>
        <example file="CESS-CAST-P/45_20000302.tbf.xml" nodepath="5.4.1.2.1.1.0.1.0.0" sentencenodepath="5">Para la sala , la denuncia podía tener como objetivo evitar tanto " las dificultades de <argset><head>convivencia </head></argset>y económicas " que pasaba la familia , " así_como la vuelta a Marruecos , donde vivía su madre " . </example>
        <example file="CESS-CAST-P/4_20020601_c.tbf.xml" nodepath="16.2.1.2.1.1.0.3.0.1.1.1.0" sentencenodepath="16">Éste es un aspecto negativo de lo que Ø llamamos intolerancia o rechazo de <argset><specifier>la</specifier><head>convivencia </head></argset>. </example>
        <example file="CESS-CAST-P/73_20000201_f.tbf.xml" nodepath="2.2.1.2.1.0.1.1.0.1.1.0.1.0" sentencenodepath="2">Ambos sindicatos abogan por reforzar las plantillas docentes y poner_en_marcha medidas de refuerzo de <argset><specifier>la</specifier><head>convivencia </head></argset>y la tolerancia . </example>
        <example file="CESS-CAST-P/84_20010802.tbf.xml" nodepath="0.4.1.2.1.0.2.1.1" sentencenodepath="0">Los ciclistas finalizaron ayer en Barcelona su tour particular a_favor_del entendimiento y <argset><specifier>la</specifier><reference_modifiers>buena</reference_modifiers><head>convivencia </head></argset>en Europa , que dio_comienzo el pasado día_13_de_julio en Berlín y que les ha llevado también a París . </example>
      </examples>
    </frame>
  </sense>
</lexentry>
