<?xml version="1.0" encoding="UTF-8" standalone="no"?>
<!-- 

  ancoralex-2.0.3
       
			Copyright (C) 2007,2008,2009,2010,2011 CLiC - UB
			Centre de Llenguatge i Computació - Universitat de Barcelona
 
  This file is part of ancoralex-2.0.3.
 
  ancoralex-2.0.3 is free software and data: you can redistribute it and/or modify
  it under the terms of the GNU General Public License as published
  by the Free Software Foundation, either version 3 of the License,
  or (at your option) any later version.

  ancoralex-2.0.3 is distributed in the hope that it will be useful,
  but WITHOUT ANY WARRANTY; without even the implied warranty of
  MERCHANTABILITY or FITNESS FOR A PARTICULAR PURPOSE.  See the
  GNU General Public License for more details.
 
  You should have received a copy of the GNU General Public License
  along with ancoralex-2.0.3.  If not, see &lt;http://www.gnu.org/licenses/&gt;.
 
  Check a text in catalan explaining the terms of the license at http://www.softcatala.cat/wiki/GPL3.
  In spanish at http://www.viti.es/gnu/licenses/gpl.html
  
  The following paper must be cited when using verb lexicon: 

 * Aparicio, Juan, Mariona Taulé, M.Antònia Martí (2008) 'AnCora-Verb: A Lexical Resource for 
   the Semantic Annotation of Corpora'. Proceedings of 6th International Conference on Language 
   Resources and Evaluation. Marrakesh (Morocco).

  The following paper must be cited when using noun lexicon: 

 * Peris, Aina, Mariona Taulé (2011). AnCora-Nom: A Spanish lexicon of deverbal nominalizations. 
   Procesamiento del Lenguaje Natural, nº46, pp. 11-18.
 
 

 

-->

<lexentry lemma="cooperación" lng="es" origin="deverbal" type="noun">
  <sense cousin="no" denotation="result" id="1" lexicalized="no" originlemma="cooperar" originlink="verb.cooperar.1" wordnetsynset="16:00264082+16:00780822">
    <frame appearsinplural="yes" type="default">
      <argument argument="arg0" thematicrole="agt">
        <constituent frequency="2" preposition="entre" type="sp"/>
        <constituent frequency="1" preposition="con" type="sp"/>
        <constituent frequency="4" type="s.a"/>
        <constituent frequency="1" postype="possessive" type="determiner"/>
        <constituent frequency="2" preposition="de" type="sp"/>
      </argument>
      <argument argument="arg1" thematicrole="tem">
        <constituent frequency="3" preposition="en" type="sp"/>
        <constituent frequency="5" type="s.a"/>
        <constituent frequency="2" preposition="con" type="sp"/>
      </argument>
      <argument argument="argM" thematicrole="fin">
        <constituent frequency="2" preposition="para" type="sp"/>
      </argument>
      <argument argument="argM" thematicrole="adv">
        <constituent frequency="1" preposition="para" type="sp"/>
      </argument>
      <specifiers>
        <constituent frequency="12" type="void"/>
        <constituent frequency="21" postype="article" type="determiner"/>
        <constituent frequency="2" postype="indefinite" type="determiner"/>
        <constituent frequency="1" postype="demonstrative" type="determiner"/>
        <constituent frequency="1" postype="possessive" type="determiner"/>
      </specifiers>
      <reference_modifiers>
        <constituent frequency="7" type="s.a"/>
        <constituent frequency="1" type="sn"/>
        <constituent frequency="8" type="S"/>
        <constituent frequency="2" type="S"/>
        <constituent frequency="1" type="S"/>
        <constituent frequency="1" type="sp"/>
      </reference_modifiers>
      <examples>
        <example file="3LB-CAST/111_C-4.tbf.xml" nodepath="12.5.1.2.1.0.1.1.0.0" sentencenodepath="12">Hace escasamente un mes , el canciller peruano , Fernando_de_Trazegnies , viajó a Pekín en visita oficial para mantener consultas políticas con el canciller chino y cerrar acuerdos de <argset><head>cooperación </head><reference_modifiers>económica , política , social y científica</reference_modifiers></argset>
        </example>
        <example file="3LB-CAST/2000060111_5-1.tbf.xml" nodepath="2.2.1.1.1.3.1.1.1.1.0.2.0" sentencenodepath="2">La representante manifestó su seguridad de que las relaciones con Estados_Unidos y el resto de países americanos continuarán en el marco de <argset>amistad y <head>cooperación </head>
          </argset>" porque hay intereses comunes " . </example>
        <example file="3LB-CAST/211_C-5.tbf.xml" nodepath="11.0.3.3.1.0" sentencenodepath="11">" El encuentro ruso-español a alto nivel servirá para el posterior fortalecimiento de las tradicionales relaciones entre las partes , Ø impulsará de modo práctico <argset><specifier>la</specifier><head>cooperación </head><argument argument="arg1" function="cn" thematicrole="tem" type="sp">en diferentes campos</argument></argset>y Ø fortalecerá la interrelación de cuestiones actuales europeas e internacionales " , añade el comunicado . </example>
        <example file="CESS-CAST-A/10150_20001114.tbf.xml" nodepath="3.2.2.1.1.1.1.0" sentencenodepath="3">La_Declaración_de_Guadalajara destaca el apoyo a los procesos de integración , regional y subregional , y la intensificación de <argset><specifier>la</specifier><head>cooperación </head><argument argument="arg1" function="cn" thematicrole="tem" type="s.a">iberoamericana</argument></argset>. </example>
        <example file="CESS-CAST-A/10150_20001114.tbf.xml" nodepath="9.2.0.0.1.1.0.0.0" sentencenodepath="9">Se aprobaron programas de <argset><head>cooperación </head><argument argument="arg1" function="cn" thematicrole="tem" type="s.a">universitaria</argument>y movilidad de posgraduados , investigación tecnológica , escolarización básica de niños y alfabetización de adultos </argset>, así_como la creación del Canal_de_Televisión_Educativa_Iberoamericana ( ICI ) , que comenzó a emitir el 5_de_julio_de_1993 . </example>
        <example file="CESS-CAST-A/10150_20001114.tbf.xml" nodepath="15.0.4.1.0" sentencenodepath="15">El desarrollo , la integración y <argset><specifier>la</specifier><head>cooperación </head></argset>fueron los asuntos protagonistas de esta reunión . </example>
        <example file="CESS-CAST-A/10150_20001114.tbf.xml" nodepath="20.3.1.1.1.0.0" sentencenodepath="20">Con el lema " La educación como base para el desarrollo " , se aprobaron trece programas de <argset><head>cooperación </head><reference_modifiers>educativa</reference_modifiers><reference_modifiers>, materia esencial para consolidar la democracia y lograr el desarrollo social</reference_modifiers></argset>. </example>
        <example file="CESS-CAST-A/10150_20001114.tbf.xml" nodepath="29.0.1.1.0" sentencenodepath="29">Además_de <argset><specifier>la</specifier><head>cooperación </head><argument argument="arg1" function="cn" thematicrole="tem" type="s.a">social y cultural</argument></argset>, los 21 países se comprometieron a unir sus esfuerzos para desactivar las minas contra personal y combatir la corrupción , el narcotráfico y el terrorismo . </example>
        <example file="CESS-CAST-A/10209_20001114.tbf.xml" nodepath="4.3.1.1.1.1.1" sentencenodepath="4">Alrededor_de 40 expertos de 13 naciones participan en la conferencia para tratar acerca_de <argset><specifier>una</specifier><reference_modifiers>mayor</reference_modifiers><head>cooperación </head><argument argument="arg1" function="cn" thematicrole="tem" type="sp">en la lucha contra los piratas</argument></argset>. </example>
        <example file="CESS-CAST-A/10568_20001013.tbf.xml" nodepath="0.0.2.1.1.1.0.0" sentencenodepath="0">Los gobiernos de Panamá y Venezuela firmarán un acuerdo de <argset><head>cooperación </head></argset>energético , el próximo 19_de_octubre en Caracas , que le permitirá al país centroamericano tener facilidades en la compra de petróleo , informó hoy el Ministro_de_Comercio_e_Industrias panameño , Joaquín_Jácome , en un comunicado . </example>
        <example file="CESS-CAST-A/10591_20001013.tbf.xml" nodepath="9.2.1.1.1.1.1.1.1.0.0" sentencenodepath="9">Los participantes asistieron a la firma de un Memorándum de <argset><head>cooperación </head><argument argument="arg0" function="cn" thematicrole="agt" type="sp">entre el Departamento_de_Transporte_de_EEUU y el BID</argument></argset>para promover mejoras sostenibles en el transporte del continente . </example>
        <example file="CESS-CAST-A/11465_20000214.tbf.xml" nodepath="7.3.3.1.2.2.0.1.1.1.0" sentencenodepath="7">" Ø Ha seguido jugando un papel muy activo en el proceso de paz de Oriente_Medio , y Ø hemos mantenido vivo el proceso de Barcelona " de respaldo a <argset><specifier>la</specifier><head>cooperación </head><argument argument="arg0" function="cn" thematicrole="agt" type="sp">con los países del Mediterráneo</argument></argset>. </example>
        <example file="CESS-CAST-A/14149_20001118.tbf.xml" nodepath="1.2.1.1.1.1.0" sentencenodepath="1">El presidente estadounidense anunció un aumento de <argset><specifier>la</specifier><head>cooperación </head><argument argument="arg1" function="cn" thematicrole="tem" type="sp">con Vietnam</argument><argument argument="argM" function="cn" thematicrole="fin" type="sp">para detectar y desactivar minas y explosivos usados en la guerra , que cada año matan o hieren a unas 2.000 personas en este país</argument></argset>. </example>
        <example file="CESS-CAST-A/14943_20001019.tbf.xml" nodepath="5.5.1.1.1.2.1.0.1.2.1.1.1.1.0.0" sentencenodepath="5">En la actualidad , además_de esa función , Ø sirve también para canalizar las relaciones de la OTAN con países que quieren tener una relación de <argset><head>cooperación </head></argset>con la Alianza sin aspirar a una integración . </example>
        <example file="CESS-CAST-A/15392_20001220.tbf.xml" nodepath="0.0.2.2.3.3.1.1.1.1.1.0" sentencenodepath="0">La entrada del grupo español Endesa en la eléctrica francesa SNET , filial de Charbonnages_de_France ( CdF ) , es " una primera etapa " a_partir_de la cual se podrán evaluar las sinergias derivadas de <argset><specifier>esa</specifier><head>cooperación </head></argset>, afirmó el presidente de esta última empresa , Philippe_Ladoucette . </example>
        <example file="CESS-CAST-A/15780_20000620.tbf.xml" nodepath="1.4.1.1.3.1.1.1.1.0" sentencenodepath="1">En el borrador de conclusiones del Consejo_Europeo que los líderes de la UE examinan hoy en Feira ( Portugal ) , la UE se declara dispuesta a revisar en julio , bajo la nueva presidencia francesa , la situación de <argset><specifier>la</specifier><head>cooperación </head><argument argument="arg1" function="cn" thematicrole="tem" type="sp">con Rusia</argument></argset>. </example>
        <example file="CESS-CAST-A/16875_20000321.tbf.xml" nodepath="0.0.4.1.0" sentencenodepath="0">Venezuela y Colombia defendieron hoy ante la Comisión_de_Derechos_Humanos de la ONU <argset><specifier>la</specifier><head>cooperación </head><argument argument="arg0" function="cn" thematicrole="agt" type="s.a">internacional</argument></argset>, pero no la injerencia en asuntos nacionales para ayudar a resolver los problemas internos de derechos_humanos . </example>
        <example file="CESS-CAST-A/16875_20000321.tbf.xml" nodepath="8.4.6.1.2.1.0" sentencenodepath="8">Rangel se mostró contrario a que en la Comisión_de_Derechos_Humanos_de_la_ONU se condene a cualquier país por la situación en que Ø se encuentra , porque " lo que hay que hacer - añadió Ø - es estimular el progreso y <argset><specifier>la</specifier><head>cooperación </head></argset>" . </example>
        <example file="CESS-CAST-A/17784_20000125.tbf.xml" nodepath="11.4.3.1.1.1.0.1.2.1.1.1.1.1.1.1" sentencenodepath="11">Sin_embargo , la Comisión_Europea propondrá , como ya adelantó Prodi en Helsinki , que se aborden otra serie de asuntos , entre ellos la posibilidad de recurrir a <argset><specifier>la</specifier>" <head>cooperación </head><reference_modifiers>reforzada</reference_modifiers>" </argset>para que los Estados que quieran realizar políticas en_común no se vean frenados por el resto , como Ø sucede ahora en_materia_de armonización fiscal , por_ejemplo . </example>
        <example file="CESS-CAST-A/17928_20000622.tbf.xml" nodepath="3.3.0.1.1.1.0.0" sentencenodepath="3">Entre los avances que el PSOE desearía que se produjeran entre los Ejecutivos central y vasco Ø citó un acuerdo en <argset><head>cooperación </head><argument argument="arg0" function="cn" thematicrole="agt" type="s.a">policial</argument></argset>y entendimientos sobre la articulación de la Ertzaintza y las Fuerzas_de_Seguridad_del_Estado , ya_que - subrayó Ø - la reciente reunión entre Mayor_Oreja y el consejero vasco de Interior , Javier_Balza , " fue simple foto " y no se produjeron acuerdos posteriores . </example>
        <example file="CESS-CAST-AA/19561_20000830.tbf.xml" nodepath="1.3.1.1.1.1.1.0" sentencenodepath="1">También se acordó gestionar la posibilidad de <argset><specifier>una</specifier><head>cooperación </head><reference_modifiers>extraordinaria</reference_modifiers><argument argument="argM" function="cn" thematicrole="fin" type="sp">para financiar las acciones de urgencia sanitaria ante el Banco_Interamericano_de_Desarrollo ( BID ) y otros organismos internacionales</argument></argset>. </example>
        <example file="CESS-CAST-AA/21342_20000526.tbf.xml" nodepath="6.1.0.3.1.0" sentencenodepath="6">Por_último , se prevé en este Convenio <argset><specifier>la</specifier><head>cooperación </head><argument argument="arg0" function="cn" thematicrole="agt" type="s.a">internacional</argument><argument argument="arg1" function="cn" thematicrole="tem" type="sp">en esta materia</argument></argset>y se establece que sin_perjuicio_de la aplicación de los acuerdos bilaterales o multilaterales de asistencia mutua , las autoridades competentes de cada país deberán prestarse mutuamente , cuando así lo pida otro , la máxima asistencia posible en las cuestiones reguladas por el presente Convenio . </example>
        <example file="CESS-CAST-AA/5976_20001008.tbf.xml" nodepath="8.4.1.1.1.1.1.0.1.2.2.1.1.1.1.2" sentencenodepath="8">Con la negociación sobre el reparto de votos estancada , los Quince aprovecharon el encuentro de hoy para debatir la reforma del artículo que dispone las sanciones que se pueden adoptar contra aquellos Estados que violen " los principios fundamentales de la UE " y la organización de <argset><specifier>las</specifier><reference_modifiers>denominadas</reference_modifiers>" <head>cooperaciones </head><reference_modifiers>reforzadas</reference_modifiers>" </argset>. </example>
        <example file="CESS-CAST-AA/5976_20001008.tbf.xml" nodepath="11.3.1.1.2" sentencenodepath="11">El consenso también avanza en_torno_a <argset><specifier>las</specifier><reference_modifiers>denominadas</reference_modifiers>" <head>cooperaciones </head><reference_modifiers>reforzadas</reference_modifiers>" <reference_modifiers>, que serían acuerdos entre varios países para ir más deprisa en algunas políticas que no todos suscriben</reference_modifiers></argset>. </example>
        <example file="CESS-CAST-AA/5976_20001008.tbf.xml" nodepath="12.0.1.1.3.1.2.0.0" sentencenodepath="12">A la propuesta española del pasado julio para organizar específicamente <argset><head>cooperaciones </head><reference_modifiers>reforzadas</reference_modifiers><reference_modifiers>en_materia_de política exterior y de seguridad</reference_modifiers></argset>, se añadió hoy otra de Alemania e Italia que abre la vía a aplicar el método para todo tipo de políticas , aunque " sin poner en peligro el acervo ( las políticas comunes ) ni el marco institucional " de la UE . </example>
        <example file="CESS-CAST-AA/5976_20001008.tbf.xml" nodepath="13.2.1.1.1" sentencenodepath="13">Estos dos países consideran que <argset><specifier>la</specifier>" <head>cooperación </head><reference_modifiers>reforzada</reference_modifiers>" </argset>debe ponerse_en_marcha con tan sólo cinco países , que formarían una vanguardia " abierta y funcional " que actuaría de " fuerza de atracción para conseguir que progrese la Unión " , señala su propuesta . </example>
        <example file="CESS-CAST-AA/5976_20001008.tbf.xml" nodepath="16.3.0.1.1.3.1.0" sentencenodepath="16">No_obstante , de aquí a la cumbre de Niza habrá que determinar las políticas en las que se facilitarán <argset><specifier>las</specifier><head>cooperaciones </head><reference_modifiers>reforzadas</reference_modifiers></argset>y cuál es el papel que juegan en su seno , la Comisión y el Parlamento_Europeo , dos de las instituciones claves de la UE . </example>
        <example file="CESS-CAST-AA/7301_20000609.tbf.xml" nodepath="1.3.1.1.1.1.1.1.0.0.0" sentencenodepath="1">El Consejo_de_Ministros autorizó hoy la firma de un convenio de <argset><head>cooperación </head>y asistencia </argset>en_materia_de protección civil con la Federación_de_Rusia para mejorar la prevención de catástrofes y garantizar la asistencia mutua en situaciones de emergencia por causas naturales o tecnológicas . </example>
        <example file="CESS-CAST-AA/7301_20000609.tbf.xml" nodepath="2.0.1.0" sentencenodepath="2"><argset><specifier>La</specifier><head>cooperación </head><reference_modifiers>prevista por el Convenio</reference_modifiers></argset>comprenderá , entre otras , actividades como el intercambio de técnicos y científicos , y de información y tecnología , con_objeto_de mejorar la capacidad de previsión y prevención de catástrofes . </example>
        <example file="CESS-CAST-AA/8039_20000610.tbf.xml" nodepath="7.3.1.1.0" sentencenodepath="7">Según el viceministro surcoreano de Reunificación , Yang_Young_Shik , el Gobierno quiere vincular <argset><argument argument="arg0" thematicrole="agt" type="spec">su</argument><head>cooperación </head><argument argument="arg1" function="cn" thematicrole="tem" type="s.a">económica</argument></argset>al asunto de los núcleos familiares rotos por la división de la península en dos países de 1945 . </example>
        <example file="CESS-CAST-AA/8039_20000610.tbf.xml" nodepath="9.0.1.1.0" sentencenodepath="9">" <argset><specifier>La</specifier><head>cooperación </head><argument argument="argM" function="cn" thematicrole="adv" type="sp">para Corea_del_Norte</argument></argset>sólo debe concederse a_condición_de_que su destino no acabe en manos militares " , subrayó Lee , dirigente del Gran_Partido_Nacional . </example>
        <example file="CESS-CAST-AA/8417_20000310.tbf.xml" nodepath="3.3.1.1.1.1.2.4.1.1.1.1.1.1.0" sentencenodepath="3">La citada resolución ordena , además , la creación de un grupo de trabajo abierto , que se reunirá para examinar el futuro de <argset><specifier>la</specifier><head>cooperación </head><argument argument="arg0" function="cn" thematicrole="agt" type="s.a">internacional</argument></argset>en_relación_con el caucho natural . </example>
        <example file="CESS-CAST-AA/9923_20001114.tbf.xml" nodepath="10.0.3.0.1.1.1" sentencenodepath="10">Durante esta reunión , Lagos trató sobre <argset><specifier>la</specifier><reference_modifiers>futura</reference_modifiers><head>cooperación </head><argument argument="arg0" function="cn" thematicrole="agt" type="sp">de Chile</argument><reference_modifiers>cuando Timor_Oriental esté mejor estructurado</reference_modifiers></argset>y de la voluntad de su Gobierno de colaborar en la administración política , la formación de los partidos y la construcción del proceso de paz , declaró a EFE Diego_Velasco_Von_Pilgrimm , consejero de la Embajada_de_Chile en Yakarta , quien acompañó en su visita al presidente . </example>
        <example file="CESS-CAST-P/125_20020202.tbf.xml" nodepath="3.2.4.2.1.2.4.1.1.1.2.1.1.1.3.1.1.1.1.1.1.2.1.1.0.1.1.0.0" sentencenodepath="3">La jornada de ayer , víspera de la boda real , tuvo carácter musical y Ø se cerró , por la noche , con un concierto pop que se celebró en el estadio del Ajax con la asistencia de los novios y de 50.000 personas que contribuyeron , con los 45 euros ( 7.487 pesetas ) de la entrada , a los fondos de la Fundación_Príncipes_de_Orange , destinada a financiar proyectos de <argset><head>cooperación </head><argument argument="arg1" function="cn" thematicrole="tem" type="s.a">humanitaria</argument></argset>. </example>
        <example file="CESS-CAST-P/22_19990201.tbf.xml" nodepath="7.2.4.1.0.0.1.0" sentencenodepath="7">El texto indica que la comisión sobre el desarme " recurrirá a <argset><specifier>la</specifier><head>cooperación </head></argset>y la competencia de la comisión especial ( la Unscom ) de la Agencia_Internacional_de_la_Energía_Atómica , del Secretariado_de_las_Naciones_Unidas y de cualquier otro órgano competente " , medida que pone_en_tela_de_juicio la preeminencia de la Unscom y limita sus potestades . </example>
        <example file="CESS-CAST-P/30_20000903.tbf.xml" nodepath="8.2.1.3.2.0.2.0" sentencenodepath="8">Ø Insistió en que el Gobierno tiene <argset>" la lealtad y <head>cooperación </head>
            <reference_modifiers>permanente</reference_modifiers>" <argument argument="arg0" function="cn" thematicrole="agt" type="sp">del PSOE</argument>
          </argset>a la hora de definir una política de Estado frente_al terrorismo . </example>
        <example file="CESS-CAST-P/41_20000903.tbf.xml" nodepath="7.1.2.1.0" sentencenodepath="7">Otra , intensificar <argset><specifier>la</specifier><head>cooperación </head><reference_modifiers>internacional</reference_modifiers><argument argument="arg0" function="cn" thematicrole="agt" type="sp">entre distintas jurisdicciones</argument></argset>, como ilustra este caso y otros recientes protagonizados por nuestros jueces . </example>
      </examples>
    </frame>
  </sense>
  <sense cousin="no" denotation="event" id="2" lexicalized="no" originlemma="cooperar" originlink="verb.cooperar.1" wordnetsynset="16:00780822">
    <frame appearsinplural="no" type="default">
      <specifiers>
        <constituent frequency="1" type="void"/>
      </specifiers>
      <examples>
        <example file="CESS-CAST-AA/19561_20000830.tbf.xml" nodepath="3.4.1.2.1.2.1.1.1.0.8.0" sentencenodepath="3">En el documento final , de nueve puntos , se reconoció " la urgente necesidad de que los países miembros utilicen plenamente y Ø fortalezcan los sistemas de <argset>prevención , vigilancia epidemiológica , información , coordinación y <head>cooperación </head>
          </argset>" disponibles en los numerosos acuerdos regionales . </example>
      </examples>
    </frame>
  </sense>
  <sense cousin="no" denotation="underspecified" id="3" lexicalized="no" originlemma="cooperar" originlink="verb.cooperar.1" wordnetsynset="16:00780822">
    <frame appearsinplural="no" type="default">
      <argument argument="arg0" thematicrole="agt">
        <constituent frequency="1" preposition="entre" type="sp"/>
      </argument>
      <argument argument="arg1" thematicrole="tem">
        <constituent frequency="1" preposition="con" type="sp"/>
        <constituent frequency="1" type="s.a"/>
      </argument>
      <specifiers>
        <constituent frequency="2" type="void"/>
        <constituent frequency="1" postype="article" type="determiner"/>
      </specifiers>
      <examples>
        <example file="3LB-CAST/2000060211_6-2.tbf.xml" nodepath="10.1.0.2.1.1.1.1.0.0" sentencenodepath="10">Respecto_a Rusia , ambos dirigentes coincidieron en sus deseos de <argset><head>cooperación </head><argument argument="arg1" function="cn" thematicrole="tem" type="sp">con ese país</argument></argset>y Ø abordaron " las luces y sombras " en la situación del mismo . </example>
        <example file="3LB-CAST/204_c-4.tbf.xml" nodepath="13.0.0.1.1.1.0.0" sentencenodepath="13">Una misión de <argset><head>cooperación </head><argument argument="arg1" function="cn" thematicrole="tem" type="s.a">técnica</argument></argset>de la OIT visitó en mayo_pasado el país y Ø someterá un informe , dado_a_conocer hoy , a la Conferencia_Internacional_del_Trabajo , que se celebra en Ginebra . </example>
        <example file="CESS-CAST-A/10656_20001214.tbf.xml" nodepath="4.3.1.2.1.1.1.1.1.0" sentencenodepath="4">Abdel_Aziz consideró la reunión del comité de coordinación un primer paso en el desarrollo de <argset><specifier>la</specifier><head>cooperación </head><argument argument="arg0" function="cn" thematicrole="agt" type="sp">entre los dos países</argument></argset>, aunque Ø advirtió de que no deben esperarse resultados inmediatos . </example>
      </examples>
    </frame>
  </sense>
</lexentry>
