<?xml version="1.0" encoding="UTF-8" standalone="no"?>
<!-- 

  ancoralex-2.0.3
       
			Copyright (C) 2007,2008,2009,2010,2011 CLiC - UB
			Centre de Llenguatge i Computació - Universitat de Barcelona
 
  This file is part of ancoralex-2.0.3.
 
  ancoralex-2.0.3 is free software and data: you can redistribute it and/or modify
  it under the terms of the GNU General Public License as published
  by the Free Software Foundation, either version 3 of the License,
  or (at your option) any later version.

  ancoralex-2.0.3 is distributed in the hope that it will be useful,
  but WITHOUT ANY WARRANTY; without even the implied warranty of
  MERCHANTABILITY or FITNESS FOR A PARTICULAR PURPOSE.  See the
  GNU General Public License for more details.
 
  You should have received a copy of the GNU General Public License
  along with ancoralex-2.0.3.  If not, see &lt;http://www.gnu.org/licenses/&gt;.
 
  Check a text in catalan explaining the terms of the license at http://www.softcatala.cat/wiki/GPL3.
  In spanish at http://www.viti.es/gnu/licenses/gpl.html
  
  The following paper must be cited when using verb lexicon: 

 * Aparicio, Juan, Mariona Taulé, M.Antònia Martí (2008) 'AnCora-Verb: A Lexical Resource for 
   the Semantic Annotation of Corpora'. Proceedings of 6th International Conference on Language 
   Resources and Evaluation. Marrakesh (Morocco).

  The following paper must be cited when using noun lexicon: 

 * Peris, Aina, Mariona Taulé (2011). AnCora-Nom: A Spanish lexicon of deverbal nominalizations. 
   Procesamiento del Lenguaje Natural, nº46, pp. 11-18.
 
 

 

-->

<lexentry lemma="cosecha" lng="es" origin="deverbal" type="noun">
  <sense cousin="no" denotation="result" id="1" lexicalized="no" originlemma="cosechar" originlink="verb.cosechar.1" wordnetsynset="16:09380644">
    <frame appearsinplural="yes" type="default">
      <argument argument="arg0" thematicrole="agt">
        <constituent frequency="3" type="s.a"/>
        <constituent frequency="3" postype="possessive" type="determiner"/>
      </argument>
      <argument argument="arg1" foundincorporated="yes" thematicrole="pat">
        <constituent frequency="5" preposition="de" type="sp"/>
        <constituent frequency="1" type="sn"/>
      </argument>
      <argument argument="argM" thematicrole="tmp">
        <constituent frequency="3" type="sn"/>
      </argument>
      <specifiers>
        <constituent frequency="15" postype="article" type="determiner"/>
        <constituent frequency="2" type="void"/>
        <constituent frequency="1" postype="indefinite" type="determiner"/>
        <constituent frequency="3" postype="possessive" type="determiner"/>
      </specifiers>
      <reference_modifiers>
        <constituent frequency="5" type="S"/>
        <constituent frequency="4" type="s.a"/>
        <constituent frequency="2" type="sn"/>
      </reference_modifiers>
      <examples>
        <example file="CESS-CAST-A/14827_20000719.tbf.xml" nodepath="5.3.1.1.1.1.1.0" sentencenodepath="5">En esa línea Ø indicó que la reducción de <argset><specifier>la</specifier><head>cosecha </head><argument argument="arg0" function="cn" thematicrole="agt" type="s.a">brasileña</argument></argset>, entre 3 y 5 millones de sacos ( 60 kilos ) , incrementará los ingresos de cerca de 350.000 familias campesinas colombianas que viven del producto . </example>
        <example file="CESS-CAST-A/14827_20000719.tbf.xml" nodepath="8.2.1.1.1.1.0.0" sentencenodepath="8">La ola de frío en el cono sur coincide con la época de <argset><head>cosecha </head><argument argument="arg1" function="cn" thematicrole="pat" type="sp">del café ecuatoriano</argument></argset>, que va de julio a noviembre . </example>
        <example file="CESS-CAST-A/14827_20000719.tbf.xml" nodepath="14.3.3.1.1.2.1.1.0" sentencenodepath="14">Moya dijo a EFE que este incremento en los precios incidirá en los 831.000 sacos que todavía faltan por vender de <argset><specifier>la</specifier><head>cosecha </head><argument argument="argM" function="cn" thematicrole="tmp" type="sn">1999-2000</argument><reference_modifiers>, que fue de 3,5 millones de sacos</reference_modifiers></argset>. </example>
        <example file="CESS-CAST-A/14827_20000719.tbf.xml" nodepath="15.2.1.5.2.1.1.0" sentencenodepath="15">Ø Expresó que hasta el momento no se han generado pérdidas por los bajos precios de los meses anteriores , debido_a que <argset><specifier>la</specifier><head>cosecha </head><argument argument="argM" function="cn" thematicrole="tmp" type="sn">1999-2000</argument></argset>fue la tercera más grande de la historia costarricense y el volumen de las ventas ha compensado la baja de la cotización del producto . </example>
        <example file="CESS-CAST-A/14827_20000719.tbf.xml" nodepath="16.2.1.1.1.1" sentencenodepath="16">Se espera que para <argset><specifier>la</specifier><reference_modifiers>próxima</reference_modifiers><head>cosecha </head><argument argument="arg0" function="cn" thematicrole="agt" type="s.a">costarricense</argument><reference_modifiers>, que comienza en octubre ,</reference_modifiers></argset>el precio de venta promedio de Costa_Rica supere los 111 dólares por saco , que fue el valor con que cerró la de 1999-2000 . </example>
        <example file="CESS-CAST-A/14827_20000719.tbf.xml" nodepath="19.3.1.0" sentencenodepath="19">Brasil calculaba para 2001 <argset><specifier>una</specifier><head>cosecha </head><argument argument="arg1" function="cn" thematicrole="pat" type="sp">de más de 35 millones de sacas de 60 kilos , de las que tenía programado retener 5 millones</argument></argset>. </example>
        <example file="CESS-CAST-A/14944_20000318.tbf.xml" nodepath="8.5.0.1.1.0" sentencenodepath="8">Brasil al parecer no tendrá inconvenientes para cumplir el acuerdo de retención de embarques de este año debido_a_que <argset><specifier>la</specifier><head>cosecha </head></argset>no se prevé tan buena como la anterior y a_que las exportaciones comienzan a dar señales de reducción . </example>
        <example file="CESS-CAST-A/14944_20000318.tbf.xml" nodepath="12.2.2.3.1.1" sentencenodepath="12">El país no lograba un volumen de embarques de ese tamaño desde 1991 , cuando Ø consiguió una exportación cercana a los 18 millones de sacas , y al excelente resultado contribuyeron tanto la devaluación del real , en enero_de_1999 , como <argset><specifier>la</specifier><reference_modifiers>elevada</reference_modifiers><head>cosecha </head><argument argument="arg1" function="cn" thematicrole="pat" type="sp">del período 1998-1999</argument><argument argument="arg1" function="cn" thematicrole="pat" type="sn">, 35 millones de sacas ,</argument><reference_modifiers>la mayor de la década</reference_modifiers></argset>. </example>
        <example file="CESS-CAST-A/16977_20000722.tbf.xml" nodepath="2.2.0.1.3.2.1.3.1.1.1.0.1.1.1.0.1.1" sentencenodepath="2">" Es inconveniente tomar medidas a la luz del comportamiento de dos o tres días de mercado " , dijo Santos , quien señaló que hay que esperar a que se confirmen las informaciones sobre los daños en <argset><specifier>la</specifier><reference_modifiers>próxima</reference_modifiers><head>cosecha </head><argument argument="arg0" function="cn" thematicrole="agt" type="s.a">brasileña</argument></argset>( 2001 ) y la reacción del mercado internacional . </example>
        <example file="CESS-CAST-A/16977_20000722.tbf.xml" nodepath="10.0.1.2.2.1.2.2.2.2.1.1.1.1.0" sentencenodepath="10">El precio interno que paga el Fondo_Nacional_del_Café ( FNC ) , un ente para-fiscal que garantiza la compra de <argset><specifier>la</specifier><head>cosecha </head></argset>a los cultivadores , está ligado diariamente a la cotización internacional y al tipo de cambio . </example>
        <example file="CESS-CAST-AA/20428_20000525.tbf.xml" nodepath="6.3.5.4.3.1.2.1.4.1.1.0" sentencenodepath="6">El presidente de la SRB argumentó igualmente que el acuerdo de retención de embarques no es necesario debido_a_que el precio del grano cayó en el mercado internacional debido_a_que los países importadores tenían la falsa impresión de que Brasil iba a producir 40 millones de sacas ( de 60 kilos ) en <argset><specifier>la</specifier><head argument="arg1" thematicrole="pat">cosecha </head><reference_modifiers>que comienza este año</reference_modifiers></argset>. </example>
        <example file="CESS-CAST-AA/20428_20000525.tbf.xml" nodepath="7.2.1.6.1.1.1" sentencenodepath="7">El productor asegura que , como el país sólo va a producir 28 millones de sacas en <argset><specifier>la</specifier><reference_modifiers>nueva</reference_modifiers><head argument="arg1" thematicrole="pat">cosecha </head></argset>( 2 millones de sacas más que en la última ) , la tendencia es que los precios se eleven y Ø vuelvan a sus niveles normales . </example>
        <example file="CESS-CAST-AA/2484_20000704.tbf.xml" nodepath="6.0.1.2.1.1.0" sentencenodepath="6">Las exportaciones de café hondureño en <argset><specifier>la</specifier><head argument="arg1" thematicrole="pat">cosecha </head><argument argument="argM" function="cn" thematicrole="tmp" type="sn">1999-2000</argument></argset>, de unos 3,5 millones de sacos de 46 kilos , alcanzaron unos 300 millones de dólares hasta Junio pasado . </example>
        <example file="CESS-CAST-AA/2484_20000704.tbf.xml" nodepath="7.2.0.1.1.1.0" sentencenodepath="7">Honduras retendrá parte de <argset><argument argument="arg0" thematicrole="agt" type="spec">su</argument><head argument="arg1" thematicrole="pat">cosecha </head><reference_modifiers>exportable</reference_modifiers></argset>en el nuevo ciclo , como determinaron los países exportadores en Mayo pasado en Londres , para estimular la subida del precio internacional del café , cuyo cultivo está en_manos_de unos 80.000 productores locales . </example>
        <example file="CESS-CAST-AA/4398_20000706.tbf.xml" nodepath="6.0.3.1.2.1.1.1.1.0.2.1.1.1.1.0.0" sentencenodepath="6">" Lo que Ø queremos es un programa de investigación , y nada_más_que de investigación , sobre el uso de controles biológicos contra esa clase de <argset><head>cosechas </head></argset>" , dijo Juan_Mayr , ministro de Medio_Ambiente de Colombia , citado por el rotativo . </example>
        <example file="CESS-CAST-AA/5988_20000608.tbf.xml" nodepath="2.3.4.1.1.1.1.2.1.0" sentencenodepath="2">La federación , en un comunicado , recuerda que Colombia iniciará su retención el uno_de_octubre , fecha en la que comienza <argset><argument argument="arg0" thematicrole="agt" type="spec">su</argument><head>cosecha </head><argument argument="arg1" function="cn" thematicrole="pat" type="sp">de café</argument></argset>. </example>
        <example file="CESS-CAST-AA/5988_20000608.tbf.xml" nodepath="5.3.2.1.3.1.1.2.1.1.0" sentencenodepath="5">Además se establece el seguimiento de los anuncios de ventas al exterior para todos los exportadores ( registros de venta ) y la compra directa por_parte_del Fondo_Nacional_del_Café de un mínimo del 20_por_ciento del café de <argset><specifier>la</specifier><head argument="arg1" thematicrole="pat">cosecha </head><reference_modifiers>que se destina a exportar</reference_modifiers></argset>. </example>
        <example file="CESS-CAST-P/124_20000102.tbf.xml" nodepath="4.0.2.1.1.1.1.0" sentencenodepath="4">La cercanía popular de Cavall_de_foc - - con menciones a La_dama_d'Aragó y Com_un_mirall - - y el rescate de <argset><specifier>la</specifier><head>cosecha </head><argument argument="arg1" function="cn" thematicrole="pat" type="sp">del memorable Anells_d'aigua</argument><reference_modifiers>- - Dansa_de_la_primavera y Bir_demet_yasemen - -</reference_modifiers></argset>abrillantaron un repertorio quizá algo afectado por un superávit de mística y autocomplacencia espiritual . </example>
        <example file="CESS-CAST-P/21_20000501.tbf.xml" nodepath="24.0.3.1.1.1.1.0" sentencenodepath="24">A_pesar_de_que en su tierra ha llegado la época de <argset><specifier>la</specifier><head>cosecha </head></argset>, él sigue allí , sin abandonar el territorio conquistado . </example>
        <example file="CESS-CAST-P/69_20010501.tbf.xml" nodepath="7.3.0.2.1.1.2.3.1.1.1.1.0" sentencenodepath="7">El sindicato Unió_de_Pagesos auguró ayer pérdidas de 9.000 millones de pesetas , por quinto año consecutivo , para el sector de los cereales , que perderá el 50% de <argset><specifier>la</specifier><head>cosecha </head></argset>por la sequía , primero , y el viento , después . </example>
        <example file="CESS-CAST-P/82_19991202.tbf.xml" nodepath="9.1.1.2.3.1.0.1.1.1.0" sentencenodepath="9">Y los payeses urbanos , que quisieron hacer alarde de <argset><argument argument="arg0" thematicrole="agt" type="spec">su</argument><head>cosecha </head></argset>, prepararon una comida-barbacoa para que Mayol y Antoni_Falcón , director de Parques_y_Jardines , paladeasen sus hortalizas . </example>
      </examples>
    </frame>
  </sense>
  <sense cousin="no" denotation="event" id="2" lexicalized="no" originlemma="cosechar" originlink="verb.cosechar.1" wordnetsynset="16:00655017">
    <frame appearsinplural="no" type="default">
      <argument argument="arg1" thematicrole="pat">
        <constituent frequency="1" preposition="de" type="sp"/>
      </argument>
      <argument argument="argM" thematicrole="loc">
        <constituent frequency="1" preposition="en" type="sp"/>
      </argument>
      <specifiers>
        <constituent frequency="1" postype="article" type="determiner"/>
      </specifiers>
      <examples>
        <example file="CESS-CAST-A/14827_20000719.tbf.xml" nodepath="0.0.1.1.1.1.1.2.1.0" sentencenodepath="0">Los daños por las heladas que reducirán <argset><specifier>la</specifier><head>cosecha </head><argument argument="arg1" function="cn" thematicrole="pat" type="sp">de café</argument><argument argument="argM" function="cn" thematicrole="loc" type="sp">en Brasil , primer productor mundial ,</argument></argset>favorecerá la producción e ingresos de sus inmediatos competidores , entre ellos Colombia y los países cafeteros centroamericanos . </example>
      </examples>
    </frame>
  </sense>
</lexentry>
