<?xml version="1.0" encoding="UTF-8" standalone="no"?>
<!-- 

  ancoralex-2.0.3
       
			Copyright (C) 2007,2008,2009,2010,2011 CLiC - UB
			Centre de Llenguatge i Computació - Universitat de Barcelona
 
  This file is part of ancoralex-2.0.3.
 
  ancoralex-2.0.3 is free software and data: you can redistribute it and/or modify
  it under the terms of the GNU General Public License as published
  by the Free Software Foundation, either version 3 of the License,
  or (at your option) any later version.

  ancoralex-2.0.3 is distributed in the hope that it will be useful,
  but WITHOUT ANY WARRANTY; without even the implied warranty of
  MERCHANTABILITY or FITNESS FOR A PARTICULAR PURPOSE.  See the
  GNU General Public License for more details.
 
  You should have received a copy of the GNU General Public License
  along with ancoralex-2.0.3.  If not, see &lt;http://www.gnu.org/licenses/&gt;.
 
  Check a text in catalan explaining the terms of the license at http://www.softcatala.cat/wiki/GPL3.
  In spanish at http://www.viti.es/gnu/licenses/gpl.html
  
  The following paper must be cited when using verb lexicon: 

 * Aparicio, Juan, Mariona Taulé, M.Antònia Martí (2008) 'AnCora-Verb: A Lexical Resource for 
   the Semantic Annotation of Corpora'. Proceedings of 6th International Conference on Language 
   Resources and Evaluation. Marrakesh (Morocco).

  The following paper must be cited when using noun lexicon: 

 * Peris, Aina, Mariona Taulé (2011). AnCora-Nom: A Spanish lexicon of deverbal nominalizations. 
   Procesamiento del Lenguaje Natural, nº46, pp. 11-18.
 
 

 

-->

<lexentry lemma="creación" lng="es" origin="deverbal" type="noun">
  <sense cousin="no" denotation="result" id="1" lexicalized="no" originlemma="crear" originlink="verb.crear.1" wordnetsynset="16:00583085">
    <frame appearsinplural="yes" type="default">
      <argument argument="arg0" thematicrole="agt">
        <constituent frequency="2" preposition="de" type="sp"/>
        <constituent frequency="1" postype="possessive" type="determiner"/>
      </argument>
      <argument argument="arg1" thematicrole="pat">
        <constituent frequency="2" preposition="de" type="sp"/>
      </argument>
      <specifiers>
        <constituent frequency="2" type="void"/>
        <constituent frequency="6" postype="article" type="determiner"/>
        <constituent frequency="1" postype="indefinite" type="determiner"/>
        <constituent frequency="1" postype="demonstrative" type="determiner"/>
        <constituent frequency="1" postype="possessive" type="determiner"/>
      </specifiers>
      <reference_modifiers>
        <constituent frequency="3" type="s.a"/>
      </reference_modifiers>
      <examples>
        <example file="3LB-CAST/d1-11.tbf.xml" nodepath="5.0.1.1.2.2.0.1.1.1.0" sentencenodepath="5">Mientras los equipos de_siempre ( salvo el Stefanel_de_Trieste <argset>, <head>creación </head>
            <reference_modifiers>genial</reference_modifiers>
            <argument argument="arg0" function="cn" thematicrole="agt" type="sp">de Bogdan_Tanjevic</argument>, </argset>y algún candidato turco que todavía tiene mucho que demostrar ) dominan las competiciones europeas , en Estados_Unidos no_sólo caracolean los Seattle_SuperSonics a la cabeza de la NBA tres lustros después de su único título , sino_que la competición universitaria , extraordinariamente abierta este año , lleva semanas dominada ( en los ránking extraoficiales , Ø claro está ) , por un equipo muy poco habitual : el de la Universidad_de_Arkansas . </example>
        <example file="3LB-CAST/dc1-16.tbf.xml" nodepath="9.2.0.1.2.1.1.0" sentencenodepath="9">Ø Son la materia prima de <argset><specifier>la</specifier><head>creación </head></argset>, el manantial de donde fluyen los mundos que pueblan el universo . </example>
        <example file="3LB-CAST/e3-2.tbf.xml" nodepath="2.2.3.0.1.1.1.1.0.1.1.0" sentencenodepath="2">El genio finalmente , - es la capacidad espiritual innata ( ingenium ) mediante la cual la Naturaleza da la regla al arte , pero , lejos_de ser por eso heterónoma , no cabe actividad más soberanamente libre que la de <argset><specifier>una</specifier><head>creación </head><reference_modifiers>genial</reference_modifiers></argset>. </example>
        <example file="CESS-CAST-A/13703_20000518.tbf.xml" nodepath="18.4.1.1.0" sentencenodepath="18">La posición y el esfuerzo de estos dos centrocampistas dio más libertad al genial Riquelme para <argset><specifier>la</specifier><head>creación </head></argset>, aunque los delanteros Alfredo_Moreno y Marcelo_Delgado estaban consumidos por sus marcas . </example>
        <example file="CESS-CAST-AA/22292_20000131.tbf.xml" nodepath="7.0.4.3.1.0" sentencenodepath="7">Además , Alcaraz pidió a Rodríguez que Ø impulse <argset><specifier>la</specifier><head>creación </head><argument argument="arg0" function="cn" thematicrole="agt" type="sp">de una comisión parlamentaria de investigación</argument></argset>" para depurar responsabilidades políticas " y Ø advirtió al Gobierno de que Ø estará " minusvalorando " a la Audiencia_de_Cuentas , si Ø " sigue empeñándose " en esperar a conocer el informe de la Audiencia_de_Gestión_de_Servicios . </example>
        <example file="CESS-CAST-AA/3836_20000204.tbf.xml" nodepath="8.0.1.1" sentencenodepath="8"><argset><specifier>Esta</specifier><reference_modifiers>fuerte</reference_modifiers><head>creación </head><argument argument="arg1" function="cn" thematicrole="pat" type="sp">de empleos</argument></argset>llevó la tasa de desempleo en los EEUU al 4_por_ciento , el nivel más bajo desde enero_de_1970 , desde el 4,1_por_ciento de diciembre . </example>
        <example file="CESS-CAST-P/120_20020301.tbf.xml" nodepath="1.2.1.2.2.1.1.1.0" sentencenodepath="1">Tricicle presentará su espectáculo Antología de 20 años de éxitos , un resumen de <argset><argument argument="arg0" thematicrole="agt" type="spec">sus seis</argument><head>creaciones </head></argset>, que Ø ya ha ofrecido en Barcelona y Madrid . </example>
        <example file="CESS-CAST-P/132_20010102.tbf.xml" nodepath="0.3.3.1.2.1.0.0" sentencenodepath="0">No es nuevo que un grupo de danza contemporánea con cierta trayectoria inicie una línea paralela de <argset><head>creación </head></argset>dedicada a todos los públicos . </example>
        <example file="CESS-CAST-P/148_19991001.tbf.xml" nodepath="4.1.1.1.2.1.1.0" sentencenodepath="4">El personaje - - un moderno alquimista - - , atareado en su peculiar e intemporal laboratorio , investiga y Ø explora los mecanismos del pensamiento y de <argset><specifier>la</specifier><head>creación </head></argset>. </example>
        <example file="CESS-CAST-P/29_19990103.tbf.xml" nodepath="1.2.1.2.0.1.1.1.3.1.1.1.2.2.2.2.0.2.0.1.1.1.0" sentencenodepath="1">Joan_Brossa siempre me ha parecido un niño grande , y las diferentes facetas de su obra , las de un creador que , tocado por los dioses , ha tenido la suerte de no perder las ganas de sorprender y de sorprenderse , ni la capacidad de investigar , ni el gusto por la provocación y el juego ; es_decir , todas las cualidades inherentes a la infancia que son imprescindibles para <argset><specifier>la</specifier><head>creación </head></argset>y que sólo algunos caracteres geniales - - como Joan_Miró o Pere_Calders - - conservan toda la vida . </example>
        <example file="CESS-CAST-P/49_20001202.tbf.xml" nodepath="0.4.1.0" sentencenodepath="0">Los populares añadieron ayer al precio de su apoyo al Presupuesto <argset><specifier>la</specifier><head>creación </head><argument argument="arg1" function="cn" thematicrole="pat" type="sp">de un fondo de 1.000 millones de pesetas para desarrollar un plan de modernización y apoyo al pequeño y mediano comercio , especialmente el urbano</argument></argset>. </example>
      </examples>
    </frame>
  </sense>
  <sense cousin="no" denotation="event" id="2" lexicalized="no" originlemma="crear" originlink="verb.crear.1" wordnetsynset="16:00583085+16:02518101">
    <frame appearsinplural="no" type="default">
      <argument argument="arg0" thematicrole="agt">
        <constituent frequency="1" preposition="por" type="sp"/>
        <constituent frequency="1" preposition="por_parte_del" type="sp"/>
      </argument>
      <argument argument="arg1" thematicrole="pat">
        <constituent frequency="22" preposition="de" type="sp"/>
        <constituent frequency="2" postype="possessive" type="determiner"/>
        <constituent frequency="2" type="s.a"/>
      </argument>
      <argument argument="argM" thematicrole="fin">
        <constituent frequency="1" preposition="para" type="sp"/>
      </argument>
      <argument argument="argM" thematicrole="tmp">
        <constituent frequency="2" preposition="en" type="sp"/>
      </argument>
      <specifiers>
        <constituent frequency="25" postype="article" type="determiner"/>
        <constituent frequency="1" type="void"/>
        <constituent frequency="2" postype="possessive" type="determiner"/>
      </specifiers>
      <reference_modifiers>
        <constituent frequency="1" type="s.a"/>
      </reference_modifiers>
      <examples>
        <example file="3LB-CAST/104_c-3.tbf.xml" nodepath="10.3.0.1.0" sentencenodepath="10">Por otra parte , el texto de la patronal contempla <argset><specifier>la</specifier><head>creación </head><argument argument="arg1" function="cn" thematicrole="pat" type="sp">de nuevos contratos de trabajo enfocados a la reinserción laboral de una duración que podrá oscilar de 18 meses a cinco años</argument></argset>y la ampliación de ocho a doce meses del periodo de referencia ( durante el cual se exige haber trabajado cuatro meses ) para poder solicitar el subsidio de desempleo . </example>
        <example file="3LB-CAST/104_C-4.tbf.xml" nodepath="6.4.0.1.1.1" sentencenodepath="6">En este sentido Ø se refirió a <argset><specifier>la</specifier><reference_modifiers>reciente</reference_modifiers><head>creación </head><argument argument="arg1" function="cn" thematicrole="pat" type="sp">del Ministerio_de_Ciencia_y_Tecnología</argument></argset>y a las primeras declaraciones de su titular , Anna_Birulés , sobre el impulso de la investigación , desarrollo e innovación . </example>
        <example file="3LB-CAST/2000060111_5-2.tbf.xml" nodepath="2.2.3.2.1.0" sentencenodepath="2">Noboa , que fue vicepresidente en el gobierno de Mahuad y le sucedió en el cargo tras su caída , considera que la amnistía permitirá la pacificación de la nación y <argset><specifier>la</specifier><head>creación </head><argument argument="arg1" function="cn" thematicrole="pat" type="sp">de un ambiente propicio para el diálogo y la concertación</argument></argset>. </example>
        <example file="3LB-CAST/204_C-2.tbf.xml" nodepath="0.2.0.2.1.0" sentencenodepath="0">Méndez , que precisó que estas cifras revelan una caída del paro menor a la registrada en los últimos cinco años , destacó que pese_a_que el crecimiento económico continúa al alza , <argset><specifier>la</specifier><head>creación </head><argument argument="arg1" function="cn" thematicrole="pat" type="sp">de empleo</argument></argset>está perdiendo " fuelle " , por lo que Ø pidió al Gobierno la " intensificación " de la creación de más puestos de trabajo . </example>
        <example file="3LB-CAST/204_C-2.tbf.xml" nodepath="0.2.1.5.1.3.1.1.0" sentencenodepath="0">Méndez , que precisó que estas cifras revelan una caída del paro menor a la registrada en los últimos cinco años , destacó que pese_a_que el crecimiento económico continúa al alza , la creación de empleo está perdiendo " fuelle " , por lo que Ø pidió al Gobierno la " intensificación " de <argset><specifier>la</specifier><head>creación </head><argument argument="arg1" function="cn" thematicrole="pat" type="sp">de más puestos de trabajo</argument></argset>. </example>
        <example file="3LB-CAST/a1-7.tbf.xml" nodepath="1.1.1.1.1.4.1.0.0" sentencenodepath="1">Y en los procesos de adaptación , de adopción y de <argset><head>creación </head></argset>de estos quinientos años transcurridos . </example>
        <example file="3LB-CAST/dc1-1.tbf.xml" nodepath="12.3.1.1.0" sentencenodepath="12">Expertos en computación , físicos , microbiólogos , genetistas , matemáticos , biólogos y otros especialistas trabajan mano_a_mano en <argset><specifier>la</specifier><head>creación </head><argument argument="arg1" function="cn" thematicrole="pat" type="sp">de todo tipo de células , animales , plantas y , a_menudo , comunidades enteras de las más variopintas formas vivientes</argument></argset>. </example>
        <example file="3LB-CAST/dc3-0.tbf.xml" nodepath="2.2.4.1.1.0" sentencenodepath="2">Poco_a_poco Ø aprendió a efectuar modificaciones sobre ellos , como en las aleaciones metálicas , pero sólo recientemente se ha producido una auténtica revolución con <argset><specifier>la</specifier><head>creación </head><argument argument="arg1" function="cn" thematicrole="pat" type="sp">de nuevos materiales , cada vez mejores , en mayor número y más adaptados a las propiedades específicas que en cada caso se les demandan</argument></argset>. </example>
        <example file="3LB-CAST/e2-2.tbf.xml" nodepath="2.0.4.2.1.1.0" sentencenodepath="2">La diversidad de las culturas que están en contacto se proyecta hacia el futuro , especialmente tras <argset><specifier>la</specifier><head>creación </head><argument argument="arg0" function="cn" thematicrole="agt" type="sp">por las innovaciones tecnológicas</argument><argument argument="arg1" function="cn" thematicrole="pat" type="sp">de los más avanzados medios de comunicación</argument></argset>: las normas simbólicas particulares segregadas por los mass_media han planteado una cultura que oscila entre la divulgación de la cultura - culta - y una cultura en el sentido antropológico de la palabra , esto_es , definida no_tanto por parámetros tradicionalmente elitistas como por las necesidades o demandas culturales de las sociedades actuales . </example>
        <example file="CESS-CAST-A/10150_20001114.tbf.xml" nodepath="9.2.2.1.0" sentencenodepath="9">Se aprobaron programas de cooperación universitaria y movilidad de posgraduados , investigación tecnológica , escolarización básica de niños y alfabetización de adultos , así_como <argset><specifier>la</specifier><head>creación </head><argument argument="arg1" function="cn" thematicrole="pat" type="sp">del Canal_de_Televisión_Educativa_Iberoamericana ( ICI ) , que comenzó a emitir el 5_de_julio_de_1993</argument></argset>. </example>
        <example file="CESS-CAST-A/12547_20000119.tbf.xml" nodepath="6.3.1.0" sentencenodepath="6">Desde IU se va a impulsar <argset><specifier>la</specifier><head>creación </head><argument argument="arg1" function="cn" thematicrole="pat" type="sp">de un consorcio que se denominará Iperea ( Instituciones_por_las_Energías_Renovables_de_Andalucía ) , que integrará a administraciones locales y universidades , y que pretende alcanzar para el 2004 un 15_por_ciento de consumo con energías alternativas , " tal_y_como propone la UE "</argument></argset>. </example>
        <example file="CESS-CAST-A/17821_20001223.tbf.xml" nodepath="1.2.1.0" sentencenodepath="1">El tratado de Roma , firmado en 1998 , estableció <argset><specifier>la</specifier><head>creación </head><argument argument="arg1" function="cn" thematicrole="pat" type="sp">de la Corte_Internacional , que estará encargada de juzgar a los autores de genocidio , crímenes de guerra y crímenes contra la humanidad</argument></argset>. </example>
        <example file="CESS-CAST-AA/2698_20000203.tbf.xml" nodepath="10.3.1.0" sentencenodepath="10">Además , IU apoya <argset><specifier>la</specifier><head>creación </head><argument argument="arg1" function="cn" thematicrole="pat" type="sp">de centros de recursos telemáticos</argument><argument argument="argM" function="cn" thematicrole="fin" type="sp">para que quien no tiene ordenador o acceso a red pueda conectarse a Internet de_forma_que todos los ciudadanos tengan una fuente de información y , por_lo_tanto , posibilidad de aumentar su nivel de educación y su capacidad de trabajo</argument></argset>. </example>
        <example file="CESS-CAST-AA/3224_20000304.tbf.xml" nodepath="8.2.5.2.0.1.1.0" sentencenodepath="8">El Jefe_Superior_de_Policía de la Comunidad_Valenciana , Segundo_Martínez , aseguró que en los próximos días se efectuarán más detenciones , ya_que desde <argset><specifier>la</specifier><head>creación </head><argument argument="arg1" function="cn" thematicrole="pat" type="sp">de " Armagedon "</argument><argument argument="argM" function="cn" thematicrole="tmp" type="sp">, en diciembre_de_1998 ,</argument></argset>efectivos policiales están investigando sus actividades y algunos de sus presuntos componentes ya han sido detenidos con anterioridad por provocar reyertas en campos de fútbol de Valencia , Albacete y Madrid . </example>
        <example file="CESS-CAST-AA/4800_20000406.tbf.xml" nodepath="5.4.1.0" sentencenodepath="5">A_jucio_del NYSE no es conveniente <argset><specifier>la</specifier><head>creación </head><argument argument="arg1" function="cn" thematicrole="pat" type="sp">de una gran base de datos que informara sobre las órdenes pendientes de compra y venta a precios previamente determinados</argument></argset>, pues a su juicio ninguno de los modelos de estas bases de datos ( conocidas en inglés como CLOB ) permitía satisfacer las necesidades de todos los agentes del mercado , institucionales e individuales . </example>
        <example file="CESS-CAST-AA/6536_20001009.tbf.xml" nodepath="0.5.2.1.5.1.1.0" sentencenodepath="0">La Reina ha inaugurado hoy en la localidad cacereña de Trujillo la sede de la Real_Academia_de_Extremadura_de_las_Letras_y_de_las_Artes , un acto por el que la institución cuenta por primera vez con un lugar estable de trabajo desde <argset><argument argument="arg1" thematicrole="pat" type="spec">su</argument><head>creación </head><argument argument="argM" function="cn" thematicrole="tmp" type="sp">en 1980</argument></argset>. </example>
        <example file="CESS-CAST-AA/8417_20000310.tbf.xml" nodepath="3.3.1.0" sentencenodepath="3">La citada resolución ordena , además , <argset><specifier>la</specifier><head>creación </head><argument argument="arg1" function="cn" thematicrole="pat" type="sp">de un grupo de trabajo abierto , que se reunirá para examinar el futuro de la cooperación internacional en_relación_con el caucho natural</argument></argset>. </example>
        <example file="CESS-CAST-P/113_19990501_a.tbf.xml" nodepath="10.4.1.2.1.1.0" sentencenodepath="10">Los sindicatos también reclamarán a los empresarios un mayor esfuerzo en <argset><specifier>la</specifier><head>creación </head><argument argument="arg1" function="cn" thematicrole="pat" type="sp">de empleo</argument></argset>después de que 1998 ha sido un año de grandes beneficios . </example>
        <example file="CESS-CAST-P/133_20011001.tbf.xml" nodepath="4.3.3.0.1.2.0.1.0" sentencenodepath="4">A_falta_de esa aprobación definitiva , parece probable que Ø acoja espacios que faciliten <argset><specifier>la</specifier><head>creación </head><argument argument="arg1" function="cn" thematicrole="pat" type="s.a">teatral</argument></argset>y ensayos . </example>
        <example file="CESS-CAST-P/145_20011202_a.tbf.xml" nodepath="12.2.1.2.1.0.1.4.0.1.2.1.0" sentencenodepath="12">El nuevo calendario único es una idea personal de Blatter , que no ha parado de urdir proyectos , como <argset><specifier>la</specifier><head>creación </head><argument argument="arg1" function="cn" thematicrole="pat" type="sp">del Tribunal_de_Arbitraje o el Mundial de clubs</argument></argset>. </example>
        <example file="CESS-CAST-P/146_19990702.tbf.xml" nodepath="2.0.0.0.0.2.2.1.1.0" sentencenodepath="2">Cofundador y miembro del consejo de administración de Ona_Catalana desde <argset><argument argument="arg1" thematicrole="pat" type="spec">su</argument><head>creación </head></argset>, Puigbó dirigió el diseño de la parrilla y de los informativos de esta cadena que , con 18 frecuencias , es la primera radio privada de Catalunya . </example>
        <example file="CESS-CAST-P/146_19991001.tbf.xml" nodepath="3.2.0.1.2.1.2.1.1.0" sentencenodepath="3">El circo del Poble_Espanyol no es el tradicional , sino un circo contemporáneo que utiliza todas las artes escénicas para <argset><specifier>la</specifier><head>creación </head><argument argument="arg1" function="cn" thematicrole="pat" type="s.a">artística</argument></argset>y no incluye números con animales . </example>
        <example file="CESS-CAST-P/19_20010901.tbf.xml" nodepath="7.3.1.0.0" sentencenodepath="7">En la práctica , Ø justifica <argset><specifier>la</specifier><head>creación </head>y expansión del Estado_de_Israel </argset>a_costa_de los derechos políticos y culturales de los palestinos . </example>
        <example file="CESS-CAST-P/25_20011102.tbf.xml" nodepath="4.2.1.1.1.0.1.3.1.0" sentencenodepath="4">Los dos mandatarios , que comparecieron ante la prensa tras un encuentro en el palacio de la Moncloa , coincidieron en la necesidad de que se consolide <argset><specifier>la</specifier><head>creación </head><argument argument="arg1" function="cn" thematicrole="pat" type="sp">del Estado palestino</argument></argset>y de que se respete al mismo tiempo el derecho de Israel a existir en un marco de seguridad . </example>
        <example file="CESS-CAST-P/26_20000802.tbf.xml" nodepath="7.3.0.2.1.0" sentencenodepath="7">El plan de autonomía para Córcega , propuesto por el Gobierno de Jospin y aprobado por la Asamblea corsa el pasado viernes , prevé de_cara_al 2004 la concesión de un poder legislativo y <argset><specifier>la</specifier><head>creación </head><argument argument="arg1" function="cn" thematicrole="pat" type="sp">de una colectividad territorial única</argument></argset>, dos medidas que exigirán una revisión de la Constitución francesa . </example>
        <example file="CESS-CAST-P/54_20011101.tbf.xml" nodepath="2.1.2.1.0" sentencenodepath="2">Fuentes del HSBC negaron ayer que la reestructuración de su cúpula tenga nada que_ver con el caso Gescartera : " <argset><specifier>La</specifier><head>creación </head><argument argument="arg1" function="cn" thematicrole="pat" type="sp">de la nueva figura de presidente de zona</argument></argset>es algo que ya se había hecho en Italia y en Francia y que estaba pendiente de realizarse en España desde hace meses " . </example>
        <example file="CESS-CAST-P/70_20010801.tbf.xml" nodepath="0.3.1.1.1.3.1.1.1.1.1.0.2.2.1.1.0" sentencenodepath="0">La Cámara_de_Representantes norteamericana decidió ayer prohibir todas las investigaciones que supongan la fabricación y la clonación de embriones humanos incluso en el caso de experimentos no reproductivos , es_decir , puramente científicos , destinados a <argset><specifier>la</specifier><head>creación </head><argument argument="arg1" function="cn" thematicrole="pat" type="sp">de tejidos</argument></argset>. </example>
        <example file="CESS-CAST-P/81_20001001.tbf.xml" nodepath="5.2.1.0" sentencenodepath="5">Las asociaciones de mujeres reivindican <argset><specifier>la</specifier><head>creación </head><argument argument="arg1" function="cn" thematicrole="pat" type="sp">de un fondo</argument><argument argument="arg0" function="cn" thematicrole="agt" type="sp">por_parte_del Estado</argument></argset>para que , en caso de impago , la Administración les asegure el cobro y Ø se lo exija luego al EX cónyuge obligado a hacer el pago . </example>
      </examples>
    </frame>
  </sense>
  <sense cousin="no" denotation="underspecified" id="3" lexicalized="no" originlemma="crear" originlink="verb.crear.1" wordnetsynset="16:00583085">
    <frame appearsinplural="no" type="default">
      <argument argument="arg1" thematicrole="pat">
        <constituent frequency="14" preposition="de" type="sp"/>
      </argument>
      <argument argument="argM" thematicrole="loc">
        <constituent frequency="1" preposition="a" type="sp"/>
      </argument>
      <specifiers>
        <constituent frequency="13" postype="article" type="determiner"/>
        <constituent frequency="1" type="void"/>
      </specifiers>
      <reference_modifiers>
        <constituent frequency="1" type="sadv"/>
      </reference_modifiers>
      <examples>
        <example file="3LB-CAST/2000060204_5-3.tbf.xml" nodepath="14.3.0.1.0" sentencenodepath="14">El texto de la patronal contempla también <argset><specifier>la</specifier><head>creación </head><argument argument="arg1" function="cn" thematicrole="pat" type="sp">de nuevos contratos de trabajo enfocados a la reinserción laboral de una duración que podrá oscilar de 18 meses a cinco años</argument></argset>y ampliar de ocho a doce meses el periodo de referencia ( en el cual se exige haber trabajado cuatro meses ) para poder solicitar el subsidio . </example>
        <example file="3LB-CAST/204_c-4.tbf.xml" nodepath="3.2.3.2.1.1.3.5.1.0.0" sentencenodepath="3">Ø Destacó que el millón y medio de desempleados actuales es " la menor cifra de paro registrado en cualquier mes desde julio_de_1981 " y Ø atribuyó ese descenso a la reforma laboral de 1997 y a la política económica del Ejecutivo , " que ha transformado el crecimiento económico en <argset><head>creación </head><argument argument="arg1" function="cn" thematicrole="pat" type="sp">de empleo</argument></argset>" . </example>
        <example file="3LB-CAST/e2-0.tbf.xml" nodepath="11.4.1.2.1.2.1.0" sentencenodepath="11">Marx y sus seguidores , poderosamente influidos por la idea germánica de Kultur , añadieron a ésta , de_acuerdo_con los principios del materialismo histórico , la relación causal entre el desarrollo socioeconómico y <argset><specifier>la</specifier><head>creación </head><argument argument="arg1" function="cn" thematicrole="pat" type="sp">de una cuna igualitarista universal</argument></argset>. </example>
        <example file="CESS-CAST-AA/2698_20000203.tbf.xml" nodepath="4.3.1.0" sentencenodepath="4">En este sentido , el PP propone <argset><specifier>la</specifier><head>creación </head><argument argument="arg1" function="cn" thematicrole="pat" type="sp">de una tarifa plana y asequible</argument></argset>( tal_y_como anunció ayer el presidente del Gobierno ) , la extensión de una red de alta capacidad por todo el territorio nacional que llegue a las poblaciones rurales y a la que se acceda desde bibliotecas , oficinas de la Administración o edificios públicos . </example>
        <example file="CESS-CAST-AA/2698_20000203.tbf.xml" nodepath="12.3.0.1.0" sentencenodepath="12">Además , CiU propone <argset><specifier>la</specifier><head>creación </head><argument argument="arg1" function="cn" thematicrole="pat" type="sp">de un órgano coordinador de la relevancia de un ministerio</argument></argset>, la adopción de medidas intersectoriales que afecten a todos los ámbitos de la sociedad , que se fijen objetivos " realmente ambiciosos " y un marco fiscal , laboral y jurídico " apropiado " . </example>
        <example file="CESS-CAST-AA/3589_20000405.tbf.xml" nodepath="8.3.4.3.1.0" sentencenodepath="8">Algunos diputados verdes y liberales advirtieron del peligro que acarrearía la división de Kosovo para toda la región , si se tiene_en_cuenta que la consecuencia lógica sería <argset><specifier>la</specifier><head>creación </head><argument argument="arg1" function="cn" thematicrole="pat" type="sp">de una Gran_Albania</argument></argset>. </example>
        <example file="CESS-CAST-AA/4506_20000406.tbf.xml" nodepath="2.2.2.2.2.1.0" sentencenodepath="2">El especialista holandés criticó " la burocracia " que ha estado entorpeciendo <argset><specifier>la</specifier><head>creación </head><argument argument="arg1" function="cn" thematicrole="pat" type="sp">de la fuerza militar europea , prevista para el 2003 , y que debe contar con unos 60.000 efectivos</argument></argset>. </example>
        <example file="CESS-CAST-AA/4800_20000406.tbf.xml" nodepath="8.2.1.0" sentencenodepath="8">El plan de reestructuración de las operaciones del NYSE incluye <argset><specifier>la</specifier><head>creación </head><argument argument="arg1" function="cn" thematicrole="pat" type="sp">de una plataforma múltiple que satisfaga las necesidades de los inversores , al entregarles a estos una gama variada de posibilidades para ejecutar sus órdenes</argument></argset>. </example>
        <example file="CESS-CAST-P/30_20020801_a.tbf.xml" nodepath="1.2.1.1.1.1.3.1.1.4.1.0" sentencenodepath="1">El convenio prevé una inversión de 24,1 millones de euros ( 4.010 de pesetas ) destinados a un nuevo puente sobre el río Segre , el cubrimiento de las vías , <argset><specifier>la</specifier><head>creación </head><argument argument="arg1" function="cn" thematicrole="pat" type="sp">de un parque urbano</argument><argument argument="argM" function="cn" thematicrole="loc" type="sp">al final de la avenida de Prat_de_la_Riba</argument></argset>y la urbanización de todo el entorno de la estación . </example>
        <example file="CESS-CAST-P/72_20020202.tbf.xml" nodepath="11.4.1.1.0" sentencenodepath="11">Pero Ø no logra desbloquear <argset><specifier>la</specifier><head>creación </head><argument argument="arg1" function="cn" thematicrole="pat" type="sp">de una Oficina_Europea_de_Patentes , reclamada por la industria para ahorrar costes y papeleo</argument></argset>. </example>
        <example file="CESS-CAST-P/75_19981202.tbf.xml" nodepath="0.3.1.1.0" sentencenodepath="0">El Ayuntamiento tendrá nuevas competencias en los terrenos de la enseñanza , los servicios sociales , la vivienda , la sanidad y la cultura gracias_a <argset><specifier>la</specifier><head>creación </head><argument argument="arg1" function="cn" thematicrole="pat" type="sp">de consorcios en los que también participará la Generalitat que gestionarán estas áreas</argument></argset>. </example>
        <example file="CESS-CAST-P/75_19990901.tbf.xml" nodepath="20.4.2.1.3.1.0" sentencenodepath="20">El vicepresidente de la Confederación_General_de_Medianos_y_Pequeños_Empresarios ( Copyme ) , Salvador_Bellido , mostró ayer una " gran preocupación " por la fusión , por entender que Ø supondrá <argset><specifier>la</specifier><head>creación </head><argument argument="arg1" function="cn" thematicrole="pat" type="sp">de un monopolio " que quita la competencia y destruye la libertad de mercado "</argument></argset>. </example>
        <example file="CESS-CAST-P/76_19981201.tbf.xml" nodepath="4.3.1.0" sentencenodepath="4">La nueva empresa tiene como objetivos fundamentales <argset><specifier>la</specifier><head>creación </head><argument argument="arg1" function="cn" thematicrole="pat" type="sp">de un frente portuario catalán que sirva para desarrollar actuaciones comerciales e industriales coordinadas entre los distintos puertos</argument></argset>. </example>
        <example file="CESS-CAST-P/7_19990901.tbf.xml" nodepath="10.0.1.0" sentencenodepath="10"><argset><specifier>La</specifier><head>creación </head><argument argument="arg1" function="cn" thematicrole="pat" type="sp">de expectativas y agravios</argument><reference_modifiers>dentro de los ocho millones de españoles que perciben prestaciones</reference_modifiers>, </argset>es grave . </example>
      </examples>
    </frame>
  </sense>
</lexentry>
