<?xml version="1.0" encoding="UTF-8" standalone="no"?>
<!-- 

  ancoralex-2.0.3
       
			Copyright (C) 2007,2008,2009,2010,2011 CLiC - UB
			Centre de Llenguatge i Computació - Universitat de Barcelona
 
  This file is part of ancoralex-2.0.3.
 
  ancoralex-2.0.3 is free software and data: you can redistribute it and/or modify
  it under the terms of the GNU General Public License as published
  by the Free Software Foundation, either version 3 of the License,
  or (at your option) any later version.

  ancoralex-2.0.3 is distributed in the hope that it will be useful,
  but WITHOUT ANY WARRANTY; without even the implied warranty of
  MERCHANTABILITY or FITNESS FOR A PARTICULAR PURPOSE.  See the
  GNU General Public License for more details.
 
  You should have received a copy of the GNU General Public License
  along with ancoralex-2.0.3.  If not, see &lt;http://www.gnu.org/licenses/&gt;.
 
  Check a text in catalan explaining the terms of the license at http://www.softcatala.cat/wiki/GPL3.
  In spanish at http://www.viti.es/gnu/licenses/gpl.html
  
  The following paper must be cited when using verb lexicon: 

 * Aparicio, Juan, Mariona Taulé, M.Antònia Martí (2008) 'AnCora-Verb: A Lexical Resource for 
   the Semantic Annotation of Corpora'. Proceedings of 6th International Conference on Language 
   Resources and Evaluation. Marrakesh (Morocco).

  The following paper must be cited when using noun lexicon: 

 * Peris, Aina, Mariona Taulé (2011). AnCora-Nom: A Spanish lexicon of deverbal nominalizations. 
   Procesamiento del Lenguaje Natural, nº46, pp. 11-18.
 
 

 

-->

<lexentry lemma="crecimiento" lng="es" origin="deverbal" type="noun">
  <sense cousin="no" denotation="result" id="1" lexicalized="no" originlemma="crecer" originlink="verb.crecer.2" wordnetsynset="16:09729055">
    <frame appearsinplural="yes" type="default">
      <argument argument="arg1" thematicrole="tem">
        <constituent frequency="14" type="s.a"/>
        <constituent frequency="15" preposition="de" type="sp"/>
      </argument>
      <argument argument="arg2" thematicrole="ext">
        <constituent frequency="9" preposition="de" type="sp"/>
        <constituent frequency="2" type="sp"/>
      </argument>
      <argument argument="argM" thematicrole="adv">
        <constituent frequency="1" preposition="entre" type="sp"/>
      </argument>
      <argument argument="argM" thematicrole="loc">
        <constituent frequency="3" preposition="en" type="sp"/>
      </argument>
      <argument argument="argM" thematicrole="tmp">
        <constituent frequency="2" preposition="para" type="sp"/>
        <constituent frequency="3" preposition="en" type="sp"/>
        <constituent frequency="1" preposition="de" type="sp"/>
      </argument>
      <specifiers>
        <constituent frequency="24" type="void"/>
        <constituent frequency="19" postype="indefinite" type="determiner"/>
        <constituent frequency="20" postype="article" type="determiner"/>
      </specifiers>
      <reference_modifiers>
        <constituent frequency="14" type="s.a"/>
        <constituent frequency="12" type="S"/>
        <constituent frequency="2" type="S"/>
        <constituent frequency="1" preposition="respecto_al" type="sp"/>
        <constituent frequency="1" preposition="de" type="sp"/>
        <constituent frequency="3" type="sn"/>
      </reference_modifiers>
      <examples>
        <example file="3LB-CAST/104_c-1.tbf.xml" nodepath="6.6.2.1.1.1.0.2.3.1.0.1.1.0.0" sentencenodepath="6">Según Pujol , " no puede ser que se tarde ocho meses para dar un permiso de residencia de trabajo a un ciudadano polaco " , en un momento de falta de mano de obra que actúa , en su opinión , como freno al <argset><head>crecimiento </head><argument argument="arg1" function="cn" thematicrole="tem" type="s.a">económico</argument></argset>. </example>
        <example file="3LB-CAST/104_c-2.tbf.xml" nodepath="13.1.2.2.4.1.2.1.1.1.0.2.1.1.0" sentencenodepath="13">En su editorial , el diario analiza la situación económica del país tomando como base el informe difundido ayer de la OCDE y Ø asegura que el caballo de batalla de Aznar en esta legislatura será " convencer a la opinión pública de los riesgos de un consumo y de <argset><specifier>un</specifier><head>crecimiento </head></argset>desbocado , hacerle ver la urgencia de reformar el mercado laboral y de liberalizar la economía , escenificar los peligros de la inflación " . </example>
        <example file="3LB-CAST/104_C-4.tbf.xml" nodepath="3.0.2.1.1.1.0.1.0" sentencenodepath="3">La inversión en investigación básica es el camino para <argset><specifier>el</specifier><head>crecimiento </head></argset>y la prosperidad económica , afirmaron hoy empresarios , el embajador de EEUU y el director de investigación de la Comunidad_de_Madrid , quienes abogaron por elevar la " cultura científica " de los ciudadanos y la " cultura de la innovación " de los empresarios . </example>
        <example file="3LB-CAST/104_C-4.tbf.xml" nodepath="14.3.1.4.2.1.3.1.2.2.2.0.1" sentencenodepath="14">Hernando fundamentó tales premisas en que se trata de defender los intereses generales de los españoles , máxime teniendo_en_cuenta que España es el país de la Unión_Europea que más empleo ha creado y que registra <argset><reference_modifiers>mayor</reference_modifiers><head>crecimiento </head><argument argument="arg1" function="cn" thematicrole="tem" type="s.a">económico</argument></argset>. </example>
        <example file="3LB-CAST/104_C-4.tbf.xml" nodepath="17.2.3.2.1.1.1.0" sentencenodepath="17">Hernando destacó que la reforma laboral de 1997 , fruto de los acuerdos alcanzados con los agentes sociales , tuvo efectos " extraordinarios " sobre el empleo y Ø sirvió para frenar <argset><specifier>el</specifier><head>crecimiento </head><reference_modifiers>" desbocado "</reference_modifiers><argument argument="arg1" function="cn" thematicrole="tem" type="sp">de la inestabilidad laboral</argument><reference_modifiers>que se produjo a_partir_de 1986</reference_modifiers></argset>. </example>
        <example file="3LB-CAST/2000060104_5-1.tbf.xml" nodepath="6.2.0.3.1.1.1.0.0" sentencenodepath="6">El informe agrega que Japón mantiene su ritmo de <argset><head>crecimiento </head></argset>, cercano al 50_por_ciento , y que Europa presenta un nuevo incremento del 15_por_ciento . </example>
        <example file="3LB-CAST/204_C-1.tbf.xml" nodepath="10.2.3.2.1.0" sentencenodepath="10">La central ugetista señaló que las cifras del desempleo en el mes_de_mayo muestran una reducción del paro menor que en años anteriores y <argset><specifier>un</specifier><head>crecimiento </head><reference_modifiers>" escandaloso "</reference_modifiers><argument argument="arg1" function="cn" thematicrole="tem" type="sp">de la contratación temporal</argument><reference_modifiers>, que ha supuesto el 91,2_por_ciento de todos los contratos</reference_modifiers></argset>. </example>
        <example file="3LB-CAST/204_c-4.tbf.xml" nodepath="0.4.2.2.1.0" sentencenodepath="0">El grupo Navidul obtuvo en 1999 un beneficio neto de 2.054 millones de pesetas ( 12 millones de euros ) , lo que supone <argset><specifier>un</specifier><head>crecimiento </head><argument argument="arg2" function="cn" thematicrole="ext" type="sp">del 30,4_por_ciento</argument><reference_modifiers>respecto_al ejercicio anterior</reference_modifiers></argset>, mientras_que la cifra de negocios aumentó un ocho_por_ciento , hasta los 44.350 millones de pesetas ( 266,54 millones de euros ) . </example>
        <example file="3LB-CAST/a15-1.tbf.xml" nodepath="3.0.1.2.3.1.1.1.1.0.1" sentencenodepath="3">Los científicos americanos , necesitados para su carrera de un currículum en <argset><reference_modifiers>constante</reference_modifiers><head>crecimiento </head></argset>, tienen una regla no escrita publish_or_perish , publica_o_perece . </example>
        <example file="3LB-CAST/e3-0.tbf.xml" nodepath="6.3.1.2.1.1.0.1.0" sentencenodepath="6">De lo que pueda ser una tal ganancia de perfección , el Ensayo_sobre_las_magnitudes_negativas había ofrecido estas dos pistas , seguramente insuficientes : a <argset><specifier>Un</specifier><head>crecimiento </head><reference_modifiers>natural</reference_modifiers><argument argument="arg1" function="cn" thematicrole="tem" type="sp">de la realidad</argument></argset>en_general es posible , y es en el conflicto de los principios reales opuestos donde reside la perfección del mundo en sus cambios no mecánicos , lo_mismo que su parte material debe al conflicto de las fuerzas motrices la regularidad de su curso ; b Eso no quiere_decir que la suma de la realidad sea lo_mismo que la magnitud de la perfección , pues el displacer es tan real como el placer , pero nadie lo llamaría una perfección . </example>
        <example file="3LB-CAST/r2-9.tbf.xml" nodepath="0.4.1.0.2.1.4.1.0" sentencenodepath="0">Entonces Ø se refugian en coartadas fatídicas como la estabilidad , la gobernabilidad o <argset><specifier>el</specifier><head>crecimiento </head><argument argument="arg1" function="cn" thematicrole="tem" type="s.a">económico</argument></argset>. </example>
        <example file="CESS-CAST-A/10084_20000313.tbf.xml" nodepath="1.2.1.0" sentencenodepath="1">Insuficiente fue <argset><specifier>el</specifier><head>crecimiento </head><argument argument="arg1" function="cn" thematicrole="tem" type="sp">del PSOE</argument></argset>en la Comunidad_de_Madrid , que obtuvo 12 escaños , uno más que en las generales de hace cuatro años , pese_a perder casi 30.000 votos y quedarse con algo más 1.008.000 y que no sirvió para frenar la derrota global . </example>
        <example file="CESS-CAST-A/10591_20001013.tbf.xml" nodepath="0.4.1.2.3.1.1.0" sentencenodepath="0">Los ministros de Transporte_de_América subrayaron hoy en Washington la importancia " vital " que el desarrollo de las infraestructuras de transportes tienen para <argset><specifier>el</specifier><head>crecimiento </head><argument argument="arg1" function="cn" thematicrole="tem" type="s.a">económico</argument><reference_modifiers>de los países pequeños del continente</reference_modifiers></argset>. </example>
        <example file="CESS-CAST-A/12584_20001016.tbf.xml" nodepath="13.0.5.2.1.1.1.1.0.1.1.0.0" sentencenodepath="13">" El aumento del grado de competencia reduce los márgenes , Ø obliga a buscar mejoras de eficiencia y Ø conduce a la búsqueda de fórmulas de <argset><head>crecimiento </head></argset>que consuman pocos recursos propios y faciliten la rotación del activo " , concluyó Croissier . </example>
        <example file="CESS-CAST-A/13968_20000317.tbf.xml" nodepath="14.0.1.3.1.1.1.0.0" sentencenodepath="14">" El primer ministro redistribuye con tacañería los frutos del <argset><head>crecimiento </head></argset>sin ninguna reforma de fondo y sin perspectiva de futuro . Jospin devuelve el 10_por_ciento del dinero que Ø ha quitado a los franceses " , indicó Alain_Madelin , líder de Democracia_Liberal . </example>
        <example file="CESS-CAST-A/15931_20000320.tbf.xml" nodepath="8.3.4.5.0.1.0.0" sentencenodepath="8">Ø Pidió a la Universidad que Ø siga trabajando en implantar en la sociedad el sentimiento de " amor por el trabajo bien hecho " , porque en los países que apuestan por " cimentar sus proyectos sobre la formación y la cultura Ø están acercándose al <argset><head>crecimiento </head><argument argument="arg1" function="cn" thematicrole="tem" type="s.a">económico</argument></argset>y a dotarse de personalidad desde el punto de vista político " . </example>
        <example file="CESS-CAST-A/17887_20000622.tbf.xml" nodepath="2.3.1.1" sentencenodepath="2">Según el presidente de la entidad , estos datos reflejan <argset><specifier>el</specifier><reference_modifiers>constante</reference_modifiers><head>crecimiento </head><reference_modifiers>experimentado en los últimos años</reference_modifiers></argset>, lo que Ø atribuyó a la capacidad de Caja_Rural para " arraigarse " en el campo asturiano y situarse " cerca " de sus socios y cooperativistas , que al final de 1999 alcanzaban una cifra de 53.273 . </example>
        <example file="CESS-CAST-AA/19695_20000427.tbf.xml" nodepath="16.2.2.1.1.0" sentencenodepath="16">El objetivo es lograr una sustancial bajada de entre 20 y 30 puntos en el índice de inflación que ronda el 80_por_ciento anual y procurar <argset><specifier>un</specifier><head>crecimiento </head><argument argument="arg1" function="cn" thematicrole="tem" type="s.a">económico</argument><argument argument="arg2" function="cn" thematicrole="ext" type="sp">del uno_por_ciento</argument></argset>al finalizar el año , cifra que supondrá un salto del -7,5_por_ciento de 1999 . </example>
        <example file="CESS-CAST-AA/2005_20000904.tbf.xml" nodepath="3.2.3.0.1.4.1.1.0" sentencenodepath="3">Ø Explicó que la tendencia al alza es consecuencia de la " estructura tributaria " de los principales consumidores , de la acción de los especuladores que juegan con las cifras de producción mundial y por <argset><specifier>el</specifier><head>crecimiento </head><argument argument="arg1" function="cn" thematicrole="tem" type="sp">de la economía mundial</argument><reference_modifiers>, que según los cálculos de la OPEP será de un 4,4_por_ciento</reference_modifiers></argset>. </example>
        <example file="CESS-CAST-AA/20120_20000525.tbf.xml" nodepath="3.4.1.3.1.1.3.2.0.1.0.1" sentencenodepath="3">En esa ocasión , la autoridad monetaria europea admitió en un comunicado su " preocupación " por los riesgos al alza para la estabilidad de los precios " derivados del <argset><reference_modifiers>fuerte</reference_modifiers><head>crecimiento </head><argument argument="arg1" function="cn" thematicrole="tem" type="sp">de los agregados monetarios y crediticios</argument></argset>, así_como del tipo de cambio del euro " . </example>
        <example file="CESS-CAST-AA/20120_20000525.tbf.xml" nodepath="10.5.1.1.1.1.1.2.3.1.1.1.0.1.2.1.0.0" sentencenodepath="10">En cualquier caso , las sucesivas actuaciones al alza sobre los tipos del BCE , cuatro desde el pasado noviembre , no parecen haber contribuido hasta el momento a la recuperación de la moneda única , que sigue arrastrando el lastre del diferencial de tipos y de <argset><head>crecimiento </head><argument argument="argM" function="cn" thematicrole="adv" type="sp">entre la economía de la eurozona y la estadounidense</argument></argset>. </example>
        <example file="CESS-CAST-AA/22738_20000628.tbf.xml" nodepath="0.3.5.1.1.4.1.2.1.1.1.0.0" sentencenodepath="0">El premio Nobel de Economía de 1999 , Robert_Mundell pidió hoy que el Banco_Central_Europeo ( BCE ) apoye el euro más que ahora para evitar que Ø suba demasiado cuando se confirme la ralentización del <argset><head>crecimiento </head><argument argument="arg1" function="cn" thematicrole="tem" type="s.a">estadounidense</argument></argset>y se invierta la tendencia . </example>
        <example file="CESS-CAST-AA/23896_20000530.tbf.xml" nodepath="0.0.0.4.2.2.1.0.0" sentencenodepath="0">Las economías del conjunto de los países de la OCDE crecerán un 4_por_ciento este año , el mayor ritmo de <argset><head>crecimiento </head></argset>desde 1988 , y un 3,1_por_ciento en el 2001 , indicó hoy la organización en una fuerte revisión al alza de sus pronósticos . </example>
        <example file="CESS-CAST-AA/23896_20000530.tbf.xml" nodepath="2.0.0.0.1.1.1.1.1.1.2.1.0.0" sentencenodepath="2">Una de las consecuencias de ese acelerado ritmo de <argset><head>crecimiento </head></argset>será la reducción del paro en más de dos millones de personas entre 1999 y el 2001 , que quedará en el 6_por_ciento , en el conjunto de los 29 países miembros , señala Ø . </example>
        <example file="CESS-CAST-AA/23896_20000530.tbf.xml" nodepath="6.0.1.1.0" sentencenodepath="6">Por áreas geográficas , <argset><specifier>el</specifier><head>crecimiento </head><argument argument="arg1" function="cn" thematicrole="tem" type="s.a">estadounidense</argument><reference_modifiers>, el más prolongado experimentado por EEUU desde comienzos de siglo ,</reference_modifiers></argset>seguirá situándose en_cabeza del club de los países desarrollados este año con un 4,9_por_ciento , y Ø se ralentizará al 3_por_ciento en el 2001 . </example>
        <example file="CESS-CAST-AA/23896_20000530.tbf.xml" nodepath="8.1.1.1.0.1.0.0" sentencenodepath="8">En la zona euro , las perspectivas del <argset><head>crecimiento </head></argset>y de empleo a_corto_plazo son las mejores desde finales de los años_80 . </example>
        <example file="CESS-CAST-AA/23896_20000530.tbf.xml" nodepath="16.3.1.0" sentencenodepath="16">Para España , la OCDE pronostica <argset><specifier>un</specifier><head>crecimiento </head><argument argument="arg2" function="cn" thematicrole="ext" type="sp">del 4,3_por_ciento este año y del 3,9_por_ciento para el 2001</argument></argset>. </example>
        <example file="CESS-CAST-AA/23896_20000530.tbf.xml" nodepath="18.1.1.0" sentencenodepath="18">En el otro extremo , <argset><specifier>los</specifier><head>crecimientos </head><reference_modifiers>previstos</reference_modifiers><reference_modifiers>más reducidos en el 2000</reference_modifiers></argset>serán los de la República_Checa ( 1,4_por_ciento ) , Japón ( 1,7_por_ciento ) , Dinamarca ( 2,2_por_ciento ) , Suiza ( 2,8_por_ciento ) , Alemania , Italia y el Reino_Unido ( 2,9_por_ciento cada uno ) . </example>
        <example file="CESS-CAST-AA/24050_20000928.tbf.xml" nodepath="5.3.5.1.1.1.1.1.1.1.1.1.1.1.0" sentencenodepath="5">El incremento no impedirá que el volumen de deuda en circulación comparado con el Producto_Interior_Bruto ( PIB ) se reduzca dos puntos hasta situarse en el 50_por_ciento , caída justificada por " <argset><specifier>el</specifier><head>crecimiento </head><argument argument="arg1" function="cn" thematicrole="tem" type="s.a">económico</argument></argset>y la contención del déficit público " . </example>
        <example file="CESS-CAST-AA/24822_20001030.tbf.xml" nodepath="3.3.2.1.2.0" sentencenodepath="3">También recoge el plan ordenar los usos productivos del suelo ante <argset>" <specifier>el</specifier>
            <head>crecimiento </head>
            <reference_modifiers>espontáneo</reference_modifiers>
            <argument argument="arg1" function="cn" thematicrole="tem" type="sp">de ocupación de masa forestal</argument>" <argument argument="argM" function="cn" thematicrole="loc" type="sp">en el cultivo de la fresa en la zona de Huelva</argument>
          </argset>. </example>
        <example file="CESS-CAST-AA/24933_20000929.tbf.xml" nodepath="0.5.1.0.1.1.1.3.2.1.0" sentencenodepath="0">España se mantendrá en los próximos años como segundo mercado mundial para Citroen , el fabricante francés del grupo PSA , según cálculos de su director general , Claude_Satinet , quien prevé <argset><specifier>un</specifier><head>crecimiento </head><argument argument="arg1" function="cn" thematicrole="tem" type="sp">de la marca</argument><argument argument="arg2" function="cn" thematicrole="ext" type="sp">en_torno_al 50_por_ciento</argument></argset>en los próximos seis ejercicios en todo el mundo . </example>
        <example file="CESS-CAST-AA/24933_20000929.tbf.xml" nodepath="2.0.1.0" sentencenodepath="2"><argset><specifier>El</specifier><head>crecimiento </head><argument argument="arg1" function="cn" thematicrole="tem" type="sp">de Citroen</argument><argument argument="argM" function="cn" thematicrole="tmp" type="sp">para los próximos seis años</argument><reference_modifiers>, calculado en el 50_por_ciento</reference_modifiers></argset>supondrá , según el director general , unas ventas de alrededor de 1,5 millones de vehículos . </example>
        <example file="CESS-CAST-AA/24933_20000929.tbf.xml" nodepath="3.4.1.0" sentencenodepath="3">Satinet consideró probable este año <argset><specifier>un</specifier><head>crecimiento </head><reference_modifiers>general</reference_modifiers><argument argument="argM" function="cn" thematicrole="loc" type="sp">en Europa</argument><argument argument="arg2" function="cn" thematicrole="ext" type="sp">del 10_por_ciento</argument></argset>, lo que supone un total en_torno_a los 1,1 millones de unidades . </example>
        <example file="CESS-CAST-AA/3682_20000706.tbf.xml" nodepath="1.1.1.0" sentencenodepath="1">No_obstante , <argset><specifier>el</specifier><head>crecimiento </head><reference_modifiers>acumulado en los seis primeros meses del año</reference_modifiers></argset>ha motivado que las matriculaciones ofrezcan un resultado positivo del 5,5_por_ciento , al pasar de las 722.211 unidades de enero-junio de 1999 a 761.647 del presente ejercicio . </example>
        <example file="CESS-CAST-AA/3682_20000706.tbf.xml" nodepath="5.3.1.1.0" sentencenodepath="5">No_obstante , Ø puntualizó que <argset><specifier>los</specifier><head>crecimientos </head></argset>, si Ø se producen , no van a ser de la intensidad de los del segundo semestre del pasado año . </example>
        <example file="CESS-CAST-AA/4020_20000906.tbf.xml" nodepath="7.2.4.1.1.1.1.0.0" sentencenodepath="7">Trigueros agregó que la economía del país , en términos generales , ha entrado en un proceso de <argset><head>crecimiento </head></argset>muy débil . </example>
        <example file="CESS-CAST-AA/8504_20001212.tbf.xml" nodepath="3.3.0.1.1.0" sentencenodepath="3">El diputado justificó la petición del PSOE en <argset><specifier>el</specifier><head>crecimiento </head><argument argument="arg1" function="cn" thematicrole="tem" type="s.a">económico</argument></argset>y en el aumento del tráfico por carretera que han garantizado una cuenta de resultados " extraordinariamente " elevada en las circunstancias actuales , llegándose en algunos casos a " unos beneficios de hasta un 60_por_ciento sobre el volumen de facturación " . </example>
        <example file="CESS-CAST-P/102_19991001.tbf.xml" nodepath="6.3.1.1.1.0" sentencenodepath="6">Con estas actuaciones , D'Alema pretende reactivar la ralentizada economía italiana , promover <argset><specifier>el</specifier><head>crecimiento </head><argument argument="arg1" function="cn" thematicrole="tem" type="sp">del empleo</argument></argset>y reducir el déficit público al 1,5% del producto interior bruto ( PIB ) . </example>
        <example file="CESS-CAST-P/102_19991001.tbf.xml" nodepath="7.3.0.1.0" sentencenodepath="7">Los Presupuestos del 2000 también prevén <argset><specifier>un</specifier><head>crecimiento </head><argument argument="arg2" function="cn" thematicrole="ext" type="sp">del 2,2%</argument></argset>y una inflación del 1,3% . </example>
        <example file="CESS-CAST-P/106_19991202.tbf.xml" nodepath="8.2.4.1.0.1.1.0.0" sentencenodepath="8">Mas destacó que en el 2000 Catalunya cambiará de patrón de <argset><head>crecimiento </head></argset>. </example>
        <example file="CESS-CAST-P/107_19991001.tbf.xml" nodepath="3.2.1.1.0.1.0.0" sentencenodepath="3">El secretario general de la FIAB , Jorge_Jordana , admitió que sólo a_través_del <argset><head>crecimiento </head></argset>y de la mayor dimensión se puede hacer_frente a la " enfermedad francesa " de la concentración , que se ha visto agravada recientemente con la fusión de los grupos Carrefour y Promodès . </example>
        <example file="CESS-CAST-P/107_19991001.tbf.xml" nodepath="4.3.1.2.1.0.0" sentencenodepath="4">Entre 1987 y 1998 , la industria registró una tasa anual de <argset><head>crecimiento </head><reference_modifiers>acumulado</reference_modifiers><argument argument="arg2" function="cn" thematicrole="ext" type="sp">del 5,1%</argument></argset>, frente_al 12,3% del sector comercial . </example>
        <example file="CESS-CAST-P/108_20000601_e.tbf.xml" nodepath="1.3.1.0" sentencenodepath="1">Según el Instituto_Nacional_de_Estadística ( INE ) , el índice de precios industriales acumula <argset><specifier>un</specifier><head>crecimiento </head><argument argument="arg2" function="cn" thematicrole="ext" type="sp">del 2,5%</argument></argset>en los cuatro primeros meses del año . </example>
        <example file="CESS-CAST-P/10_19981202.tbf.xml" nodepath="5.0.1.2.1.2.1.0.0" sentencenodepath="5">Como las encuestas habían difundido una gran expectativa de <argset><head>crecimiento </head></argset>para el Partido_Quebequés y Ø ha terminado obteniendo dos diputados menos que en las elecciones anteriores , el clima es de fracaso . </example>
        <example file="CESS-CAST-P/110_20000401.tbf.xml" nodepath="9.4.5.1.1.1.0" sentencenodepath="9">Las mujeres mantienen su tasa en el 4,5% , ya_que Ø se ven beneficiadas por <argset><specifier>el</specifier><head>crecimiento </head><argument argument="arg1" function="cn" thematicrole="tem" type="sp">de la contratación a tiempo parcial</argument></argset>. </example>
        <example file="CESS-CAST-P/110_20000401.tbf.xml" nodepath="10.3.1.0" sentencenodepath="10">Las estadísticas conocidas ayer muestran también <argset><specifier>un</specifier><head>crecimiento </head><argument argument="arg2" function="cn" thematicrole="ext" type="sp">del 3,8%</argument><argument argument="arg1" function="cn" thematicrole="tem" type="sp">de los gastos de los hogares</argument><argument argument="argM" function="cn" thematicrole="tmp" type="sp">en Febrero</argument><reference_modifiers>, el primer incremento desde hace siete meses</reference_modifiers></argset>. </example>
        <example file="CESS-CAST-P/113_19990501_c.tbf.xml" nodepath="5.1.0.2.1.0" sentencenodepath="5">Por países , Finlandia registró <argset><specifier>el</specifier><head>crecimiento </head><reference_modifiers>más destacado</reference_modifiers><argument argument="argM" function="cn" thematicrole="tmp" type="sp">en este periodo</argument><reference_modifiers>( 1,6% )</reference_modifiers></argset>, mientras_que los mayores descensos se produjeron en Alemania ( -0,7% ) , Italia , ( -0,9% ) y Dinamarca ( -1,1% ) . </example>
        <example file="CESS-CAST-P/113_19990501_c.tbf.xml" nodepath="6.2.1.2.1.0.1.1.0.0" sentencenodepath="6">España ocupa el segundo lugar en volumen de <argset><head>crecimiento </head></argset>, con un 0,5% , aunque Eurostat no dispone todavía de los datos correspondientes a todos los países de la UE . </example>
        <example file="CESS-CAST-P/144_20010302.tbf.xml" nodepath="11.0.3.2.0.1.0" sentencenodepath="11">" Los triunfos de la selección han sido importantes , pero no ha existido un boom , sino <argset><specifier>un</specifier><head>crecimiento </head><reference_modifiers>constante</reference_modifiers><reference_modifiers>que se mantiene cada año entre el 6% y 7%</reference_modifiers></argset>" , explica Joan_Manuel_Carreras , presidente de la Federación_Catalana . </example>
        <example file="CESS-CAST-P/34_20020601.tbf.xml" nodepath="2.3.1.0" sentencenodepath="2">Según ERC , se plantea <argset><specifier>un</specifier><head>crecimiento </head><reference_modifiers>excesivo</reference_modifiers><argument argument="argM" function="cn" thematicrole="loc" type="sp">en Can_Ramoneda , un espacio natural protegido</argument></argset>. </example>
        <example file="CESS-CAST-P/36_20000501.tbf.xml" nodepath="38.0.1.2.1.0.0" sentencenodepath="38">La mayor expectativa de <argset><head>crecimiento </head></argset>está en los votantes del PSC , que han visto de lo que es capaz el PP en el Gobierno . </example>
        <example file="CESS-CAST-P/3_19990102.tbf.xml" nodepath="3.4.6.2.0.1.0" sentencenodepath="3">En su última actuación como presidente del Consejo_de_Economía , el ministro austriaco , Rudolf_Edlinger , resaltó el jueves que " el momento es idóneo para la introducción del euro " , con <argset><specifier>un</specifier><head>crecimiento </head><reference_modifiers>sostenido</reference_modifiers></argset>, las cuentas públicas saneadas y una inflación muy baja . </example>
        <example file="CESS-CAST-P/48_19990802.tbf.xml" nodepath="5.3.1.0" sentencenodepath="5">A_medida_que los precios de los terminales y del servicio se han abaratado , la extensión de su uso ha tenido <argset><specifier>un</specifier><head>crecimiento </head><reference_modifiers>exponencial</reference_modifiers></argset>, sobre_todo en España . </example>
        <example file="CESS-CAST-P/60_20011101.tbf.xml" nodepath="1.0.1.1.1.0.0" sentencenodepath="1">La previsión de <argset><head>crecimiento </head><argument argument="arg1" function="cn" thematicrole="tem" type="s.a">económico</argument></argset>para el 2002 del Govern , entre el 2,6% y el 2,7% , está casi al mismo nivel que el incremento del producto_interior_bruto ( PIB ) de la comunidad hasta el segundo trimestre de este año , que fue del 2,8% . </example>
        <example file="CESS-CAST-P/60_20011101.tbf.xml" nodepath="2.2.1.1.1.0.2.3.1.0" sentencenodepath="2">El Gobierno de Jordi_Pujol sigue los pasos del Ejecutivo central , que prevé <argset><specifier>un</specifier><head>crecimiento </head><argument argument="arg1" function="cn" thematicrole="tem" type="s.a">económico</argument><argument argument="argM" function="cn" thematicrole="tmp" type="sp">en el 2002</argument><argument argument="arg2" function="cn" thematicrole="ext" type="sp">del 2,9% , una décima inferior al alcanzado hasta el pasado Junio</argument></argset>. </example>
        <example file="CESS-CAST-P/67_19981201.tbf.xml" nodepath="1.3.1.1.1.1.3.1.0" sentencenodepath="1">Las ventas se han enfriado hasta el punto de que la empresa prevé <argset><specifier>un</specifier><head>crecimiento </head><argument argument="arg2" function="cn" thematicrole="ext" type="sp">de sólo el 0,42%</argument><argument argument="argM" function="cn" thematicrole="tmp" type="sp">para el próximo año</argument></argset>. </example>
        <example file="CESS-CAST-P/67_19981201.tbf.xml" nodepath="2.5.1.0.2.2.1.1.1.0.1.1.0.0" sentencenodepath="2">Según la ONCE , las ventas del cupón han crecido este año entre un 1,8% y un 2% lo que supone un aumento similar al del IPC y , en términos reales , una cifra similar al <argset><head>crecimiento </head><reference_modifiers>cero</reference_modifiers></argset>. </example>
        <example file="CESS-CAST-P/67_20000902.tbf.xml" nodepath="3.4.2.1.3.2.0.1.1.2.1.0" sentencenodepath="3">El grupo Telefónica superó en los primeros seis meses del año los 2,2 billones de pesetas de ingresos , con un alza del 23,7% respecto_al mismo periodo del año anterior , como consecuencia de la fuerte expansión en los mercados latinoamericanos y <argset><specifier>el</specifier><head>crecimiento </head><argument argument="arg1" function="cn" thematicrole="tem" type="sp">de Telefónica_Móviles</argument></argset>. </example>
        <example file="CESS-CAST-P/69_20010201_g.tbf.xml" nodepath="1.2.1.1.0" sentencenodepath="1">Las ganancias de 1.527 millones de pesetas respondieron a <argset><specifier>un</specifier><head>crecimiento </head><reference_modifiers>homogéneo</reference_modifiers><argument argument="arg1" function="cn" thematicrole="tem" type="sp">de todas las áreas de negocio</argument></argset>. </example>
        <example file="CESS-CAST-P/76_20000902.tbf.xml" nodepath="3.3.1.2.1.1.0" sentencenodepath="3">En rueda de prensa , el presidente del Gobierno explicó que , para garantizar <argset><specifier>el</specifier><head>crecimiento </head><argument argument="arg1" function="cn" thematicrole="tem" type="s.a">económico</argument></argset>, " no se puede en ningún caso perturbar el camino del equilibrio presupuestario " previsto para el 2001 . </example>
        <example file="CESS-CAST-P/81_20001001.tbf.xml" nodepath="0.4.1.1" sentencenodepath="0">Paralelamente al aumento de las rupturas matrimoniales , se ha producido durante 1999 <argset><specifier>un</specifier><reference_modifiers>espectacular</reference_modifiers><head>crecimiento </head><argument argument="arg1" function="cn" thematicrole="tem" type="sp">de los delitos contra las relaciones familiares</argument></argset>. </example>
        <example file="CESS-CAST-P/93_20010701.tbf.xml" nodepath="5.1.2.2.1.1.1.0.0" sentencenodepath="5">Tras pasar unos años en número rojos , la empresa volvió al equilibrio el pasado ejercicio y Ø retomó la senda del <argset><head>crecimiento </head></argset>, con una facturación de 6.500 millones de pesetas y un alza interanual del 30% . </example>
        <example file="CESS-CAST-P/94_19990601.tbf.xml" nodepath="8.2.1.4.1.0.0" sentencenodepath="8">El Gobierno cuenta con que el deterioro del sector exterior podrá restar hasta 1,6 puntos al <argset><head>crecimiento </head><argument argument="arg1" function="cn" thematicrole="tem" type="s.a">económico</argument><argument argument="argM" function="cn" thematicrole="tmp" type="sp">de 1999</argument><reference_modifiers>, que se prevé del 3,5%</reference_modifiers></argset>. </example>
      </examples>
    </frame>
  </sense>
  <sense cousin="no" denotation="event" id="2" lexicalized="no" originlemma="crecer" originlink="verb.crecer.2" wordnetsynset="16:00233535+16:09729055">
    <frame appearsinplural="no" type="default">
      <argument argument="arg1" thematicrole="tem">
        <constituent frequency="1" preposition="de" type="sp"/>
        <constituent frequency="1" postype="possessive" type="determiner"/>
      </argument>
      <argument argument="argM" thematicrole="tmp">
        <constituent frequency="1" preposition="en" type="sp"/>
      </argument>
      <specifiers>
        <constituent frequency="1" postype="article" type="determiner"/>
        <constituent frequency="1" type="void"/>
        <constituent frequency="1" postype="possessive" type="determiner"/>
      </specifiers>
      <examples>
        <example file="3LB-CAST/204_c-6.tbf.xml" nodepath="19.0.1.1.0" sentencenodepath="19">" <argset><specifier>El</specifier><head>crecimiento </head><argument argument="arg1" function="cn" thematicrole="tem" type="sp">de la economía canaria</argument><argument argument="argM" function="cn" thematicrole="tmp" type="sp">en los últimos tiempos</argument></argset>trasluce resultados que permiten mantener un moderado optimismo en_cuanto_al comportamiento del empleo , pues el archipiélago ha conseguido romper en estos meses su tendencia tradicional , que era mantener el alza del paro de forma creciente durante el primer semestre del año " , dijo Morales . </example>
        <example file="CESS-CAST-AA/20120_20000525.tbf.xml" nodepath="7.3.1.1.2.1.0.1.3.2.1.1.1.1.0" sentencenodepath="7">Esta evolución encaja perfectamente con las previsiones sobre la evolución de la curva de inflación este año del BCE , que había pronosticado un repunte de los precios a_comienzos_de la primavera y una ralentización de <argset><argument argument="arg1" thematicrole="tem" type="spec">su</argument><head>crecimiento </head></argset>para antes del verano . </example>
        <example file="CESS-CAST-AA/5694_20000908.tbf.xml" nodepath="2.3.4.1.1.0.1.2.1.2.1.1.0.1.0.0" sentencenodepath="2">Tras señalar que el fin de la " guerra_fría " entre Occidente y el bloque comunista del este no " trajo en el plano económico beneficios sustanciales para los países en desarrollo " , Ø estimó que el conflicto " ha sido sustituido por una_especie_de antagonismo entre el Norte y el Sur " , es_decir entre las potencias económicas y los países en <argset><head>crecimiento </head></argset>o pobres . </example>
      </examples>
    </frame>
  </sense>
  <sense cousin="no" denotation="underspecified" id="3" lexicalized="no" originlemma="crecer" originlink="verb.crecer.2" wordnetsynset="16:05479891+16:09725434">
    <frame appearsinplural="no" type="default">
      <argument argument="arg1" thematicrole="tem">
        <constituent frequency="11" preposition="de" type="sp"/>
        <constituent frequency="3" type="s.a"/>
        <constituent frequency="2" postype="possessive" type="determiner"/>
      </argument>
      <argument argument="arg2" thematicrole="ext">
        <constituent frequency="1" preposition="de" type="sp"/>
      </argument>
      <argument argument="argM" thematicrole="tmp">
        <constituent frequency="1" type="S"/>
      </argument>
      <specifiers>
        <constituent frequency="7" type="void"/>
        <constituent frequency="9" postype="article" type="determiner"/>
        <constituent frequency="2" postype="possessive" type="determiner"/>
      </specifiers>
      <reference_modifiers>
        <constituent frequency="1" type="S"/>
        <constituent frequency="2" type="s.a"/>
      </reference_modifiers>
      <examples>
        <example file="3LB-CAST/204_C-1.tbf.xml" nodepath="7.3.1.1.1.2.4.1.1.0.1.2.1.0.0" sentencenodepath="7">Además , Ø subrayó la necesidad de fomentar la formación ocupacional y , si esta tendencia sigue , recurrir a la política de inmigración " en un buen número de casos " para evitar el " estrangulamiento del <argset><head>crecimiento </head><argument argument="arg1" function="cn" thematicrole="tem" type="sp">de ciertas empresas</argument></argset>y la generación de nuevos puestos de trabajo " . </example>
        <example file="3LB-CAST/204_C-2.tbf.xml" nodepath="0.2.0.1.1.1.0" sentencenodepath="0">Méndez , que precisó que estas cifras revelan una caída del paro menor a la registrada en los últimos cinco años , destacó que pese_a_que <argset><specifier>el</specifier><head>crecimiento </head><argument argument="arg1" function="cn" thematicrole="tem" type="s.a">económico</argument></argset>continúa al alza , la creación de empleo está perdiendo " fuelle " , por lo que Ø pidió al Gobierno la " intensificación " de la creación de más puestos de trabajo . </example>
        <example file="3LB-CAST/204_c-4.tbf.xml" nodepath="3.2.3.2.1.1.3.4.1.0" sentencenodepath="3">Ø Destacó que el millón y medio de desempleados actuales es " la menor cifra de paro registrado en cualquier mes desde julio_de_1981 " y Ø atribuyó ese descenso a la reforma laboral de 1997 y a la política económica del Ejecutivo , " que ha transformado <argset><specifier>el</specifier><head>crecimiento </head><argument argument="arg1" function="cn" thematicrole="tem" type="s.a">económico</argument></argset>en creación de empleo " . </example>
        <example file="3LB-CAST/204_c-6.tbf.xml" nodepath="14.2.4.0.1.0.0" sentencenodepath="14">El consejero de Empleo_y_Asuntos_Sociales del Gobierno_de_Canarias , Marcial_Morales , considera que el incremento del número de desempleados en Canarias durante el pasado_mes_de_mayo se debe al <argset><head>crecimiento </head><argument argument="arg1" function="cn" thematicrole="tem" type="sp">de la población activa</argument></argset>y al fin de la zafra agrícola . </example>
        <example file="3LB-CAST/e3-0.tbf.xml" nodepath="1.3.1.1.1.1.0.2.4.1.1.2.2.1.0.2.4.1.1.1.1.0.0" sentencenodepath="1">Ø Comenzaremos a pensar la idea regulativa a_partir_de la reunión del telos moral o ideal , que viene expresado por la fórmula kantiana del reino de los fines , y del telos existencial , que el Ensayo_sobre_las_magnitudes_negativas ( 1703 ) presentaba como un perfeccionamiento sin <argset><head>crecimiento </head><argument argument="arg1" function="cn" thematicrole="tem" type="sp">de lo positivo</argument></argset>. </example>
        <example file="3LB-CAST/e3-0.tbf.xml" nodepath="5.3.1.0.2.1.1.0.0" sentencenodepath="5">Precisamente esto que al bien sin mezcla no cabe aproximación , es lo que indica la expresión o perfeccionamiento sin <argset><head>crecimiento </head><argument argument="arg1" function="cn" thematicrole="tem" type="sp">de lo positivo</argument></argset>, , . </example>
        <example file="CESS-CAST-A/10150_20001114.tbf.xml" nodepath="5.0.2.3.1.2.1.0.1.0" sentencenodepath="5">Ø Reconoce que la deuda exterior es el principal obstáculo para <argset><specifier>el</specifier><head>crecimiento </head></argset>y la estabilidad de la región , y Ø agrega que " mediante un compromiso serio de políticas económicas y financieras se pueden alcanzar desarrollos sociales " . </example>
        <example file="CESS-CAST-A/10591_20001013.tbf.xml" nodepath="13.3.1.0" sentencenodepath="13">Ø También promoverá <argset><specifier>el</specifier><head>crecimiento </head><argument argument="arg1" function="cn" thematicrole="tem" type="sp">de los servicios internacionales de aeronavegación en el continente</argument></argset>. </example>
        <example file="CESS-CAST-AA/23896_20000530.tbf.xml" nodepath="14.3.1.1.1.0" sentencenodepath="14">Con_respecto_a Japón , la OCDE considera que a_pesar_de las previsiones de aumento del PIB - un 1,7_por_ciento este año y 2,2_por_ciento en el 2001 , <argset><specifier>el</specifier><head>crecimiento </head><argument argument="arg1" function="cn" thematicrole="tem" type="sp">del consumo privado</argument></argset>sigue " carente de dinamismo " y las autoridades " deberían tratar de apoyar la recuperación a_corto_plazo sin comprometer exageradamente la salud de la economía en una perspectiva a_largo_plazo " . </example>
        <example file="CESS-CAST-AA/23896_20000530.tbf.xml" nodepath="19.2.1.0.1.0" sentencenodepath="19">La OCDE prevé que <argset><specifier>el</specifier><head>crecimiento </head><argument argument="arg1" function="cn" thematicrole="tem" type="sp">de la economía mundial</argument><reference_modifiers>, que fue del 3,1_por_ciento el pasado año ,</reference_modifiers></argset>se acelerará hasta el 4,3_por_ciento en el 2000 y Ø se ralentizará al 3,8_por_ciento al año siguiente . </example>
        <example file="CESS-CAST-AA/24933_20000929.tbf.xml" nodepath="11.3.1.1.1.0" sentencenodepath="11">El director general de Citroen se mostró confiado en <argset><specifier>el</specifier><head>crecimiento </head><argument argument="arg1" function="cn" thematicrole="tem" type="sp">del área Mercosur , actualmente con una cuota de mercado " muy baja " , del 3_por_ciento</argument></argset>. </example>
        <example file="CESS-CAST-AA/3502_20001106.tbf.xml" nodepath="12.3.2.1.1.1" sentencenodepath="12">El objetivo , según el portavoz socialista , es facilitar el acceso a la vivienda de colectivos " con determinadas condiciones económicas , como jóvenes o personas que tienen su primer empleo " , y paliar <argset><specifier>el</specifier><reference_modifiers>" espectacular "</reference_modifiers><head>crecimiento </head><argument argument="arg1" function="cn" thematicrole="tem" type="sp">de los precios</argument></argset>. </example>
        <example file="CESS-CAST-AA/8933_20000211.tbf.xml" nodepath="1.0.4.1.1.3.2.1.1.1.1.0.1.2.1.1.1.0" sentencenodepath="1">" La tan hablada globalización se ha tornado un fenómeno que beneficia sólo a unos pocos , los cuales ven su expansión proyectada a todos los rincones del mundo y , al_mismo_tiempo , perjudica a la mayoría de naciones , obligadas a buscar <argset><argument argument="arg1" thematicrole="tem" type="spec">su</argument><head>crecimiento </head></argset>en mercados estrechos y , en muchos casos , cada vez más pobres " , manifestó Ø en el discurso que Ø pronunció en una cena que ofreció en su homenaje el presidente de Brasil , Fernando_Henrique_Cardoso . </example>
        <example file="CESS-CAST-P/101_20010401.tbf.xml" nodepath="0.2.0.1.0" sentencenodepath="0">Ø Es el tercer año que se pone_en_funcionamiento el servicio de envío de datos fiscales y <argset><argument argument="arg1" thematicrole="tem" type="spec">su</argument><head>crecimiento </head></argset>ha sido espectacular . </example>
        <example file="CESS-CAST-P/107_19991001.tbf.xml" nodepath="2.4.2.2.1.3.1.2.2.1.2.2.1.0.1.1.0.0" sentencenodepath="2">El ministro instó a los fabricantes a mejorar la calidad de los servicios que rodean a los productos , como " casi la única alternativa " para aumentar las ventas , en un mercado europeo más integrado y con perspectivas de <argset><head>crecimiento </head><argument argument="arg1" function="cn" thematicrole="tem" type="sp">de la demanda interior</argument></argset>cada vez menores . </example>
        <example file="CESS-CAST-P/107_20000202.tbf.xml" nodepath="4.2.1.0.1.1.3.0.1.1.1.1.0.0" sentencenodepath="4">El encuentro de la Reserva_Federal sigue al anuncio de que EEUU ha entrado en su 107 mes de <argset><head>crecimiento </head><argument argument="arg1" function="cn" thematicrole="tem" type="s.a">económico</argument><reference_modifiers>ininterrumpido</reference_modifiers></argset>, en la expansión más prolongada de su historia , acompañada de inflación y desempleo bajos y entusiasmo en los mercados financieros . </example>
        <example file="CESS-CAST-P/139_20010103.tbf.xml" nodepath="3.4.1.2.0.0.0" sentencenodepath="3">El valor del mercado discográfico en 1999 se situó en 65.800 millones de pesetas , un 2,4% menos que en el ejercicio precedente , frente_al <argset><head>crecimiento </head><argument argument="arg2" function="cn" thematicrole="ext" type="sp">del 15,4%</argument><argument argument="argM" function="cn" thematicrole="tmp" type="S">registrado en 1997</argument></argset>y el 8,7% de 1998 , según los datos de la consultora . </example>
        <example file="CESS-CAST-P/51_20020601.tbf.xml" nodepath="10.2.1.3.2.1.0" sentencenodepath="10">Cuando todas las televisiones estaban conectadas con el inexplorado y desconocido mercado asiático , surgió la imparable pujanza de Senegal que encarna <argset><specifier>el</specifier><head>crecimiento </head><argument argument="arg1" function="cn" thematicrole="tem" type="sp">de África , un continente que se resiste a vivir eternamente en la pobreza</argument></argset>. </example>
      </examples>
    </frame>
  </sense>
</lexentry>
