<?xml version="1.0" encoding="UTF-8" standalone="no"?>
<!-- 

  ancoralex-2.0.3
       
			Copyright (C) 2007,2008,2009,2010,2011 CLiC - UB
			Centre de Llenguatge i Computació - Universitat de Barcelona
 
  This file is part of ancoralex-2.0.3.
 
  ancoralex-2.0.3 is free software and data: you can redistribute it and/or modify
  it under the terms of the GNU General Public License as published
  by the Free Software Foundation, either version 3 of the License,
  or (at your option) any later version.

  ancoralex-2.0.3 is distributed in the hope that it will be useful,
  but WITHOUT ANY WARRANTY; without even the implied warranty of
  MERCHANTABILITY or FITNESS FOR A PARTICULAR PURPOSE.  See the
  GNU General Public License for more details.
 
  You should have received a copy of the GNU General Public License
  along with ancoralex-2.0.3.  If not, see &lt;http://www.gnu.org/licenses/&gt;.
 
  Check a text in catalan explaining the terms of the license at http://www.softcatala.cat/wiki/GPL3.
  In spanish at http://www.viti.es/gnu/licenses/gpl.html
  
  The following paper must be cited when using verb lexicon: 

 * Aparicio, Juan, Mariona Taulé, M.Antònia Martí (2008) 'AnCora-Verb: A Lexical Resource for 
   the Semantic Annotation of Corpora'. Proceedings of 6th International Conference on Language 
   Resources and Evaluation. Marrakesh (Morocco).

  The following paper must be cited when using noun lexicon: 

 * Peris, Aina, Mariona Taulé (2011). AnCora-Nom: A Spanish lexicon of deverbal nominalizations. 
   Procesamiento del Lenguaje Natural, nº46, pp. 11-18.
 
 

 

-->

<lexentry lemma="creencia" lng="es" origin="deverbal" type="noun">
  <sense cousin="no" denotation="event" id="1" lexicalized="no" originlemma="creer" originlink="verb.creer.1" wordnetsynset="16:04562312">
    <frame appearsinplural="no" type="default">
      <argument argument="arg1" thematicrole="pat">
        <constituent frequency="1" preposition="de" type="sp"/>
      </argument>
      <specifiers>
        <constituent frequency="1" postype="article" type="determiner"/>
      </specifiers>
      <examples>
        <example file="CESS-CAST-A/16786_20000221.tbf.xml" nodepath="4.0.2.1.0" sentencenodepath="4">El ascenso del pasado viernes en Nueva_York hasta los 111,28 yenes , el nivel máximo en casi cinco meses , afianzó <argset><specifier>la</specifier><head>creencia </head><argument argument="arg1" function="cn" thematicrole="pat" type="sp">de que el dólar ha entrado en un trayecto ascendente</argument></argset>y Ø desató una fiebre vendedora para ajustar posiciones . </example>
      </examples>
    </frame>
  </sense>
  <sense cousin="no" denotation="result" id="2" lexicalized="no" originlemma="creer" originlink="verb.creer.2" wordnetsynset="16:04562312+16:04544110">
    <frame appearsinplural="yes" type="default">
      <argument argument="arg1" foundincorporated="yes" thematicrole="tem">
        <constituent frequency="1" preposition="de" type="sp"/>
      </argument>
      <specifiers>
        <constituent frequency="2" type="void"/>
        <constituent frequency="2" postype="article" type="determiner"/>
        <constituent frequency="1" postype="indefinite" type="determiner"/>
      </specifiers>
      <examples>
        <example file="3LB-CAST/e2-1.tbf.xml" nodepath="9.1.7.2.1.2.2.1.0.2.0" sentencenodepath="9">La primera se refiere a la lengua : - Por mi parte yo veo como indicador más característico de la unidad tribal la comunidad de lenguaje , pues una tradición común de prácticas y conocimientos , de <argset>costumbres y <head argument="arg1" thematicrole="tem">creencias </head>
          </argset>, sólo puede ser compartida por personas que utilicen la misma lengua - . </example>
        <example file="3LB-CAST/e2-2.tbf.xml" nodepath="4.2.2.1.1.1.1.1.1.2.1.0.1.0" sentencenodepath="4">De_todos_modos las formas tradicionales de cultura se mantienen al_igual_que el lenguaje en_tanto_que ámbito semántico , es_decir , que tiene un sentido : el conjunto de las representaciones que pueden ser sugeridas por el enunciado de una palabra , un concepto o un símbolo ; se trata de determinar la estructura de la significación cultural de <argset><specifier>las</specifier><head argument="arg1" thematicrole="tem">creencias </head></argset>, las leyendas , los mitos o las ideas . </example>
        <example file="3LB-CAST/n1-14.tbf.xml" nodepath="1.0.4.3.4.0.1.1.1.0" sentencenodepath="1">- Me parece formidable que la organización haya decidido que este año vengan también chicos y chicas de <argset><specifier>otras</specifier><head argument="arg1" thematicrole="tem">creencias </head></argset>- , afirma su hermana . </example>
        <example file="CESS-CAST-P/17_20000301.tbf.xml" nodepath="20.3.4.1.1.0.0.1.7.2.0.3.1.0.1.1.4.0.0" sentencenodepath="20">Mientras_que el artículo 515 prescribe que son punibles las asociaciones ilícitas y , entre otras , el Código atribuye esta condición a las siguientes : las que " después de constituidas promuevan la comisión de un delito " ; " las bandas armadas " ; " las que , aun teniendo por objeto un fin lícito , empleen medios violentos ... " ; " las que promuevan el odio o la violencia contra las personas , grupos o asociaciones por razón de su ideología , religión , <argset><head>creencias </head></argset>, la pertenencia de sus miembros o de algunos de ellos a una etnia , raza , o nación , su sexo , orientación sexual ... " , etcétera . </example>
        <example file="CESS-CAST-P/43_19991102.tbf.xml" nodepath="14.2.3.1.1.3.1.0" sentencenodepath="14">La teoría de ambos arqueólogos tardará años en ser evaluada , pero Ø no son los únicos que consideran superada <argset><specifier>la</specifier><head>creencia </head><argument argument="arg1" function="cn" thematicrole="tem" type="sp">de que los pobladores de América llegaron hace 13.500 años por Alaska</argument></argset>, ya_que se han detectado restos de hasta 16.000 años de antigüedad en Chile , Pensilvania , Virginia y Carolina_del_Sur . </example>
      </examples>
    </frame>
  </sense>
</lexentry>
