<?xml version="1.0" encoding="UTF-8" standalone="no"?>
<!-- 

  ancoralex-2.0.3
       
			Copyright (C) 2007,2008,2009,2010,2011 CLiC - UB
			Centre de Llenguatge i Computació - Universitat de Barcelona
 
  This file is part of ancoralex-2.0.3.
 
  ancoralex-2.0.3 is free software and data: you can redistribute it and/or modify
  it under the terms of the GNU General Public License as published
  by the Free Software Foundation, either version 3 of the License,
  or (at your option) any later version.

  ancoralex-2.0.3 is distributed in the hope that it will be useful,
  but WITHOUT ANY WARRANTY; without even the implied warranty of
  MERCHANTABILITY or FITNESS FOR A PARTICULAR PURPOSE.  See the
  GNU General Public License for more details.
 
  You should have received a copy of the GNU General Public License
  along with ancoralex-2.0.3.  If not, see &lt;http://www.gnu.org/licenses/&gt;.
 
  Check a text in catalan explaining the terms of the license at http://www.softcatala.cat/wiki/GPL3.
  In spanish at http://www.viti.es/gnu/licenses/gpl.html
  
  The following paper must be cited when using verb lexicon: 

 * Aparicio, Juan, Mariona Taulé, M.Antònia Martí (2008) 'AnCora-Verb: A Lexical Resource for 
   the Semantic Annotation of Corpora'. Proceedings of 6th International Conference on Language 
   Resources and Evaluation. Marrakesh (Morocco).

  The following paper must be cited when using noun lexicon: 

 * Peris, Aina, Mariona Taulé (2011). AnCora-Nom: A Spanish lexicon of deverbal nominalizations. 
   Procesamiento del Lenguaje Natural, nº46, pp. 11-18.
 
 

 

-->

<lexentry lemma="crispación" lng="es" origin="deverbal" type="noun">
  <sense cousin="no" denotation="result" id="1" lexicalized="no" originlemma="crispar" originlink="verb.crispar.1" wordnetsynset="16:cs2">
    <frame appearsinplural="no" type="default">
      <argument argument="arg0" thematicrole="agt">
        <constituent frequency="1" type="s.a"/>
      </argument>
      <argument argument="arg1" thematicrole="pat">
        <constituent frequency="1" preposition="en" type="sp"/>
      </argument>
      <specifiers>
        <constituent frequency="5" type="void"/>
        <constituent frequency="1" postype="article" type="determiner"/>
        <constituent frequency="1" postype="indefinite" type="determiner"/>
      </specifiers>
      <reference_modifiers>
        <constituent frequency="2" type="S"/>
      </reference_modifiers>
      <examples>
        <example file="3LB-CAST/c2-1.tbf.xml" nodepath="8.2.0.6.0" sentencenodepath="8">Ø Es <argset>malestar , nazismo , ansia muda de revolución , <head>crispación </head>, venganza contra los padres y contra el sistema </argset>. </example>
        <example file="CESS-CAST-A/13968_20000317.tbf.xml" nodepath="4.3.0.1.1.1.1.0.0" sentencenodepath="4">Jospin busca con este guiño aplacar el clima de <argset><head>crispación </head><argument argument="arg0" function="cn" thematicrole="agt" type="s.a">social</argument><reference_modifiers>que en los últimos meses ha suscitado la gestión de su Gabinete</reference_modifiers></argset>y reconquistar , al mismo tiempo , al electorado en el que su popularidad se ha visto más disminuida , las capas más bajas . </example>
        <example file="CESS-CAST-A/16182_20001121.tbf.xml" nodepath="4.0.1.1.1.2.2.0.0" sentencenodepath="4">El fracaso en la Liga_de_Campeones y las penurias por las que atraviesa el Barcelona en la Liga , algo que ha provocado cierto desencanto en la masa barcelonista y <argset><head>crispación </head><argument argument="arg1" function="cn" thematicrole="pat" type="sp">en sectores minoritarios</argument></argset>, está teniendo un calado muy diferente al que se produjo en anteriores temporadas , en las que el anterior técnico , Louis_van_Gaal , igual_que el ex presidente José_Luis_Núñez , fueron el centro de las críticas , después de los altibajos del equipo en ambas competiciones . </example>
        <example file="CESS-CAST-AA/21717_20000327.tbf.xml" nodepath="4.2.8.1.2.1.1.1.0.0" sentencenodepath="4">El presidente explicó que con esta disposición la directiva realista " da por finalizadas todo tipo de polémicas " para " evitar un clima de <argset><head>crispación </head></argset>en estos momentos tan complicados " . </example>
        <example file="CESS-CAST-AA/3121_20000605.tbf.xml" nodepath="6.1.0.2.7.5.3.1.2.1.0" sentencenodepath="6">En su editorial , Ø subraya que " esta nueva muerte acentúa todavía más el fatalismo " , porque " desgraciadamente todas las opciones democráticas han perdido protagonismo , el fatalismo crece en las calles del País_Vasco al_lado_del miedo y <argset><specifier>la</specifier><head>crispación </head></argset>" y Ø añade " con el asesinato de Jesús_María_Pedrosa ETA retoma la ofensiva contra el PP . El PP no había parado la_suya contra el PNV . Ahora Ø la intensificará que " . </example>
        <example file="CESS-CAST-P/30_20000903.tbf.xml" nodepath="20.2.2.5.5.1.0.2.1.0.0.0" sentencenodepath="20">El portavoz del Ejecutivo_de_Vitoria , Josu_Jon_Imaz , acusó a Aznar de lanzar un " mensaje basado en la confrontación y la ausencia de diálogo " , pero Ø aseguró que PNV y EA acudirán a sus respectivas reuniones con Mayor_Oreja dispuestos a buscar " espacios de entendimiento " , porque Ø no desean potenciar " mensajes de <argset><head>crispación </head>, fractura o división </argset>" . </example>
        <example file="CESS-CAST-P/47_20000602.tbf.xml" nodepath="5.2.1.1.1.1.2.1.1.0.1.3.1.0" sentencenodepath="5">El agrio rifirrafe vivido el miércoles en el Congreso fue la antesala de un nuevo barullo trufado de declaraciones que , cada día más , revelan <argset><specifier>una</specifier><head>crispación </head><reference_modifiers>que nadie parece querer reconducir</reference_modifiers></argset>. </example>
      </examples>
    </frame>
  </sense>
  <sense cousin="no" denotation="result" id="2" lexicalized="no" originlemma="crispar" originlink="verb.crispar.2" wordnetsynset="16:cs2">
    <frame appearsinplural="no" type="default">
      <specifiers>
        <constituent frequency="1" postype="article" type="determiner"/>
      </specifiers>
      <reference_modifiers>
        <constituent frequency="1" type="s.a"/>
      </reference_modifiers>
      <examples>
        <example file="CESS-CAST-P/51_20010102.tbf.xml" nodepath="0.3.3.2.1.0" sentencenodepath="0">El lehendakari Juan_José_Ibarretxe reclamó a todos los partidos , incluido el PNV , que Ø hagan una autocrítica y Ø abandonen <argset><specifier>la</specifier><head>crispación </head><reference_modifiers>actual</reference_modifiers></argset>. </example>
      </examples>
    </frame>
  </sense>
  <sense cousin="no" denotation="underspecified" id="3" lexicalized="no" originlemma="crispar" originlink="verb.crispar.2" wordnetsynset="16:cs2">
    <frame appearsinplural="no" type="default">
      <argument argument="arg1" thematicrole="tem">
        <constituent frequency="1" type="s.a"/>
      </argument>
      <specifiers>
        <constituent frequency="1" type="void"/>
      </specifiers>
      <examples>
        <example file="CESS-CAST-P/51_20010102.tbf.xml" nodepath="3.0.5.1.1.0.1.0.0" sentencenodepath="3">" La sociedad vasca no se merece el clima de <argset><head>crispación </head><argument argument="arg1" function="cn" thematicrole="tem" type="s.a">política</argument></argset>y de división que , con nuestra intolerancia , con nuestras descalificaciones y con la negativa permanente al diálogo , Ø estamos generando " , lamentó Ø . </example>
      </examples>
    </frame>
  </sense>
</lexentry>
