<?xml version="1.0" encoding="UTF-8" standalone="no"?>
<!-- 

  ancoralex-2.0.3
       
			Copyright (C) 2007,2008,2009,2010,2011 CLiC - UB
			Centre de Llenguatge i Computació - Universitat de Barcelona
 
  This file is part of ancoralex-2.0.3.
 
  ancoralex-2.0.3 is free software and data: you can redistribute it and/or modify
  it under the terms of the GNU General Public License as published
  by the Free Software Foundation, either version 3 of the License,
  or (at your option) any later version.

  ancoralex-2.0.3 is distributed in the hope that it will be useful,
  but WITHOUT ANY WARRANTY; without even the implied warranty of
  MERCHANTABILITY or FITNESS FOR A PARTICULAR PURPOSE.  See the
  GNU General Public License for more details.
 
  You should have received a copy of the GNU General Public License
  along with ancoralex-2.0.3.  If not, see &lt;http://www.gnu.org/licenses/&gt;.
 
  Check a text in catalan explaining the terms of the license at http://www.softcatala.cat/wiki/GPL3.
  In spanish at http://www.viti.es/gnu/licenses/gpl.html
  
  The following paper must be cited when using verb lexicon: 

 * Aparicio, Juan, Mariona Taulé, M.Antònia Martí (2008) 'AnCora-Verb: A Lexical Resource for 
   the Semantic Annotation of Corpora'. Proceedings of 6th International Conference on Language 
   Resources and Evaluation. Marrakesh (Morocco).

  The following paper must be cited when using noun lexicon: 

 * Peris, Aina, Mariona Taulé (2011). AnCora-Nom: A Spanish lexicon of deverbal nominalizations. 
   Procesamiento del Lenguaje Natural, nº46, pp. 11-18.
 
 

 

-->

<lexentry lemma="crítica" lng="es" origin="deverbal" type="noun">
  <sense cousin="no" denotation="result" id="1" lexicalized="no" originlemma="criticar" originlink="verb.criticar.1" wordnetsynset="16:05032854">
    <frame appearsinplural="yes" type="default">
      <argument argument="arg0" thematicrole="agt">
        <constituent frequency="9" preposition="de" type="sp"/>
        <constituent frequency="3" postype="possessive" type="determiner"/>
        <constituent frequency="2" type="sp"/>
        <constituent frequency="1" type="s.a"/>
      </argument>
      <argument argument="arg1" thematicrole="pat">
        <constituent frequency="3" type="s.a"/>
        <constituent frequency="8" preposition="a" type="sp"/>
        <constituent frequency="1" preposition="sobre" type="sp"/>
        <constituent frequency="2" preposition="contra" type="sp"/>
        <constituent frequency="1" preposition="de" type="sp"/>
      </argument>
      <argument argument="argM" thematicrole="cau">
        <constituent frequency="7" preposition="por" type="sp"/>
      </argument>
      <argument argument="argM" thematicrole="loc">
        <constituent frequency="1" preposition="en" type="sp"/>
      </argument>
      <specifiers>
        <constituent frequency="21" type="void"/>
        <constituent frequency="31" postype="article" type="determiner"/>
        <constituent frequency="5" postype="indefinite" type="determiner"/>
        <constituent frequency="1" postype="demonstrative" type="determiner"/>
        <constituent frequency="1" postype="p" type="determiner"/>
        <constituent frequency="3" postype="possessive" type="determiner"/>
      </specifiers>
      <reference_modifiers>
        <constituent frequency="7" type="S"/>
        <constituent frequency="1" type="S"/>
        <constituent frequency="17" type="s.a"/>
        <constituent frequency="2" type="sp"/>
      </reference_modifiers>
      <examples>
        <example file="3LB-CAST/111_C-2.tbf.xml" nodepath="9.0.4.1.1.1.1.1.0.0" sentencenodepath="9">El anterior CNE , elegido también por Miquilena , dimitió en pleno el pasado_lunes tras soportar una lluvia de <argset><head>críticas </head><argument argument="argM" function="cn" thematicrole="cau" type="sp">por su " falta de experiencia "</argument></argset>y a sus cinco miembros se les ha prohibido la salida del país , mientras Ø son investigados judicialmente por su comportamiento . </example>
        <example file="3LB-CAST/2000060111_5-1.tbf.xml" nodepath="11.0.1.1.1.0" sentencenodepath="11">Al reiterar <argset><specifier>las</specifier><head>críticas </head><reference_modifiers>que pronunció contra Stein ante la reunión del Consejo_Permanente_de_la_OEA</reference_modifiers></argset>, la embajadora peruana dijo que no se puede aceptar que las misiones observadoras se conviertan en instrumentos para avalar o no avalar procesos internos y rebatir la legislación interna . </example>
        <example file="3LB-CAST/a19-0.tbf.xml" nodepath="0.2.1.1.1.2.1.1.1.1.0.1.1.0.0" sentencenodepath="0">Ø Creo que el título más apropiado para una colección de artículos de <argset><head>crítica </head><argument argument="arg1" function="cn" thematicrole="pat" type="s.a">cinematográfica</argument></argset>es el que Guiliermo_Cabrera_Infante escogió para su libro " Un_oficio_del_siglo_XX " . </example>
        <example file="3LB-CAST/c1-5.tbf.xml" nodepath="10.3.4.4.1.1.1.1.1.1.0.2.0" sentencenodepath="10">Ø Les comunico que el Mendicutti ya está mucho mejor , bastante recuperado de la fase mustia de la ciclotimia , razonablemente japi por el comportamiento de <argset>público y <head>crítica </head>
          </argset>con su último buk ( Los_novios_búlgaros , por si alguien no se ha enterado ) y veri contento con el hijo honoriscausa que le acaba de nacer ; un hijo búlgaro , por_cierto , fíjense Ø qué casualidad . </example>
        <example file="3LB-CAST/r2-4.tbf.xml" nodepath="11.2.3.1.3.4.1.2.3.1.1.1.0" sentencenodepath="11">Los expertos en la lucha contra el terrorismo estiman que la actual oleada de cartas , remitidas a comienzos del pasado mes_de_mayo y firmadas por ETA , tienen un objetivo psicológico más_que económico : - Se trataría de amedrentar y sembrar el terror en la capital del Estado y desviar la atención hacia otro centro económico para evitar <argset><specifier>las</specifier><head>críticas </head><reference_modifiers>fundadas</reference_modifiers><reference_modifiers>que achacan a ETA la responsabilidad de la crisis económica en el País_Vasco</reference_modifiers></argset>- . </example>
        <example file="3LB-CAST/r2-9.tbf.xml" nodepath="6.0.2.1.0" sentencenodepath="6">NOS GUSTA <argset><specifier>La</specifier><head>CRÍTICA </head><reference_modifiers>FEROZ</reference_modifiers></argset>, pero tal_vez Ø ignoremos cuál es la resistencia del material y si esto puede irse al infierno si se abusa de la sátira . </example>
        <example file="CESS-CAST-A/10242_20000816.tbf.xml" nodepath="11.2.0.0" sentencenodepath="11">Kennedy lanzó <argset><head>críticas </head></argset>contra los republicanos que en el Congreso se oponen a la extensión del servicio de salud para todos los estadounidenses , una vieja reclamación suya . </example>
        <example file="CESS-CAST-A/12375_20000119.tbf.xml" nodepath="17.2.0.1.1.0.0" sentencenodepath="17">Budisa , por su parte , ha sido objeto de <argset><head>críticas </head><argument argument="argM" function="cn" thematicrole="cau" type="sp">por acceder en varias ocasiones a " colaborar " con Tudjman , echando a perder los esfuerzos opositores para la democratización del país</argument></argset>. </example>
        <example file="CESS-CAST-A/13810_20000617.tbf.xml" nodepath="5.2.5.0.1" sentencenodepath="5">Ø Añade que " asuntos como el derecho de veto que otorga la acción de oro o las actitudes del Gobierno cuando Ø se envuelve en la bandera de la soberanía nacional han merecido en las últimas semanas <argset><reference_modifiers>fuertes</reference_modifiers><head>críticas </head><argument argument="arg0" function="cn" thematicrole="agt" type="sp">de analistas y observadores internacionales</argument></argset>" . </example>
        <example file="CESS-CAST-A/15392_20001220.tbf.xml" nodepath="2.0.1.1.0" sentencenodepath="2">Frente_a <argset><specifier>las</specifier><head>críticas </head><argument argument="arg0" function="cn" thematicrole="agt" type="sp">de una parte de los trabajadores</argument></argset>, Ø recordó que la operación , que está sometida a la autorización de las autoridades europeas de la competencia prevista para febrero próximo , se hizo con el beneplácito del presidente de SNET , André_Sainjon . </example>
        <example file="CESS-CAST-A/15630_20001120.tbf.xml" nodepath="11.0.5.1.1.3.2.0.1.1.0" sentencenodepath="11">No_obstante , Ø se refirió de_nuevo a las coincidencias " tan expresivas " entre ETA y los actuales dirigentes del PNV , entre ellas <argset><argument argument="arg0" thematicrole="agt" type="spec">sus</argument><head>críticas </head><argument argument="arg1" function="cn" thematicrole="pat" type="sp">a los medios de comunicación</argument></argset>, y Ø dijo que Ø es una cuestión que compete explicar a los responsables de ese partido . </example>
        <example file="CESS-CAST-A/16182_20001121.tbf.xml" nodepath="4.2.1.1.1.1.1.0.0.3.1.0.2.4.1.1.1.1.0" sentencenodepath="4">El fracaso en la Liga_de_Campeones y las penurias por las que atraviesa el Barcelona en la Liga , algo que ha provocado cierto desencanto en la masa barcelonista y crispación en sectores minoritarios , está teniendo un calado muy diferente al que se produjo en anteriores temporadas , en las que el anterior técnico , Louis_van_Gaal , igual_que el ex presidente José_Luis_Núñez , fueron el centro de <argset><specifier>las</specifier><head>críticas </head></argset>, después de los altibajos del equipo en ambas competiciones . </example>
        <example file="CESS-CAST-A/16182_20001121.tbf.xml" nodepath="5.2.3.2.1.0" sentencenodepath="5">En el seno de la directiva barcelonista se ha reemplazado el silencio por el diálogo y las apariciones públicas , con_el_propósito_de no resquebrajar aún más el ánimo del barcelonismo , pero ello no ha escondido , a_tenor_de <argset><specifier>las</specifier><head>críticas </head><reference_modifiers>que se recogen en los medios</reference_modifiers></argset>, que existe un manifiesto desencanto por el futuro que pueda correr el Barcelona esta temporada , tras una planificación que no ha sido del_todo aplaudida por la masa social . </example>
        <example file="CESS-CAST-A/16223_20001020.tbf.xml" nodepath="2.0.0.0.1.1.1.0" sentencenodepath="2">Preguntado por <argset><specifier>las</specifier><head>críticas </head><argument argument="arg0" function="cn" thematicrole="agt" type="sp">del presidente del PSC , Pasqual_Maragall ,</argument><argument argument="arg1" function="cn" thematicrole="pat" type="sp">a que se trasvase del Ebro a las comarcas de sur de la Comunidad_Valenciana porque " derrochan " agua ,</argument></argset>Pla dijo que Ø " comparto la idea de que Ø tenemos que plantear una solución " a estas comarcas " que vaya vinculada no_sólo al aprovechamiento del trasvase del agua del Ebro " . </example>
        <example file="CESS-CAST-A/17715_20001022.tbf.xml" nodepath="4.2.2.1.0" sentencenodepath="4">La presidenta del FPOE defendió , por_otro_lado , la intención de su partido de convertir a los extranjeros y la inmigración en tema central de la campaña electoral de su formación política para las elecciones a la Alcaldía_de_Viena y Ø rechazó <argset><specifier>toda</specifier><head>crítica </head></argset>al_respecto . </example>
        <example file="CESS-CAST-A/19061_20000426.tbf.xml" nodepath="2.2.1.0" sentencenodepath="2">El magistrado vierte <argset><specifier>esta</specifier><head>crítica </head></argset>en una sentencia en la que Ø condena al conductor de un cuadriciclo ligero ( vehículo que no puede desarrollar más de 45 km/h , de chasis ligero y con una potencia no superior a 50 centímetros cúbicos ) por accidentarse cuando Ø iba en estado ebrio , concretamente con una tasa de alcohol en la sangre cuatro veces superior a la permitida . </example>
        <example file="CESS-CAST-AA/19336_20000623.tbf.xml" nodepath="13.3.1.1" sentencenodepath="13">A_la_espera_de que se oficialice o no el levantamiento de la sanción , la prueba de confianza dada hoy por la Federación germana ha levantado <argset><specifier>las</specifier><reference_modifiers>primeras</reference_modifiers><head>críticas </head></argset>. </example>
        <example file="CESS-CAST-AA/19771_20000127.tbf.xml" nodepath="0.3.3.1.2.2.2.3.1.0.0.1" sentencenodepath="0">El ministro de Trabajo_y_Asuntos_Sociales , Manuel_Pimentel , opinó hoy que el posible pacto entre el PSOE e IU hay que verlo como " una operación política , que no me parece para <argset><reference_modifiers>mayor</reference_modifiers><head>crítica </head>ni halago </argset>sino_que está en su libre autonomía y por_tanto respeto democrático " . </example>
        <example file="CESS-CAST-AA/23030_20000228.tbf.xml" nodepath="2.6.1.1.1.0.0" sentencenodepath="2">Además_de desatar un incidente diplomático en el mundo árabe , con ese desliz Jospin se ha granjeado en casa un torrente de <argset><head>críticas </head><reference_modifiers>también sin precedentes</reference_modifiers></argset>desde su llegada al poder , en julio_de_1997 . </example>
        <example file="CESS-CAST-AA/26133_20000930.tbf.xml" nodepath="13.2.4.1.1.2.4.1.1.0.1" sentencenodepath="13">Algunos observadores opinan que hasta el ultranacionalista Vojislav_Seselj y su Partido_Radical_Serbio ( SRS ) quitará el apoyo a los izquierdistas , sus aliados formales en el Gobierno , de los que al_parecer Ø ha empezado a distanciarse al dirigirles <argset><reference_modifiers>duras</reference_modifiers><head>críticas </head></argset>. </example>
        <example file="CESS-CAST-AA/3589_20000405.tbf.xml" nodepath="0.3.0.1" sentencenodepath="0">La oposición cristianodemócrata cosechó hoy <argset><reference_modifiers>duras</reference_modifiers><head>críticas </head><argument argument="arg0" function="cn" thematicrole="agt" type="sp">de los partidos de la coalición gubernamental , socialdemócratas y verdes</argument></argset>, al abogar abiertamente por una división de Kosovo . </example>
        <example file="CESS-CAST-AA/3784_20000806.tbf.xml" nodepath="9.0.2.1.0" sentencenodepath="9">En la Coalición_de_Gobierno abundan <argset><specifier>las</specifier><head>criticas </head><argument argument="arg1" function="cn" thematicrole="pat" type="sp">al presidente</argument><argument argument="argM" function="cn" thematicrole="cau" type="sp">por tomar decisiones ignorando la voluntad política del resto de los partidos que la integran</argument></argset>, y algunos ministros han manifestado abiertamente sentirse desmoralizados a_causa_de sus comentarios contradictorios . </example>
        <example file="CESS-CAST-AA/3976_20000108.tbf.xml" nodepath="15.4.2.3.1.0.0" sentencenodepath="15">Mahuad tendrá este fin de semana una tregua de los movimientos sociales y de la oposición que han anunciado que Ø centrarán <argset><argument argument="arg0" thematicrole="agt" type="spec">sus</argument><head>críticas </head>y protestas </argset>a_partir_de la próxima semana . </example>
        <example file="CESS-CAST-AA/6296_20001109.tbf.xml" nodepath="7.6.1.1.1.1.1.1.1.0" sentencenodepath="7">Para contrarrestar esta campaña , Estrada ha convocado para el próximo Sábado al pueblo filipino en el parque de Rizal , el mayor de Manila , en un intento de hacer_frente a <argset><specifier>las</specifier><head>críticas </head></argset>. </example>
        <example file="CESS-CAST-AA/6552_20000810.tbf.xml" nodepath="2.0.1.0.0.1.1.0" sentencenodepath="2">" En_cuanto_a <argset><specifier>las</specifier><head>críticas </head><argument argument="arg1" function="cn" thematicrole="pat" type="sp">sobre mi estilo de gestionar</argument></argset>, Ø las puedo entender y Ø asignaré a la Vicepresidenta para que Ø se encargue de las tareas cotidianas de gestión . Ø Preparará la agenda del gabinete y Ø establecerá las prioridades " , declaró Wahid . </example>
        <example file="CESS-CAST-AA/6552_20000810.tbf.xml" nodepath="6.2.1.0" sentencenodepath="6">El estilo personal de Wahid y su incapacidad de resolver los problemas económicos , además_de la violencia sectaria que sacude las islas Molucas , que ha causado la muerte de miles de personas , y el separatismo en Aceh e Irian_Jaya , han provocado <argset><specifier>las</specifier><head>críticas </head><argument argument="arg0" function="cn" thematicrole="agt" type="sp">del Parlamento</argument></argset>en los últimos meses . </example>
        <example file="CESS-CAST-AA/8684_20001011.tbf.xml" nodepath="11.2.0.1.1.0.3.3.1.1.2.1.1.1.1.2.3.0.1" sentencenodepath="11">Segura es miembro del centro izquierdista Partido_de_la_Revolución_Democrática ( PRD ) que le ha hecho diversos homenajes , entre ellos un reconocimiento de la alcaldesa de la Ciudad_de_México , que lanzó <argset><reference_modifiers>duras</reference_modifiers><head>críticas </head><argument argument="arg1" function="cn" thematicrole="pat" type="sp">contra los dirigentes deportivos que no defendieron su triunfo en Sydney</argument></argset>. </example>
        <example file="CESS-CAST-AA/9155_20000712.tbf.xml" nodepath="9.5.2.1.1.1.0.0.0" sentencenodepath="9">García ha solicitado repetidamente a la prensa y a la afición del país apoyo y paciencia , ante la oleada de <argset><head>críticas </head>y encuestas con resultados en su contra , las cuales advierten que Colombia no_sólo ha jugado de manera mezquina y Ø ha perdido la identidad futbolística , sino_que Ø debe cambiar de técnico si los resultados son negativos contra Perú y Ecuador </argset>. </example>
        <example file="CESS-CAST-AA/9408_20001113.tbf.xml" nodepath="6.3.4.5.2.1.1.0" sentencenodepath="6">En_cuanto_a la etiqueta de ' entrenador de moda ' que Ø le han colocado , tras ser el Pamesa líder invicto de la ACB y sonar su nombre como candidato a seleccionador nacional , Casimiro apuntó que " me gustan los halagos , pero Ø tampoco les hago mucho caso , al_igual_que a <argset><specifier>las</specifier><head>críticas </head></argset>" . </example>
        <example file="CESS-CAST-P/108_20000702.tbf.xml" nodepath="3.0.1.1.1.0" sentencenodepath="3">Tras dedicar <argset><specifier>diversas</specifier><head>críticas </head></argset>a los políticos , Ø invitó a pasar de las palabras a los hechos en todo aquello vinculado con el medio_ambiente . </example>
        <example file="CESS-CAST-P/112_19981202.tbf.xml" nodepath="6.0.2.1.1.2.2.1.1.1.1.0" sentencenodepath="6">Núñez responsabilizó a los medios de comunicación , con la dureza de <argset><argument argument="arg0" thematicrole="agt" type="spec">sus</argument><head>críticas </head><reference_modifiers>sistemáticas</reference_modifiers><argument argument="arg1" function="cn" thematicrole="pat" type="sp">a Van_Gaal</argument></argset>, de la respuesta negativa que han tenido los socios del Barça , y Ø mantiene su fe en el entrenador , al que Ø cree capaz de remontar la situación adversa y reconducir al equipo hacia la buena dirección . </example>
        <example file="CESS-CAST-P/114_20000401.tbf.xml" nodepath="41.3.1.0" sentencenodepath="41">En este sentido , Ø achacó <argset><specifier>las</specifier><head>críticas </head><argument argument="arg1" function="cn" thematicrole="pat" type="sp">contra los arbitrajes</argument></argset>al deseo " de querer ocultar sus errores y la mala temporada que Ø están haciendo " . </example>
        <example file="CESS-CAST-P/117_19981201.tbf.xml" nodepath="2.2.3.1.1.0" sentencenodepath="2">El malestar se generaliza y ahora todos los medios coinciden en <argset><specifier>las</specifier><head>críticas </head></argset>. </example>
        <example file="CESS-CAST-P/117_19981201.tbf.xml" nodepath="25.5.1.1.0" sentencenodepath="25">El presidente de la Generalitat , Jordi_Pujol , se sumó ayer veladamente a <argset><specifier>las</specifier><head>críticas </head></argset>en su aparición , desde la Casa_dels_Canonges , en el programa El_Día_Después de Canal_+ . </example>
        <example file="CESS-CAST-P/122_19990202.tbf.xml" nodepath="3.2.3.1.1.1.1" sentencenodepath="3">El cerco sobre Juan_Antonio_Samaranch es cada vez más insistente , y el presidente del Comité_Olímpico_Internacional ( COI ) recurre a todas las armas a su alcance para rebatir <argset><specifier>las</specifier><reference_modifiers>persistentes</reference_modifiers><head>críticas </head><reference_modifiers>que le llegan , sobre_todo desde los medios anglosajones , que exigen su dimisión</reference_modifiers></argset>. </example>
        <example file="CESS-CAST-P/125_20020301.tbf.xml" nodepath="1.0.3.1.1.0" sentencenodepath="1">En declaraciones a Europa_Press , Millàs consideró que <argset><specifier>las</specifier><head>críticas </head><argument argument="arg0" function="cn" thematicrole="agt" type="sp">del sector renovador</argument></argset>son un " ataque " contra su persona , pero , aun así , Ø dijo haber propuesto a Porta la confección de una candidatura única " siempre_y_cuando haya voluntad " por ambas partes . </example>
        <example file="CESS-CAST-P/125_20020301.tbf.xml" nodepath="9.0.2.3.1.0" sentencenodepath="9">Ø Apuntó que Ø asume <argset><specifier>las</specifier><head>críticas </head><argument argument="arg0" function="cn" thematicrole="agt" type="sp">de la oposición</argument></argset>" deportivamente " y Ø agregó : " Ø No sé qué gran pecado Ø he hecho para merecer todo esto y Ø puede ser que me decapite yo mismo ; así , trabajo hecho " . </example>
        <example file="CESS-CAST-P/12_19990401.tbf.xml" nodepath="0.0.0.0" sentencenodepath="0"><argset><head>Críticas </head><argument argument="argM" function="cn" thematicrole="loc" type="sp">en la televisión</argument><reference_modifiers>que atentan a su natural y agresiva timidez</reference_modifiers></argset>. </example>
        <example file="CESS-CAST-P/136_20001001.tbf.xml" nodepath="45.0.2.4.1.1" sentencenodepath="45">Que Alex viva un momento de gloria con La_comunidad en Estados_Unidos y que el New_York_Times le haga <argset><specifier>una</specifier><reference_modifiers>buena</reference_modifiers><head>crítica </head></argset>. </example>
        <example file="CESS-CAST-P/140_20011102.tbf.xml" nodepath="0.4.1.1.0" sentencenodepath="0">Ø Aterrizó en la emergente nueva narrativa española a_mediados_de los años_80 mientras <argset><specifier>la</specifier><head>crítica </head></argset>se apresuraba a darle denominación de origen . </example>
        <example file="CESS-CAST-P/140_20011102.tbf.xml" nodepath="4.5.2.2.8.1.1" sentencenodepath="4">" Ø Quería escribir una novela - - dice Ø - - que pudiera leer todo el mundo , en la que hubiera humor , amor , ternura , cultura y <argset><specifier>una</specifier><reference_modifiers>ácida</reference_modifiers><head>crítica </head><argument argument="arg1" function="cn" thematicrole="pat" type="sp">de este mundo , en el que como dice mi protagonista falta alma</argument></argset>" . </example>
        <example file="CESS-CAST-P/140_20011102.tbf.xml" nodepath="8.3.0.1.0" sentencenodepath="8">" A mí me Ø han hecho grandes elogios y Ø me han insultado . <argset><specifier>Las</specifier><head>críticas </head><reference_modifiers>, totalmente azarosas ,</reference_modifiers></argset>afectan a los escritores porque Ø son el primer contacto que Ø tenemos con la realidad " . </example>
        <example file="CESS-CAST-P/141_19990302.tbf.xml" nodepath="4.2.2.2.0.0" sentencenodepath="4">Jordi_González , director y presentador del programa , justificó ayer plenamente la decisión de permitir que se cumpliera la gran ilusión de Gorka y Ø afirmó no haber recibido <argset><head>crítica </head><reference_modifiers>alguna</reference_modifiers><argument argument="arg0" function="cn" thematicrole="agt" type="sp">de la dirección de TV-3</argument><argument argument="argM" function="cn" thematicrole="cau" type="sp">por haber accedido a satisfacer un capricho tan peculiar con el dinero de una tele pública</argument></argset>. </example>
        <example file="CESS-CAST-P/145_20011202_a.tbf.xml" nodepath="18.3.1.1.1.2.1.1.0" sentencenodepath="18">A un año de las elecciones , Blatter logró aplacar la crisis , acentuada por <argset><specifier>las</specifier><head>críticas </head><argument argument="arg0" function="cn" thematicrole="agt" type="sp">de la UEFA y de su gran enemigo , Lennart_Johansson , con el que también ha logrado reconciliarse en los últimos meses</argument></argset>. </example>
        <example file="CESS-CAST-P/34_20000903.tbf.xml" nodepath="19.2.0.2.1.0" sentencenodepath="19">El parlamentario Joseba_Arregi , los hermanos Guevara y hasta Iñaki_Anasagasti han levantado la voz , pero Arzalluz ha acallado <argset><specifier>las</specifier><head>críticas </head></argset>de forma abrupta : " Donde hay patrón no manda marinero " . </example>
        <example file="CESS-CAST-P/34_20010502.tbf.xml" nodepath="0.0.3.1.1.0" sentencenodepath="0">El presidente mexicano , Vicente_Fox , reaccionó ayer a <argset><specifier>las</specifier><head>críticas </head><argument argument="arg0" function="cn" thematicrole="agt" type="s.a">zapatistas</argument></argset>, Ø reconoció que la reforma constitucional aprobada por el Congreso " deja a un lado " buena parte de la iniciativa que él envió al Senado y Ø pidió " realizar los ajustes necesarios para profundizar en los avances " . </example>
        <example file="CESS-CAST-P/36_19990901.tbf.xml" nodepath="1.2.4.1.0" sentencenodepath="1">Herri_Batasuna afirma que los peneuvistas deben aceptar con deportividad <argset><specifier>las</specifier><head>críticas </head><argument argument="arg0" function="cn" thematicrole="agt" type="sp">de la banda</argument></argset>. </example>
        <example file="CESS-CAST-P/36_19990901.tbf.xml" nodepath="3.2.4.3.1.0" sentencenodepath="3">Ibarretxe sostuvo que el debate en el ámbito privado va mejor de lo que trasciende al público , mientras_que la coalición radical animó al PNV a que Ø acepte los reproches de ETA " con deportividad " , porque " <argset><specifier>la</specifier><head>crítica </head><argument argument="arg1" function="cn" thematicrole="pat" type="s.a">política</argument></argset>es sana " . </example>
        <example file="CESS-CAST-P/36_19990901.tbf.xml" nodepath="15.5.1.1.1.0" sentencenodepath="15">En cualquier caso , Ø recomendó al PNV " más deportividad " para asumir <argset><specifier>las</specifier><head>críticas </head><reference_modifiers>, " que en política siempre vienen bien "</reference_modifiers></argset>. </example>
        <example file="CESS-CAST-P/46_19981102.tbf.xml" nodepath="2.2.0.0" sentencenodepath="2">Los primeros pasos de la policía catalana levantaron <argset><head>críticas </head><reference_modifiers>, incluso procedentes de otros cuerpos ,</reference_modifiers></argset>por su " inexperiencia " . </example>
        <example file="CESS-CAST-P/46_19981102.tbf.xml" nodepath="13.2.2.1.0" sentencenodepath="13">En aquel momento , el director general , Xavier_Martorell , calificó de " aislados y reprobables " estos hechos y Ø rechazó <argset><specifier>las</specifier><head>críticas </head><argument argument="argM" function="cn" thematicrole="cau" type="sp">por la mala formación de los agentes</argument></argset>. </example>
        <example file="CESS-CAST-P/51_20010102.tbf.xml" nodepath="12.2.1.0.0" sentencenodepath="12">Los partidos de la oposición respondieron con <argset><head>críticas </head></argset>al discurso de Ibarretxe , a quien Ø reprocharon que Ø no aprovechara esa oportunidad para anunciar elecciones anticipadas . </example>
        <example file="CESS-CAST-P/52_19990901.tbf.xml" nodepath="5.0.3.0.0" sentencenodepath="5">Narbona tampoco ahorró <argset><head>críticas </head><reference_modifiers>a Tocino</reference_modifiers></argset>: " Ø Ocupa el último lugar en las encuestas de popularidad por su incapacidad para resolver un problema primordial como las restricciones de agua , que ya afectan a 150.000 españoles " . </example>
        <example file="CESS-CAST-P/53_20000202.tbf.xml" nodepath="3.3.1.1.0" sentencenodepath="3">Para esta labor de atracción de votantes de CiU , los estrategas populares han recomendado evitar <argset><specifier>las</specifier><head>críticas </head><reference_modifiers>excesivamente viscerales</reference_modifiers></argset>. </example>
        <example file="CESS-CAST-P/56_20000801_k.tbf.xml" nodepath="1.3.2.1.0.0" sentencenodepath="1">Los últimos vecinos de los pisos situados en los números 2 , 4 , y 6 de la avenida de Can_Bordoll del barrio de Can_Roqueta de Sabadell , declarados en estado de ruina , fueron desalojados ayer por la mañana , sin resistencia , pero con <argset><head>críticas </head><argument argument="arg1" function="cn" thematicrole="pat" type="sp">a la actuación del ayuntamiento , que inició inmediatamente el derribo de los edificios</argument></argset>. </example>
        <example file="CESS-CAST-P/67_19990901.tbf.xml" nodepath="8.3.0.1" sentencenodepath="8">Barbie , pese_a su éxito , ha sufrido <argset><reference_modifiers>fuertes</reference_modifiers><head>críticas </head><argument argument="argM" function="cn" thematicrole="cau" type="sp">por mantener ciertos estereotipos tanto racistas como machistas</argument></argset>, dadas sus marcadas curvas y su TALLA imposible . </example>
        <example file="CESS-CAST-P/73_20000201_e.tbf.xml" nodepath="0.2.0.0" sentencenodepath="0">La restricción nocturna de los vuelos en Barajas genera <argset><head>críticas </head></argset>. </example>
        <example file="CESS-CAST-P/74_20000903.tbf.xml" nodepath="9.3.2.1.0" sentencenodepath="9">Ø También quiso puntualizar ayer <argset><specifier>las</specifier><head>críticas </head><argument argument="arg1" function="cn" thematicrole="pat" type="sp">a la afición del Espanyol</argument><reference_modifiers>que hizo antes y después del partido de vuelta de la Supercopa frente_al Deportivo</reference_modifiers></argset>. </example>
        <example file="CESS-CAST-P/84_19990902.tbf.xml" nodepath="2.3.1.1.0" sentencenodepath="2">El presidente de la Generalitat , Jordi_Pujol , respondió ayer a <argset><specifier>todas las</specifier><head>críticas </head><argument argument="arg1" function="cn" thematicrole="pat" type="sp">a la paga extra para los perceptores de pensiones no contributivas</argument></argset>con el argumento de que lo importante de esta medida no era la cantidad , sino su impacto político y el cambio que Ø ha provocado en la actitud del Gobierno de José_María_Aznar sobre la subida de todas las pensiones mínimas . </example>
        <example file="CESS-CAST-P/84_20020401.tbf.xml" nodepath="6.3.1.1.2.1.0.1.1.0.1.1.1.0" sentencenodepath="6">La corrida se inició guardando un minuto de silencio en recuerdo del compañero de <argset><specifier>la</specifier><head>crítica </head><argument argument="arg1" function="cn" thematicrole="pat" type="s.a">taurina</argument></argset>Ricardo_Romero , fallecido el viernes_29 en Barcelona . </example>
        <example file="CESS-CAST-P/91_19990701.tbf.xml" nodepath="0.0.0.1" sentencenodepath="0"><argset><reference_modifiers>Fuertes</reference_modifiers><head>críticas </head><argument argument="arg1" function="cn" thematicrole="pat" type="sp">al nombramiento de CiU y de los socialistas europeos</argument></argset>. </example>
        <example file="CESS-CAST-P/91_20020402.tbf.xml" nodepath="0.3.1.1.0" sentencenodepath="0">Parques_y_Jardines acometió las obras tras <argset><specifier>las</specifier><head>críticas </head><argument argument="arg0" function="cn" thematicrole="agt" type="sp">de los vecinos y de la oposición</argument><argument argument="argM" function="cn" thematicrole="cau" type="sp">por la degradación del complejo de Sants</argument></argset>. </example>
      </examples>
    </frame>
  </sense>
  <sense cousin="no" denotation="event" id="2" lexicalized="no" originlemma="criticar" originlink="verb.criticar.1" wordnetsynset="16:05032854">
    <frame appearsinplural="no" type="default">
      <argument argument="arg0" thematicrole="agt">
        <constituent frequency="1" postype="possessive" type="determiner"/>
      </argument>
      <examples>
        <example file="CESS-CAST-AA/5522_20000307.tbf.xml" nodepath="2.2.1.1.3.5.1.1.0" sentencenodepath="2">Esa opinión fue respaldada por el gobernador de Río_de_Janeiro , Anthony_Garotinho , quien incluso fue un poco más allá en <argset><argument argument="arg0" thematicrole="agt" type="spec">su</argument><head>crítica </head></argset>al comentar que el carnaval que se organiza en Sao_Paulo es " más aburrido que un desfile militar y Ø no tiene ninguna gracia " . </example>
      </examples>
      <specifiers>
        <constituent frequency="1" postype="possessive" type="determiner"/>
      </specifiers>
    </frame>
  </sense>
</lexentry>
