<?xml version="1.0" encoding="UTF-8" standalone="no"?>
<!-- 

  ancoralex-2.0.3
       
			Copyright (C) 2007,2008,2009,2010,2011 CLiC - UB
			Centre de Llenguatge i Computació - Universitat de Barcelona
 
  This file is part of ancoralex-2.0.3.
 
  ancoralex-2.0.3 is free software and data: you can redistribute it and/or modify
  it under the terms of the GNU General Public License as published
  by the Free Software Foundation, either version 3 of the License,
  or (at your option) any later version.

  ancoralex-2.0.3 is distributed in the hope that it will be useful,
  but WITHOUT ANY WARRANTY; without even the implied warranty of
  MERCHANTABILITY or FITNESS FOR A PARTICULAR PURPOSE.  See the
  GNU General Public License for more details.
 
  You should have received a copy of the GNU General Public License
  along with ancoralex-2.0.3.  If not, see &lt;http://www.gnu.org/licenses/&gt;.
 
  Check a text in catalan explaining the terms of the license at http://www.softcatala.cat/wiki/GPL3.
  In spanish at http://www.viti.es/gnu/licenses/gpl.html
  
  The following paper must be cited when using verb lexicon: 

 * Aparicio, Juan, Mariona Taulé, M.Antònia Martí (2008) 'AnCora-Verb: A Lexical Resource for 
   the Semantic Annotation of Corpora'. Proceedings of 6th International Conference on Language 
   Resources and Evaluation. Marrakesh (Morocco).

  The following paper must be cited when using noun lexicon: 

 * Peris, Aina, Mariona Taulé (2011). AnCora-Nom: A Spanish lexicon of deverbal nominalizations. 
   Procesamiento del Lenguaje Natural, nº46, pp. 11-18.
 
 

 

-->

<lexentry lemma="cruce" lng="es" origin="deverbal" type="noun">
  <sense cousin="no" denotation="result" id="1" lexicalized="no" originlemma="cruzar" originlink="verb.cruzar.1" wordnetsynset="16:cs1">
    <frame appearsinplural="yes" type="default">
      <argument argument="arg1" thematicrole="tem">
        <constituent frequency="3" preposition="de" type="sp"/>
      </argument>
      <argument argument="argM" thematicrole="loc">
        <constituent frequency="1" preposition="en" type="sp"/>
      </argument>
      <argument argument="argM" thematicrole="adv">
        <constituent frequency="1" preposition="ante" type="sp"/>
        <constituent frequency="2" preposition="entre" type="sp"/>
      </argument>
      <specifiers>
        <constituent frequency="3" postype="article" type="determiner"/>
        <constituent frequency="2" type="void"/>
        <constituent frequency="2" postype="indefinite" type="determiner"/>
      </specifiers>
      <reference_modifiers>
        <constituent frequency="1" type="s.a"/>
        <constituent frequency="3" type="S"/>
      </reference_modifiers>
      <examples>
        <example file="CESS-CAST-A/12221_20000215.tbf.xml" nodepath="0.5.1.1.1" sentencenodepath="0">El sorteo de la Copa_del_Rey que se disputará del 6 al 9_de_abril en tierras aragonesas , ha suscitado cierto malestar en el seno del Caja_España_Ademar , más que por el emparejamiento de cuartos_de_final ante el Airtel_Valencia , por <argset><specifier>el</specifier><reference_modifiers>posible</reference_modifiers><head>cruce </head><argument argument="argM" function="cn" thematicrole="loc" type="sp">en semifinales</argument><argument argument="argM" function="cn" thematicrole="adv" type="sp">ante el FC_Barcelona</argument></argset>. </example>
        <example file="CESS-CAST-AA/9408_20001113.tbf.xml" nodepath="8.4.0.1.1.2.1.0.0" sentencenodepath="8">En_cuanto_al futuro de su equipo en la Copa_Saporta , donde Ø ocupa la tercera plaza con dos triunfos y dos derrotas , Ø se mostró optimista en poder alcanzar una buena clasificación en su grupo y evitar <argset><head>cruces </head><reference_modifiers>complicados</reference_modifiers></argset>, aunque Ø señaló que Ø tampoco deben fijarse demasiado en los posibles rivales de la siguiente ronda . </example>
        <example file="CESS-CAST-P/125_20020301.tbf.xml" nodepath="11.2.1.0" sentencenodepath="11">La presentación de la candidatura de Porta la semana pasada desató <argset><specifier>un</specifier><head>cruce </head><argument argument="arg1" function="cn" thematicrole="tem" type="sp">de acusaciones entre ambos candidatos</argument><reference_modifiers>que puso_de_manifiesto la existencia de una fuerte división en esta institución histórica catalana</reference_modifiers></argset>. </example>
        <example file="CESS-CAST-P/19_19990602_c.tbf.xml" nodepath="0.2.4.1.1.1.4.1.1.0.1.0.0" sentencenodepath="0">Los citados Mitch ya no saben qué hacer para que Ø aparquemos las motos y Ø cojamos el coche ( con la consiguiente masificación de la N-340 ) , sino_que ahora Ø se dedican a multarnos por llevar la luz de posición encendida durante el día en_lugar_de la de <argset><head>cruce </head></argset>. </example>
        <example file="CESS-CAST-P/21_20000601_b.tbf.xml" nodepath="3.5.1.1.0" sentencenodepath="3">¿ Cómo podrá circular Ø por la Diagonal con <argset><specifier>todos los</specifier><head>cruces </head><reference_modifiers>que se encontrará a su paso</reference_modifiers></argset>? . </example>
        <example file="CESS-CAST-P/71_19991201_e.tbf.xml" nodepath="0.2.1.0" sentencenodepath="0">Protección_de_Datos vigilará <argset><specifier>el</specifier><head>cruce </head><argument argument="arg1" function="cn" thematicrole="tem" type="sp">de ficheros</argument><argument argument="argM" function="cn" thematicrole="adv" type="sp">entre aseguradoras</argument></argset>. </example>
        <example file="CESS-CAST-P/71_19991201_e.tbf.xml" nodepath="2.2.1.0" sentencenodepath="2">La normativa , recientemente aprobada por el Congreso_de_los_Diputados , consiente <argset><specifier>el</specifier><head>cruce </head><argument argument="arg1" function="cn" thematicrole="tem" type="sp">de datos</argument><argument argument="argM" function="cn" thematicrole="adv" type="sp">entre aseguradoras</argument></argset>. </example>
      </examples>
    </frame>
  </sense>
  <sense cousin="no" denotation="underspecified" id="2" lexicalized="no" originlemma="cruzar" originlink="verb.cruzar.1" wordnetsynset="16:00870405+16:cs1+16:02864766">
    <frame appearsinplural="no" type="default">
      <argument argument="arg1" thematicrole="tem">
        <constituent frequency="2" preposition="de" type="sp"/>
      </argument>
      <argument argument="argM" thematicrole="adv">
        <constituent frequency="1" preposition="con" type="sp"/>
      </argument>
      <argument argument="argM" thematicrole="loc">
        <constituent frequency="1" preposition="frente_al" type="sp"/>
      </argument>
      <specifiers>
        <constituent frequency="1" type="void"/>
        <constituent frequency="1" postype="demonstrative" type="determiner"/>
        <constituent frequency="1" postype="article" type="determiner"/>
      </specifiers>
      <examples>
        <example file="3LB-CAST/t3-2.tbf.xml" nodepath="2.0.4.2.3.1.1.1.1.1.0.0" sentencenodepath="2">Volver a la habitación , naufragar en una soledad gris a la espera del milagro del sol , deambular por una ciudad demasiado vista , sin otro objetivo que contemplar los resultados del <argset><head>cruce </head><argument argument="arg1" function="cn" thematicrole="tem" type="sp">de negra e hindú , hindú y holandés , holandés y negra , español e hindú , mulata e hindú , holandesa y mulato , todas las combinaciones raciales que según los prospectos turísticos convertían a Trinidad en un escaparate de la confusión de las razas tan espléndido como la playa de Copacabana</argument></argset>. </example>
        <example file="CESS-CAST-A/12221_20000215.tbf.xml" nodepath="3.4.5.6.1.1.0" sentencenodepath="3">En_cuanto_a la hipotética semifinal que podría enfrentarles al FC_Barcelona - si ambos equipos vencen , los catalanes al Ciudad_Real - Cadenas reconoce que Ø resultaría " muy duro , porque si se logra vencer al equipo catalán se saldrá muy tocado de <argset><specifier>este</specifier><head>cruce </head></argset>para afrontar la final en una plantilla tan corta como la del Ademar " . </example>
        <example file="CESS-CAST-P/79_19990302.tbf.xml" nodepath="2.0.1.1.3.1.1.0" sentencenodepath="2">El accidente que causó la muerte de una niña en <argset><specifier>el</specifier><head>cruce </head><argument argument="arg1" function="cn" thematicrole="tem" type="sp">de la calle de Aragó</argument><argument argument="argM" function="cn" thematicrole="adv" type="sp">con el paseo de Gràcia</argument><argument argument="argM" function="cn" thematicrole="loc" type="sp">, frente_al antiguo Fashion_Café ,</argument></argset>se ha saldado con una multa de 120.000 pesetas , un año de retirada del carnet y una indemnización de 19,7 millones de pesetas . </example>
      </examples>
    </frame>
  </sense>
  <sense cousin="no" denotation="result" id="3" lexicalized="no" originlemma="cruzar" originlink="verb.cruzar.2" wordnetsynset="16:cs1+16:02864766">
    <frame appearsinplural="yes" type="default">
      <argument argument="arg1" thematicrole="pat">
        <constituent frequency="1" preposition="de" type="sp"/>
      </argument>
      <specifiers>
        <constituent frequency="1" postype="article" type="determiner"/>
        <constituent frequency="1" postype="indefinite" type="determiner"/>
      </specifiers>
      <examples>
        <example file="CESS-CAST-P/52_20011201.tbf.xml" nodepath="4.0.1.0" sentencenodepath="4"><argset><specifier>Los</specifier><head>cruces </head><argument argument="arg1" function="cn" thematicrole="pat" type="sp">de acusaciones</argument></argset>se prolongaron a_lo_largo_del día . </example>
        <example file="CESS-CAST-P/64_20000401.tbf.xml" nodepath="4.3.1.1.1.1.1.1.3.0.7.1.1.0" sentencenodepath="4">El suceso se produjo durante un altercado con tres policías que reprochaban a la víctima que Ø no les cediera el paso con su coche en <argset><specifier>un</specifier><head>cruce </head></argset>y que Ø no llevara todos los papeles del vehículo . </example>
      </examples>
    </frame>
  </sense>
  <sense cousin="no" denotation="result" id="4" lexicalized="no" originlemma="cruzar" originlink="verb.cruzar.3" wordnetsynset="16:cs1">
    <frame appearsinplural="no" type="default">
      <argument argument="arg1" thematicrole="tem">
        <constituent frequency="1" preposition="de" type="sp"/>
      </argument>
      <argument argument="argM" thematicrole="cau">
        <constituent frequency="1" preposition="a_cuenta_de" type="sp"/>
      </argument>
      <specifiers>
        <constituent frequency="1" postype="indefinite" type="determiner"/>
      </specifiers>
      <examples>
        <example file="CESS-CAST-P/47_20000602.tbf.xml" nodepath="2.4.1.1.0" sentencenodepath="2">La tensión que enfrenta al PNV y al PP se disparó ayer con <argset><specifier>otro</specifier><head>cruce </head><argument argument="arg1" function="cn" thematicrole="tem" type="sp">de acusaciones</argument><argument argument="argM" function="cn" thematicrole="cau" type="sp">a_cuenta_de la actuación del Ministerio_del_Interior</argument></argset>. </example>
      </examples>
    </frame>
  </sense>
  <sense cousin="no" denotation="underspecified" id="5" lexicalized="no" originlemma="cruzar" originlink="verb.cruzar.3" wordnetsynset="16:02864766">
    <frame appearsinplural="yes" type="default">
      <argument argument="arg1" thematicrole="tem">
        <constituent frequency="1" preposition="de" type="sp"/>
      </argument>
      <argument argument="arg2" thematicrole="loc">
        <constituent frequency="1" type="sadv"/>
      </argument>
      <specifiers>
        <constituent frequency="1" postype="article" type="determiner"/>
      </specifiers>
      <examples>
        <example file="CESS-CAST-P/3_19991202.tbf.xml" nodepath="22.4.1.1.1.1.1.0" sentencenodepath="22">La noche del martes , unos 2.000 manifestantes radicales se hicieron con el control de <argset><specifier>los</specifier><head>cruces </head><argument argument="arg1" function="cn" thematicrole="tem" type="sp">de las calles</argument><argument argument="arg2" function="cn" thematicrole="loc" type="sadv">alrededor del centro de congresos</argument></argset>para impedir el acceso de las autoridades a la conferencia de la OMC . </example>
      </examples>
    </frame>
  </sense>
</lexentry>
