<?xml version="1.0" encoding="UTF-8" standalone="no"?>
<!-- 

  ancoralex-2.0.3
       
			Copyright (C) 2007,2008,2009,2010,2011 CLiC - UB
			Centre de Llenguatge i Computació - Universitat de Barcelona
 
  This file is part of ancoralex-2.0.3.
 
  ancoralex-2.0.3 is free software and data: you can redistribute it and/or modify
  it under the terms of the GNU General Public License as published
  by the Free Software Foundation, either version 3 of the License,
  or (at your option) any later version.

  ancoralex-2.0.3 is distributed in the hope that it will be useful,
  but WITHOUT ANY WARRANTY; without even the implied warranty of
  MERCHANTABILITY or FITNESS FOR A PARTICULAR PURPOSE.  See the
  GNU General Public License for more details.
 
  You should have received a copy of the GNU General Public License
  along with ancoralex-2.0.3.  If not, see &lt;http://www.gnu.org/licenses/&gt;.
 
  Check a text in catalan explaining the terms of the license at http://www.softcatala.cat/wiki/GPL3.
  In spanish at http://www.viti.es/gnu/licenses/gpl.html
  
  The following paper must be cited when using verb lexicon: 

 * Aparicio, Juan, Mariona Taulé, M.Antònia Martí (2008) 'AnCora-Verb: A Lexical Resource for 
   the Semantic Annotation of Corpora'. Proceedings of 6th International Conference on Language 
   Resources and Evaluation. Marrakesh (Morocco).

  The following paper must be cited when using noun lexicon: 

 * Peris, Aina, Mariona Taulé (2011). AnCora-Nom: A Spanish lexicon of deverbal nominalizations. 
   Procesamiento del Lenguaje Natural, nº46, pp. 11-18.
 
 

 

-->

<lexentry lemma="cuadratura" lng="es" origin="deverbal" type="noun">
  <sense alternativelemma="cuadratura_del_círculo" cousin="no" denotation="result" id="1" lexicalizationtype="nominal" lexicalized="yes" originlemma="cuadrar" originlink="verb.cuadrar.1" wordnetsynset="16:00561436">
    <frame appearsinplural="no" type="default">
      <argument argument="argL">
        <constituent frequency="1" preposition="de" type="sp"/>
      </argument>
      <specifiers>
        <constituent frequency="1" postype="article" type="determiner"/>
      </specifiers>
      <examples>
        <example file="CESS-CAST-P/9_20010601_b.tbf.xml" nodepath="12.4.2.1.1.1.6.1.0" sentencenodepath="12">Nuestros heraldos diplomáticos hinchan pecho ante los asuntos más arduos de la vida internacional , Ø anuncian grandes proyectos , Ø pontifican sobre cómo resolver el problema de Oriente_Próximo , la deuda externa , los derechos_humanos y <argset><specifier>la</specifier><head>cuadratura </head><argument argument="argL" function="cn" type="sp">del círculo</argument></argset>para , finalmente , emitir una sarta de tópicos semejantes a las resoluciones del Parlamento_Europeo o de la propia UE sobre las elecciones en Kazajstán o la trágica trifulca chechena . </example>
      </examples>
    </frame>
  </sense>
</lexentry>
