<?xml version="1.0" encoding="UTF-8" standalone="no"?>
<!-- 

  ancoralex-2.0.3
       
			Copyright (C) 2007,2008,2009,2010,2011 CLiC - UB
			Centre de Llenguatge i Computació - Universitat de Barcelona
 
  This file is part of ancoralex-2.0.3.
 
  ancoralex-2.0.3 is free software and data: you can redistribute it and/or modify
  it under the terms of the GNU General Public License as published
  by the Free Software Foundation, either version 3 of the License,
  or (at your option) any later version.

  ancoralex-2.0.3 is distributed in the hope that it will be useful,
  but WITHOUT ANY WARRANTY; without even the implied warranty of
  MERCHANTABILITY or FITNESS FOR A PARTICULAR PURPOSE.  See the
  GNU General Public License for more details.
 
  You should have received a copy of the GNU General Public License
  along with ancoralex-2.0.3.  If not, see &lt;http://www.gnu.org/licenses/&gt;.
 
  Check a text in catalan explaining the terms of the license at http://www.softcatala.cat/wiki/GPL3.
  In spanish at http://www.viti.es/gnu/licenses/gpl.html
  
  The following paper must be cited when using verb lexicon: 

 * Aparicio, Juan, Mariona Taulé, M.Antònia Martí (2008) 'AnCora-Verb: A Lexical Resource for 
   the Semantic Annotation of Corpora'. Proceedings of 6th International Conference on Language 
   Resources and Evaluation. Marrakesh (Morocco).

  The following paper must be cited when using noun lexicon: 

 * Peris, Aina, Mariona Taulé (2011). AnCora-Nom: A Spanish lexicon of deverbal nominalizations. 
   Procesamiento del Lenguaje Natural, nº46, pp. 11-18.
 
 

 

-->

<lexentry lemma="cualificación" lng="es" origin="deverbal" type="noun">
  <sense cousin="no" denotation="result" id="1" lexicalized="no" originlemma="cualificar" originlink="verb.cualificar.1" wordnetsynset="16:cs1">
    <frame appearsinplural="no" type="default">
      <specifiers>
        <constituent frequency="1" postype="indefinite" type="determiner"/>
        <constituent frequency="1" postype="article" type="determiner"/>
      </specifiers>
      <examples>
        <example file="3LB-CAST/204_C-1.tbf.xml" nodepath="1.1.4.1.1.1.1.0" sentencenodepath="1">Según un estudio que presentó hoy el secretario general de la patronal vasca , José_Guillermo_Zubía , las profesiones relacionadas con las altas tecnologías , los oficios tradicionales y los empleos de <argset><specifier>poca</specifier><head>cualificación </head></argset>son los que más escasez de trabajadores tienen , en_especial , los de la industria y la construcción . </example>
        <example file="CESS-CAST-P/174_20001201.tbf.xml" nodepath="4.3.4.1.2.1.1.0.2.1.1.1.0.0.0" sentencenodepath="4">Martín añadió también que Ø se iba ante " las denuncias sobre presuntas irregularidades observadas en <argset><specifier>la</specifier><head>cualificación </head>y selección de algunos deportistas españoles con discapacidad intelectual que participaron en el equipo de baloncesto de Sydney </argset>" . </example>
      </examples>
    </frame>
  </sense>
</lexentry>
