<?xml version="1.0" encoding="UTF-8" standalone="no"?>
<!-- 

  ancoralex-2.0.3
       
			Copyright (C) 2007,2008,2009,2010,2011 CLiC - UB
			Centre de Llenguatge i Computació - Universitat de Barcelona
 
  This file is part of ancoralex-2.0.3.
 
  ancoralex-2.0.3 is free software and data: you can redistribute it and/or modify
  it under the terms of the GNU General Public License as published
  by the Free Software Foundation, either version 3 of the License,
  or (at your option) any later version.

  ancoralex-2.0.3 is distributed in the hope that it will be useful,
  but WITHOUT ANY WARRANTY; without even the implied warranty of
  MERCHANTABILITY or FITNESS FOR A PARTICULAR PURPOSE.  See the
  GNU General Public License for more details.
 
  You should have received a copy of the GNU General Public License
  along with ancoralex-2.0.3.  If not, see &lt;http://www.gnu.org/licenses/&gt;.
 
  Check a text in catalan explaining the terms of the license at http://www.softcatala.cat/wiki/GPL3.
  In spanish at http://www.viti.es/gnu/licenses/gpl.html
  
  The following paper must be cited when using verb lexicon: 

 * Aparicio, Juan, Mariona Taulé, M.Antònia Martí (2008) 'AnCora-Verb: A Lexical Resource for 
   the Semantic Annotation of Corpora'. Proceedings of 6th International Conference on Language 
   Resources and Evaluation. Marrakesh (Morocco).

  The following paper must be cited when using noun lexicon: 

 * Peris, Aina, Mariona Taulé (2011). AnCora-Nom: A Spanish lexicon of deverbal nominalizations. 
   Procesamiento del Lenguaje Natural, nº46, pp. 11-18.
 
 

 

-->

<lexentry lemma="cultivo" lng="es" origin="deverbal" type="noun">
  <sense cousin="no" denotation="result" id="1" lexicalized="no" originlemma="cultivar" originlink="verb.cultivar.1" wordnetsynset="16:06317219+16:00588408">
    <frame appearsinplural="yes" type="default">
      <argument argument="arg1" foundincorporated="yes" thematicrole="tem">
        <constituent frequency="1" preposition="de" type="sp"/>
      </argument>
      <argument argument="argM" thematicrole="loc">
        <constituent frequency="1" preposition="de" type="sp"/>
      </argument>
      <specifiers>
        <constituent frequency="2" postype="article" type="determiner"/>
        <constituent frequency="5" type="void"/>
        <constituent frequency="1" postype="indefinite" type="determiner"/>
      </specifiers>
      <reference_modifiers>
        <constituent frequency="2" preposition="como" type="sp"/>
        <constituent frequency="2" type="S"/>
      </reference_modifiers>
      <examples>
        <example file="3LB-CAST/e2-0.tbf.xml" nodepath="5.2.0.1.1.0.1.1.1.1.1.0.2.2.3.1.1" sentencenodepath="5">La idea del dualismo o la contradicción en que vivían los hombres , que era como la característica definitoria del ser humano , ocupó millares de páginas de la historia del pensamiento antiguo e incluso medieval , en que la cultura era , de un modo u otro , <argset><specifier>el</specifier>- <head>cultivo </head><argument argument="arg1" function="cn" thematicrole="tem" type="sp">de la fe religiosa</argument>- </argset>y Ø se manifestaba no_sólo a la sombra de los teólogos , sino_también a la de los arquitectos o los pintores del arte sacro . </example>
        <example file="CESS-CAST-A/14498_20000121.tbf.xml" nodepath="3.0.1.1.2.2.2.4.1.0.0" sentencenodepath="3">El almidón , un hidrato de carbono que constituye la principal reserva energética de casi todos los vegetales y que se encuentra en grandes cantidades en <argset><head>cultivos </head><reference_modifiers>como el trigo , el maíz , el arroz , las patatas , la mandioca y la palmera de sagú</reference_modifiers></argset>, está siendo investigado por la FAO y por centros italianos y tailandeses . </example>
        <example file="CESS-CAST-A/14498_20000121.tbf.xml" nodepath="4.0.1.1.1.1.0" sentencenodepath="4">Las ventajas de <argset><specifier>los</specifier><head>cultivos </head><reference_modifiers>que contienen almidón</reference_modifiers></argset>son muchas como su cocción ligera y su alta retención de aceite que los convierte en aptos para elaborar productos al horno , cereales y tentempiés , sopas y salsas , así_como para la obtención de aromas naturales y de cremas en polvo de productos lácteos y no lácteos . </example>
        <example file="CESS-CAST-A/16977_20000722.tbf.xml" nodepath="9.2.2.5.1.3.1.1.1.0.1.1.0.1.1.0.0" sentencenodepath="9">La producción de café colombiano está calculada entre 9,5 y 10 millones de sacas de 60 kilos , en el año cafetero octubre_de_1999 a septiembre_de_2000 , y en cerca de 11,5 millones de sacas en el actual año civil , porque para el último trimestre de 2000 se espera un importante aumento en la producción , resultado del plan de renovación de <argset><head>cultivos </head></argset>iniciado hace varios años . </example>
        <example file="CESS-CAST-A/17195_20001021.tbf.xml" nodepath="11.2.1.2.1.1.1.0.0" sentencenodepath="11">Aventis ha identificado aproximadamente 142.500 hectáreas de plantación del maíz StarLink , una variedad amarilla que se cultiva principalmente en el Medio_Oeste , y otras 68.000 hectáreas de <argset><head>cultivos </head><reference_modifiers>intercalados</reference_modifiers></argset>, que se usan como protección contra el polen que se propaga desde el maíz transgénico . </example>
        <example file="CESS-CAST-P/104_20001201.tbf.xml" nodepath="3.2.3.1.0.0" sentencenodepath="3">Trabajos anteriores habían demostrado , pero sólo en <argset><head>cultivos </head><argument argument="argM" function="cn" thematicrole="loc" type="sp">de laboratorio</argument></argset>, que las células de la médula podían funcionar como stem_cells ( células pluripotenciales ) y derivar hacia neuronas . </example>
        <example file="CESS-CAST-P/52_20000802.tbf.xml" nodepath="0.4.0.1.1.1.1.1.1.1.0.2.0" sentencenodepath="0">El incendio declarado el sábado en la isla de La_Palma , en Canarias , quedó ayer totalmente controlado después de haber afectado a unas 5.000 hectáreas de <argset>pino canario y <head argument="arg1" thematicrole="tem">cultivos </head>
          </argset>, lo que supone un 7% del total insular y un porcentaje muy superior de las tierras con vegetación . </example>
        <example file="CESS-CAST-P/69_20010501.tbf.xml" nodepath="6.0.2.2.0.2.1.1.0" sentencenodepath="6">La lluvia ha compensado el que estaba a_punto_de convertirse en el mes_de_abril más seco del siglo , y Ø tendrá efectos benignos para <argset><specifier>algunos</specifier><head>cultivos </head><reference_modifiers>, como el de aceituna y , previsiblemente , el de fruta dulce</reference_modifiers></argset>. </example>
      </examples>
    </frame>
  </sense>
  <sense cousin="no" denotation="event" id="2" lexicalized="no" originlemma="cultivar" originlink="verb.cultivar.1" wordnetsynset="16:00589348">
    <frame appearsinplural="no" type="default">
      <argument argument="arg1" thematicrole="tem">
        <constituent frequency="3" preposition="de" type="sp"/>
        <constituent frequency="1" type="relatiu"/>
      </argument>
      <argument argument="argM" thematicrole="loc">
        <constituent frequency="1" preposition="en" type="sp"/>
      </argument>
      <specifiers>
        <constituent frequency="3" type="void"/>
        <constituent frequency="1" postype="article" type="determiner"/>
      </specifiers>
      <examples>
        <example file="3LB-CAST/c4-0.tbf.xml" nodepath="0.3.4.1.0.0" sentencenodepath="0">Me gusta la cultura del pelotazo porque Ø sacrifica la búsqueda de lo til en_favor_del <argset><head>cultivo </head><argument argument="arg1" function="cn" thematicrole="tem" type="sp">de lo admirable</argument></argset>. </example>
        <example file="3LB-CAST/e2-0.tbf.xml" nodepath="6.0.2.5.1.1.1.1.0.1.1.0.0.1" sentencenodepath="6">El Renacimiento tiende a identificar la cultura con la literatura y las artes , liberándolas en_parte de la pesada carga de la religión ; pero hasta los siglos XV y XVI no se avanza sustancialmente en el concepto de cultura como <argset>- <head>cultivo </head>
            <argument argument="arg1" function="cn" thematicrole="tem" type="sp">del pensamiento</argument>- y reflexión abierta sobre la vida </argset>: se trata del humanismo de los moralistas , del gusto literario y artístico , del patrimonio de los hombres sumamente civilizados . </example>
        <example file="CESS-CAST-AA/24822_20001030.tbf.xml" nodepath="3.3.2.1.2.4.1.1.0" sentencenodepath="3">También recoge el plan ordenar los usos productivos del suelo ante " el crecimiento espontáneo de ocupación de masa forestal " en <argset><specifier>el</specifier><head>cultivo </head><argument argument="arg1" function="cn" thematicrole="tem" type="sp">de la fresa</argument><argument argument="argM" function="cn" thematicrole="loc" type="sp">en la zona de Huelva</argument></argset>. </example>
        <example file="CESS-CAST-AA/2484_20000704.tbf.xml" nodepath="7.4.6.2.1.1.1.1.0.2.1.0.1.1.1.0" sentencenodepath="7">Honduras retendrá parte de su cosecha exportable en el nuevo ciclo , como determinaron los países exportadores en Mayo pasado en Londres , para estimular la subida del precio internacional del café , <argset><argument argument="arg1" thematicrole="tem" type="relatiu">cuyo</argument><head>cultivo </head></argset>está en_manos_de unos 80.000 productores locales . </example>
      </examples>
    </frame>
  </sense>
  <sense alternativelemma="caldo_de_cultivo" cousin="no" denotation="result" id="3" lexicalizationtype="nominal" lexicalized="yes" originlemma="cultivar" originlink="verb.cultivar.1" wordnetsynset="16:00589348">
    <frame appearsinplural="no" type="default">
      <specifiers>
        <constituent frequency="1" type="void"/>
      </specifiers>
      <examples>
        <example file="3LB-CAST/c4-0.tbf.xml" nodepath="6.1.3.1.1.1.1.0.0" sentencenodepath="6">Después_de tantos años perdidos en el convencimiento de que sólo merecen riqueza individual quienes generan riqueza colectiva Ø he descubierto al_fin , gracias_a la llamada cultura del pelotazo , que Ø estaba equivocado : lo que realmente conviene a los pueblos es mantener el caldo de <argset><head>cultivo </head></argset>donde se cuecen hazañosos pelotaris capaces de sentir el más completo desdén hacia sus semejantes . </example>
      </examples>
    </frame>
  </sense>
</lexentry>
