<?xml version="1.0" encoding="UTF-8" standalone="no"?>
<!-- 

  ancoralex-2.0.3
       
			Copyright (C) 2007,2008,2009,2010,2011 CLiC - UB
			Centre de Llenguatge i Computació - Universitat de Barcelona
 
  This file is part of ancoralex-2.0.3.
 
  ancoralex-2.0.3 is free software and data: you can redistribute it and/or modify
  it under the terms of the GNU General Public License as published
  by the Free Software Foundation, either version 3 of the License,
  or (at your option) any later version.

  ancoralex-2.0.3 is distributed in the hope that it will be useful,
  but WITHOUT ANY WARRANTY; without even the implied warranty of
  MERCHANTABILITY or FITNESS FOR A PARTICULAR PURPOSE.  See the
  GNU General Public License for more details.
 
  You should have received a copy of the GNU General Public License
  along with ancoralex-2.0.3.  If not, see &lt;http://www.gnu.org/licenses/&gt;.
 
  Check a text in catalan explaining the terms of the license at http://www.softcatala.cat/wiki/GPL3.
  In spanish at http://www.viti.es/gnu/licenses/gpl.html
  
  The following paper must be cited when using verb lexicon: 

 * Aparicio, Juan, Mariona Taulé, M.Antònia Martí (2008) 'AnCora-Verb: A Lexical Resource for 
   the Semantic Annotation of Corpora'. Proceedings of 6th International Conference on Language 
   Resources and Evaluation. Marrakesh (Morocco).

  The following paper must be cited when using noun lexicon: 

 * Peris, Aina, Mariona Taulé (2011). AnCora-Nom: A Spanish lexicon of deverbal nominalizations. 
   Procesamiento del Lenguaje Natural, nº46, pp. 11-18.
 
 

 

-->

<lexentry lemma="dedicación" lng="es" origin="deverbal" type="noun">
  <sense cousin="no" denotation="result" id="1" lexicalized="no" originlemma="dedicar" originlink="verb.dedicar.1" wordnetsynset="16:00409314+16:03812111">
    <frame appearsinplural="no" type="default">
      <argument argument="arg1" thematicrole="tem">
        <constituent frequency="1" preposition="a" type="sp"/>
      </argument>
      <specifiers>
        <constituent frequency="1" type="void"/>
        <constituent frequency="2" postype="article" type="determiner"/>
      </specifiers>
      <examples>
        <example file="3LB-CAST/a1-4.tbf.xml" nodepath="5.3.1.1.0.2.0.2.0" sentencenodepath="5">Si de él Ø careciéramos , ¿ para qué unas tareas que requieren <argset>esfuerzo , <head>dedicación </head>, capacidad </argset>y que - además - no mejoran ninguna economía ? </example>
        <example file="3LB-CAST/r2-1.tbf.xml" nodepath="13.1.1.0" sentencenodepath="13">Pero <argset><specifier>la</specifier><head>dedicación </head><argument argument="arg1" function="cn" thematicrole="tem" type="sp">a la política</argument></argset>no la ha apartado de los_suyos . </example>
        <example file="CESS-CAST-P/130_19991001.tbf.xml" nodepath="24.4.4.1.1.2.5.1.2.1.0" sentencenodepath="24">El Puebla se ha convertido en el peor conjunto del torneo de invierno del fútbol mexicano de la primera división , según recordó la directiva en un comunicado de prensa , en el que Ø le reconoce " el esfuerzo y <argset><specifier>la</specifier><head>dedicación </head></argset>que Ø ha tenido " . </example>
      </examples>
    </frame>
  </sense>
</lexentry>
