<?xml version="1.0" encoding="UTF-8" standalone="no"?>
<!-- 

  ancoralex-2.0.3
       
			Copyright (C) 2007,2008,2009,2010,2011 CLiC - UB
			Centre de Llenguatge i Computació - Universitat de Barcelona
 
  This file is part of ancoralex-2.0.3.
 
  ancoralex-2.0.3 is free software and data: you can redistribute it and/or modify
  it under the terms of the GNU General Public License as published
  by the Free Software Foundation, either version 3 of the License,
  or (at your option) any later version.

  ancoralex-2.0.3 is distributed in the hope that it will be useful,
  but WITHOUT ANY WARRANTY; without even the implied warranty of
  MERCHANTABILITY or FITNESS FOR A PARTICULAR PURPOSE.  See the
  GNU General Public License for more details.
 
  You should have received a copy of the GNU General Public License
  along with ancoralex-2.0.3.  If not, see &lt;http://www.gnu.org/licenses/&gt;.
 
  Check a text in catalan explaining the terms of the license at http://www.softcatala.cat/wiki/GPL3.
  In spanish at http://www.viti.es/gnu/licenses/gpl.html
  
  The following paper must be cited when using verb lexicon: 

 * Aparicio, Juan, Mariona Taulé, M.Antònia Martí (2008) 'AnCora-Verb: A Lexical Resource for 
   the Semantic Annotation of Corpora'. Proceedings of 6th International Conference on Language 
   Resources and Evaluation. Marrakesh (Morocco).

  The following paper must be cited when using noun lexicon: 

 * Peris, Aina, Mariona Taulé (2011). AnCora-Nom: A Spanish lexicon of deverbal nominalizations. 
   Procesamiento del Lenguaje Natural, nº46, pp. 11-18.
 
 

 

-->

<lexentry lemma="defensa" lng="es" origin="deverbal" type="noun">
  <sense cousin="no" denotation="result" id="1" lexicalized="no" originlemma="defender" originlink="verb.defender.1" wordnetsynset="16:06010893">
    <frame appearsinplural="yes" type="default">
      <argument argument="arg0" thematicrole="agt">
        <constituent frequency="4" postype="possessive" type="determiner"/>
        <constituent frequency="3" preposition="de" type="sp"/>
        <constituent frequency="1" preposition="contra" type="sp"/>
        <constituent frequency="2" type="s.a"/>
      </argument>
      <argument argument="arg1" thematicrole="pat">
        <constituent frequency="2" type="s.a"/>
        <constituent frequency="19" preposition="de" type="sp"/>
      </argument>
      <argument argument="argM" thematicrole="atr">
        <constituent frequency="1" type="s.a"/>
      </argument>
      <argument argument="argM" thematicrole="loc">
        <constituent frequency="1" preposition="en" type="sp"/>
        <constituent frequency="1" preposition="ante" type="sp"/>
      </argument>
      <specifiers>
        <constituent frequency="27" type="void"/>
        <constituent frequency="34" postype="article" type="determiner"/>
        <constituent frequency="12" postype="indefinite" type="determiner"/>
        <constituent frequency="1" postype="z" type="determiner"/>
        <constituent frequency="2" postype="numeral" type="determiner"/>
        <constituent frequency="4" postype="possessive" type="determiner"/>
      </specifiers>
      <reference_modifiers>
        <constituent frequency="25" type="s.a"/>
        <constituent frequency="2" preposition="en" type="sp"/>
        <constituent frequency="6" type="S"/>
        <constituent frequency="2" preposition="con" type="sp"/>
        <constituent frequency="2" type="sn"/>
        <constituent frequency="1" preposition="de" type="sp"/>
        <constituent frequency="1" type="sadv"/>
      </reference_modifiers>
      <examples>
        <example file="3LB-CAST/d1-10.tbf.xml" nodepath="2.2.4.4.1.0.0" sentencenodepath="2">Ahora esto ya no es así y Ø lo será mucho menos cuando aumente el esfuerzo físico de los jugadores en la cancha con <argset><head>defensas </head><reference_modifiers>más activas</reference_modifiers></argset>. </example>
        <example file="3LB-CAST/d1-10.tbf.xml" nodepath="4.0.0.1.1.1.1.0" sentencenodepath="4">La evolución de <argset><specifier>las</specifier><head>defensas </head></argset>obligará a mejorar la calidad del ataque y esto irá en beneficio del espectáculo . </example>
        <example file="3LB-CAST/d1-10.tbf.xml" nodepath="5.4.1.0" sentencenodepath="5">- Cómo atacan los detractores <argset><specifier>las</specifier><head>defensas </head><reference_modifiers>agresivas</reference_modifiers></argset>? </example>
        <example file="3LB-CAST/d1-10.tbf.xml" nodepath="9.5.1.1.0" sentencenodepath="9">Sin_embargo , sabiendo defender se provocan más faltas de ataque con <argset><specifier>una</specifier><head>defensa </head><reference_modifiers>agresiva</reference_modifiers></argset>, ya_que los atacantes necesitan actuar con más velocidad y es más difícil controlar sus acciones . </example>
        <example file="3LB-CAST/d1-10.tbf.xml" nodepath="10.0.2.1.1.1.1.1.1.1.0" sentencenodepath="10">El colmo llega con los detractores que sin hacer <argset><specifier>una</specifier><head>defensa </head><reference_modifiers>agresiva</reference_modifiers></argset>acusan de hacer muchas faltas a los que las practican diciendo que Ø usan mucho las manos para parar las acciones ofensivas y ellos las usan con defensas en flotación donde Ø es mucho más difícil de apreciar por los árbitros porque hay muchos jugadores en poco espacio . </example>
        <example file="3LB-CAST/d1-10.tbf.xml" nodepath="10.2.3.1.0.0" sentencenodepath="10">El colmo llega con los detractores que sin hacer una defensa agresiva acusan de hacer muchas faltas a los que las practican diciendo que Ø usan mucho las manos para parar las acciones ofensivas y ellos las usan con <argset><head>defensas </head><reference_modifiers>en flotación</reference_modifiers><reference_modifiers>donde es mucho más difícil de apreciar por los árbitros porque hay muchos jugadores en poco espacio</reference_modifiers></argset>. </example>
        <example file="3LB-CAST/d1-11.tbf.xml" nodepath="0.0.2.1.1.0.0" sentencenodepath="0">Es más ético trabajar en <argset><head>defensa </head></argset>intentando recuperar el balón sin falta que tratar de evitar una canasta de los rivales aunque Ø sea con falta . </example>
        <example file="3LB-CAST/d1-11.tbf.xml" nodepath="2.2.2.2.1.1.3.7.4.1.1.1.0" sentencenodepath="2">Con esto Ø no quiero decir que nosotros no hagamos faltas personales , ya_que Ø aún no lo hacemos todo lo bien que me gustaría , pero Ø quiero hacer reflexionar a algunos con unos simples datos estadísticos : en los 17 partidos de la Liga_ACB Ø nos han señalado 396 faltas personales , mientras_que a nuestros rivales ( en los partidos que Ø han jugado contra nosotros ) Ø les han señalado 437 , a_pesar_de_que se habla bastante a_menudo de que <argset><argument argument="arg0" thematicrole="agt" type="spec">nuestra</argument><head>defensa </head></argset>, como_mínimo , roza la ilegalidad . </example>
        <example file="3LB-CAST/d1-13.tbf.xml" nodepath="18.0.2.4.1.1.1.1.0" sentencenodepath="18">Quizá por no sacar a_tiempo a José_Lasa a enfrentarse con <argset><specifier>la</specifier><head>defensa </head><argument argument="arg1" function="cn" thematicrole="pat" type="s.a">individual</argument><reference_modifiers>presionante</reference_modifiers><argument argument="arg0" function="cn" thematicrole="agt" type="sp">del Barcelona</argument></argset>en la segunda mitad ( José_Miguel_Antúnez , excelente hasta entonces , no es el hombre para esas tareas ) , Luyk se quedó sin el - basket_average - . </example>
        <example file="3LB-CAST/d1-14.tbf.xml" nodepath="3.0.0.1.0.0" sentencenodepath="3">En <argset><head>defensa </head></argset>, denegando el balón a los hombres altos del Madrid , cosa que tres días antes Ø no había conseguido nunca , y eso que los blancos encestaban poco desde lejos y debería haber sido posible - flotar - con más eficacia sobre la pareja Sabonis-Arlauckas . </example>
        <example file="3LB-CAST/d1-14.tbf.xml" nodepath="5.2.1.1.1" sentencenodepath="5">El Madrid temía que <argset><argument argument="arg0" thematicrole="agt" type="spec">su</argument><reference_modifiers>eficaz</reference_modifiers><head>defensa </head><reference_modifiers>, con un - líbero - como García_Coll metido en la zona a robar balones ,</reference_modifiers><reference_modifiers>que fue posible tres días antes</reference_modifiers>, </argset>ya no sería tan fácil ante unos - pequeños - barcelonistas bien aleccionados y que buscarían el tiro en_vez_de quedarse incomprensiblemente paralizados . </example>
        <example file="3LB-CAST/d1-8.tbf.xml" nodepath="12.2.1.1.0.1.1.1.0" sentencenodepath="12">Afortunadamente para nosotros , y para nuestro baloncesto , ahora las opiniones en_contra de <argset><specifier>una</specifier><head>defensa </head><reference_modifiers>agresiva</reference_modifiers><reference_modifiers>en relación con una defensa pasiva</reference_modifiers></argset>ya no son unánimes como hace unos años . </example>
        <example file="3LB-CAST/d1-8.tbf.xml" nodepath="12.2.1.1.0.1.1.1.2.1.0.1.1.1.0" sentencenodepath="12">Afortunadamente para nosotros , y para nuestro baloncesto , ahora las opiniones en_contra de una defensa agresiva en relación con <argset><specifier>una</specifier><head>defensa </head><reference_modifiers>pasiva</reference_modifiers></argset>ya no son unánimes como hace unos años . </example>
        <example file="3LB-CAST/d1-9.tbf.xml" nodepath="1.5.0.1.1.0" sentencenodepath="1">Sin_embargo , si hay unanimidad en pensar que los mejores equipos de la NBA son mejores que los_nuestros , también se admite que <argset><specifier>la</specifier><head>defensa </head><argument argument="arg0" function="cn" thematicrole="agt" type="sp">de ellos</argument></argset>es mucho mejor que la_nuestra y que probablemente ahí es donde radica la mayor diferencia entre un baloncesto y otro . </example>
        <example file="3LB-CAST/d1-9.tbf.xml" nodepath="3.2.5.1.6.1.1.0" sentencenodepath="3">Ø He empezado diciendo que afortunadamente hay diversas opiniones al_respecto porque cuando hace unos años casi no había nadie a_favor_de <argset><specifier>las</specifier><head>defensas </head><reference_modifiers>agresivas</reference_modifiers></argset>era prácticamente imposible mejorar con esa desaprobación general . </example>
        <example file="3LB-CAST/d2-17.tbf.xml" nodepath="7.3.0.1.0.0.1.0" sentencenodepath="7">Todo su bello aluvión atacante se estrelló contra <argset><specifier>una</specifier><head>defensa </head></argset>y un Zubi acertados , pero más aún contra la imposibilidad ya " inmemorial " de colocar un balón allí donde alcanzarlo resulta imposible . </example>
        <example file="3LB-CAST/d2-3.tbf.xml" nodepath="7.0.1.1.1.0.2.0" sentencenodepath="7">El juego de <argset>ataques y <head>defensa </head>
          </argset>fue ganado por el grupo de Tony_Rominger . </example>
        <example file="3LB-CAST/dc2-2.tbf.xml" nodepath="8.4.3.1.3.1.1.0" sentencenodepath="8">Al carácter imperceptible de tales armas contribuye en_gran_medida a este efecto psicológico , dado_que existen tantas formas posibles de ataque que resulta imposible prever y organizar <argset><specifier>la</specifier><head>defensa </head></argset>, ni_siquiera de forma pasiva . </example>
        <example file="3LB-CAST/t1-2.tbf.xml" nodepath="6.3.1.0" sentencenodepath="6">Temiendo una revelación que lo perturbara de_por_vida , éste apresuró <argset><specifier>una</specifier><head>defensa </head><reference_modifiers>cautelosa</reference_modifiers></argset>. </example>
        <example file="CESS-CAST-A/12221_20000215.tbf.xml" nodepath="4.3.1.3.6.4.1.0.1.3.2.1.0.1.0" sentencenodepath="4">El guardameta internacional del conjunto leonés , José_Javier_Hombrados , en declaraciones a Radio_León , analizó el primer encuentro ante los valencianos , donde Ø considera " favorito " a su equipo , aunque Ø avisó del peligro que puede suponer para el Ademar " confiarse ante <argset><specifier>una</specifier><head>defensa </head><reference_modifiers>agresiva</reference_modifiers></argset>y una primera línea muy lanzadora que habrá que controlar " , señaló Ø . </example>
        <example file="CESS-CAST-A/13026_20001117.tbf.xml" nodepath="5.4.5.3.1.0.1.1.2.1.2.1.0.0" sentencenodepath="5">Dinamarca , que es miembro de la OTAN , no participará en la Fuerza_de_Reacción_Rápida de la UE porque Ø tiene una " cláusula de exclusión " en el Tratado_de_Amsterdam que le permite mantenerse fuera de la unión monetaria , la política común de <argset><head>defensa </head></argset>, ciudadanía y el acuerdo de libre circulación de personas . </example>
        <example file="CESS-CAST-A/13026_20001117.tbf.xml" nodepath="6.0.1.1.1.1.1.1.0.0" sentencenodepath="6">Para participar en los planes de <argset><head>defensa </head><reference_modifiers>común</reference_modifiers><argument argument="arg1" function="cn" thematicrole="pat" type="s.a">europea</argument></argset>el gobierno danés tendría que celebrar un referéndum para consultar a la población , similar al que Ø hizo el pasado septiembre sobre la incorporación del euro . </example>
        <example file="CESS-CAST-A/13026_20001117.tbf.xml" nodepath="9.4.1.1.1.2.1.2.2.1.0.0.1.2.1.0.1.1.0.0" sentencenodepath="9">Además , Ø se comprometerán a realizar los esfuerzos necesarios para dotarse en los próximos años de medios de transporte estratégico , armas guiadas , de medios de abastecimiento de combustible en vuelo , de supresión de <argset><head>defensas </head><reference_modifiers>aéreas</reference_modifiers></argset>, medios de defensa contra misiles tierra-tierra , y medios humanos , aéreos y satélites de espionaje . </example>
        <example file="CESS-CAST-A/13026_20001117.tbf.xml" nodepath="9.4.1.1.1.2.1.2.2.1.0.2.1.1.0.0" sentencenodepath="9">Además , Ø se comprometerán a realizar los esfuerzos necesarios para dotarse en los próximos años de medios de transporte estratégico , armas guiadas , de medios de abastecimiento de combustible en vuelo , de supresión de defensas aéreas , medios de <argset><head>defensa </head><argument argument="arg0" function="cn" thematicrole="agt" type="sp">contra misiles tierra-tierra</argument></argset>, y medios humanos , aéreos y satélites de espionaje . </example>
        <example file="CESS-CAST-A/13703_20000518.tbf.xml" nodepath="14.1.2.4.1.2.1.1.2.3.1.1.0" sentencenodepath="14">En ese lapso del partido , Gancedo se adueñó de la zona media del campo y , con la colaboración de Ledesma , Ø se dedicó a tocar el balón a los habilidosos delanteros , custodiados con excesivo celo por <argset><specifier>la</specifier><head>defensa </head><reference_modifiers>visitante</reference_modifiers></argset>. </example>
        <example file="CESS-CAST-A/13703_20000518.tbf.xml" nodepath="25.1.0.3.1.1.1.1.1.0" sentencenodepath="25">Para mal de los visitantes , el colombiano Yepes se lució en la marca de <argset><specifier>la</specifier><head>defensa </head><reference_modifiers>riverplatense</reference_modifiers></argset>y su figura creció hasta convertirse en la gran estrella del juego . </example>
        <example file="CESS-CAST-A/14966_20000318.tbf.xml" nodepath="5.4.1.1.1.1.1.1.0" sentencenodepath="5">Ø No parece una labor demasiado complicada ante un rival que en <argset><specifier>la</specifier><head>defensa </head><argument argument="arg1" function="cn" thematicrole="pat" type="sp">de su corona</argument></argset>cuenta sus partidos por derrotas . </example>
        <example file="CESS-CAST-A/16230_20000220.tbf.xml" nodepath="2.3.1.0.1.2.0" sentencenodepath="2">Pero dos de los tres jueces encargados de decidir la pelea vieron a Morales <argset>, <specifier>10</specifier>
            <head>defensas </head>
            <argument argument="arg1" function="cn" thematicrole="pat" type="sp">del título</argument>
            <reference_modifiers>victoriosas</reference_modifiers>, </argset>ganador sobre el cuadrilátero del Hotel_Mandalay_Bay de Las_Vegas ( Nevada ) . </example>
        <example file="CESS-CAST-A/17704_20000522.tbf.xml" nodepath="3.3.0.1.1.1.1.1.2.1.0.0" sentencenodepath="3">El general Nyanda tuvo ya ocasión de reunirse con el ministro angoleño de <argset><head>defensa </head></argset>, general Kundi_Paihama , quien le informó sobre la situación militar en el país y las operaciones en curso contra los restos de las fuerzas guerrilleras de la Unión_Nacional_para_la_Independencia_Total_de_Angola ( UNITA ) . </example>
        <example file="CESS-CAST-A/17909_20000222.tbf.xml" nodepath="0.3.4.2.1.0.0" sentencenodepath="0">El ministro de Economía , Rodrigo_Rato , afirmó hoy que el Ejecutivo actuará en la participación recíproca entre el BBVA y Telefónica " siempre en <argset><head>defensa </head><argument argument="arg1" function="cn" thematicrole="pat" type="sp">de los intereses generales</argument></argset>" , ya_que ha pasado la época en la que los acuerdos pasaban " por el poder político " e " incluso por la financiación del PSOE " . </example>
        <example file="CESS-CAST-A/18701_20000922.tbf.xml" nodepath="8.4.4.4.1.1.1.1.0" sentencenodepath="8">Alemania y Austria , por_el_contrario , permanecen firmes en su oposición al texto , ya_que Ø consideran que Ø menoscaba claramente el derecho a <argset><specifier>la</specifier><head>defensa </head></argset>reconocido en sus Constituciones . </example>
        <example file="CESS-CAST-AA/19343_20000524.tbf.xml" nodepath="1.3.2.1.1.1.1.0.1.1.0.0" sentencenodepath="1">Según la diputada socialista , uno de los mayores errores ha sido limitar en la Ley_de_Hidrocarburos de 1998 la capacidad de actuación de los poderes públicos ante una estructura de la oferta de carácter oligopólico " propensa a ejercer su poder sobre minoristas y consumidores " , además_de establecer un esquema de órganos de <argset><head>defensa </head><argument argument="arg1" function="cn" thematicrole="pat" type="sp">de la competencia</argument></argset>de " reducidas atribuciones " y " escasa neutralidad y transparencia " . </example>
        <example file="CESS-CAST-AA/19343_20000524.tbf.xml" nodepath="2.3.1.1.3.2.4.1.1.1.1.1.1.1.1.1.1.0" sentencenodepath="2">Ø Acusó al Gobierno de , ante la situación actual de constantes subidas en los precios de los carburantes , " limitarse a endosar la responsabilidad de éstas al encarecimiento del crudo y a la debilidad del euro frente al dólar , en_vez_de analizar de forma rigurosa la estructura del mercado , el comportamiento de sus componentes y la eficacia de los órganos encargados de velar por <argset><specifier>la</specifier><head>defensa </head><argument argument="arg1" function="cn" thematicrole="pat" type="sp">de la competencia</argument></argset>" . </example>
        <example file="CESS-CAST-AA/20072_20000924.tbf.xml" nodepath="12.2.4.1.0.0" sentencenodepath="12">El partido cambió totalmente y en los minutos posteriores a este tanto el Numancia se descompuso en <argset><head>defensa </head></argset>, de_modo_que su desorganización dio_pie a un nuevo gol de Juan_Sánchez que junto_a otro de Vicente certificó el resultado final . </example>
        <example file="CESS-CAST-AA/20077_20001125.tbf.xml" nodepath="4.3.1.1.1.1" sentencenodepath="4">Según Gutierrez las claves de la victoria ante Pilotes pasan por " <argset><specifier>una</specifier><reference_modifiers>muy buena</reference_modifiers><head>defensa </head></argset>y un rápido y efectivo contraataque para contrarrestar a un rival que viene de imponerse al Gáldar y es un equipo difícil que marca mucho en jugadas de contraataque " </example>
        <example file="CESS-CAST-AA/2162_20000303.tbf.xml" nodepath="5.1.2.1.1.1.0.0" sentencenodepath="5">Pese_a_que Adli insiste en que el estado de emergencia " no supone una limitación para las libertades públicas , la democracia y la libertad de expresión " , los partidos opositores , las organizaciones de <argset><head>defensa </head><argument argument="arg1" function="cn" thematicrole="pat" type="sp">de los derechos_humanos</argument></argset>y otros grupos comprometidos con las libertades públicas han recurrido la ley ante los tribunales . </example>
        <example file="CESS-CAST-AA/22653_20000227.tbf.xml" nodepath="6.0.3.0.1.1.1.0.0" sentencenodepath="6">" Con la mínima ventaja Ø nos pensábamos que estaba todo hecho y que Ø íbamos a ganar . Las tres ausencias en <argset><head>defensa </head></argset>nos han hecho mucho daño . Ø Se han notado mucho " , ha añadido Ø . </example>
        <example file="CESS-CAST-AA/24052_20000229.tbf.xml" nodepath="5.0.1.2.1.0" sentencenodepath="5">" Ø Practican <argset><specifier>una</specifier><head>defensa </head><reference_modifiers>abierta</reference_modifiers><reference_modifiers>3-2-1</reference_modifiers></argset>, Ø pelean , Ø luchan mucho y no hay que olvidar que en las tres eliminatorias de la Recopa en su pista Ø han logrado vencer por diferencias de seis y ocho goles " , agregó Ø . </example>
        <example file="CESS-CAST-AA/24070_20000329.tbf.xml" nodepath="8.3.3.1.1.1.1.0" sentencenodepath="8">Este panorama de relativa igualdad se rompió cuando Campbell aprovechó una indecisión de <argset><specifier>la</specifier><head>defensa </head></argset>para marcar el primer gol , pocos minutos después de que Stankovic lanzara un duro disparo que acabó con el balón en el lateral de la red de la meta inglesa . </example>
        <example file="CESS-CAST-AA/24092_20001029.tbf.xml" nodepath="3.2.1.1.2.1.0.1.4.1.1.1.1.1.0" sentencenodepath="3">El partido comenzó con la baja de última hora de Pellegrino , quien sufrió un tirón en el calentamiento y dejó su puesto en <argset><specifier>la</specifier><head>defensa </head></argset>a Bjorklund . </example>
        <example file="CESS-CAST-AA/24092_20001029.tbf.xml" nodepath="7.0.3.1.1.1.0.0" sentencenodepath="7">El once " rojillo " notó negativamente el autogol del <argset><head>defensa </head><reference_modifiers>navarro</reference_modifiers></argset>y el Valencia pasó a liderar el choque , explotando el pasillo de la banda derecha de Mendieta , lo que se plasmó en las ocasiones protagonizadas por Zahovic ( m.22 ) , Carew ( m.42 ) y , sobre_todo , un nuevo disparo de Zahovic ( m.28 ) que tras rebotar en Vidakovic a_punto estuvo de meterse en la portería de Nuno . </example>
        <example file="CESS-CAST-AA/4464_20001206.tbf.xml" nodepath="4.3.1.1.1" sentencenodepath="4">Por su parte , el venezolano Leo_"Torito"_Gámez , que ganó su cuarta corona mundial en cuatro divisiones distintas , al noquear a el japonés Hideki_Todaka en octubre pasado , tendrá en <argset><argument argument="arg0" thematicrole="agt" type="spec">su</argument><reference_modifiers>primera</reference_modifiers><head>defensa </head><argument argument="argM" function="cn" thematicrole="atr" type="s.a">titular</argument><argument argument="arg1" function="cn" thematicrole="pat" type="sp">de los supergallos</argument></argset>como rival a otro japonés , Setsuo_Kobayashi , que le recibirá el 3_de_marzo en la ciudad japonesa de Nagoya , donde , según portavoces del campeón , Ø recibirá una bolsa cercana a los 200.000 dólares . </example>
        <example file="CESS-CAST-AA/4506_20000406.tbf.xml" nodepath="0.0.0.1.1.2.1.0.0" sentencenodepath="0">Han_Willems , asesor del Gobierno holandés en_materia_de <argset><head>defensa </head></argset>, defendió hoy , Jueves , la tesis de que sea la Comisión_Europea la que administre el presupuesto para la formación y puesta_en_marcha de la Fuerza_Europea_de_Intervención_Rápida . </example>
        <example file="CESS-CAST-AA/4506_20000406.tbf.xml" nodepath="4.3.3.1.1.1.1.2.1.1.1.1.1.0" sentencenodepath="4">El especialista holandés consideró " vital " que los Quince establezcan una legislación para la estrategia de las pequeñas y medianas empresas ( PYMES ) en el sector de <argset><specifier>la</specifier><head>defensa </head></argset>, para poder hacer_frente a " la competencia " de los fabricantes de armamento de EEUU . </example>
        <example file="CESS-CAST-AA/4900_20000407.tbf.xml" nodepath="11.2.4.2.1.1.1.1.0" sentencenodepath="11">Rodrigo_Barrera reemplazó a Diego_Rivarola y , en el 71 , Musrri dio_paso a un tercer delantero , Jorge_Guzmán , con lo cual la " U " acentuó la presión sobre el área rival , pero sin lograr doblegar <argset><specifier>la</specifier><head>defensa </head><reference_modifiers>del River</reference_modifiers><reference_modifiers>, que salió airosa</reference_modifiers></argset>. </example>
        <example file="CESS-CAST-AA/6036_20001108.tbf.xml" nodepath="2.4.2.0.3.1.1.0" sentencenodepath="2">La selección , que notó la ausencia en el centro del campo del barcelonista Arteta , baja por lesión , y del valencianista Parri , que ayer jugó con su equipo en la Liga_de_Campeones , se obcecó en atacar por el centro , lo que facilitó el trabajo a <argset><specifier>la</specifier><head>defensa </head><argument argument="arg0" function="cn" thematicrole="agt" type="s.a">nórdica</argument><reference_modifiers>comandada por el interista Sinisola</reference_modifiers></argset>. </example>
        <example file="CESS-CAST-AA/6482_20000710.tbf.xml" nodepath="14.0.1.1" sentencenodepath="14"><argset><specifier>La</specifier><reference_modifiers>mejor</reference_modifiers><head>defensa </head><reference_modifiers>: La postura española</reference_modifiers></argset>. </example>
        <example file="CESS-CAST-AA/7089_20000510.tbf.xml" nodepath="3.2.3.4.1.0.0" sentencenodepath="3">para el jugador sueco el Bidasoa cuenta con un buen equipo y Ø no cree que Ø sea sólo en <argset><head>defensa </head></argset>. </example>
        <example file="CESS-CAST-AA/7642_20000309.tbf.xml" nodepath="2.2.1.1.0" sentencenodepath="2">El internacional sueco , que probablemente será titular el próximo domingo contra el Deportivo por la baja del sancionado Mauricio_Pellegrino , afirmó que <argset><specifier>la</specifier><head>defensa </head></argset>es uno de los pilares de este Valencia , que junto_con la del Alavés es la más fuerte de toda la liga y que , en_conjunto , ha contribuido al buen juego del equipo en los últimos partidos . </example>
        <example file="CESS-CAST-AA/9155_20000712.tbf.xml" nodepath="2.0.1.0.3.1.0.0.1.1.0.0" sentencenodepath="2">" A la selección Ø puedo aportarle lo mejor como <argset><head>defensa </head><reference_modifiers>central</reference_modifiers></argset>y no como lateral porque hace bastante Ø no juego ahí y Ø además no me siento bien en ese puesto . Si me toca jugar con Bermúdez o con Yepes me da igual , ambos son dos grandes defensas , con calidad y jerarquía , que pueden ser muy importantes frente_a Perú y Ecuador " , sostuvo Córdoba . </example>
        <example file="CESS-CAST-AA/9155_20000712.tbf.xml" nodepath="3.3.1.0.1.1.1.0" sentencenodepath="3">El seleccionador colombiano apelará por segunda vez al sistema de <argset><specifier>cuatro</specifier><head>defensas </head></argset>tras el fracaso de la línea de tres en el encuentro contra Argentina del pasado 29_de_junio , donde el equipo cafetero perdió por 3-1 en Bogotá . </example>
        <example file="CESS-CAST-AA/9155_20000712.tbf.xml" nodepath="5.2.2.1.1.2.1.1.0" sentencenodepath="5">El entrenador cafetero quiere jugársela frente_a Perú con el sistema que le ha dado resultados positivos a_lo_largo_de su carrera : <argset><specifier>cuatro</specifier><head>defensas </head><reference_modifiers>con líbero alternado</reference_modifiers></argset>, dos centrocampistas de marca , uno mixto , uno ofensivo y dos delanteros . </example>
        <example file="CESS-CAST-P/108_19990501.tbf.xml" nodepath="0.3.1.0.0" sentencenodepath="0">El Gobierno chileno salió ayer en <argset><head>defensa </head></argset>de la decisión de la Fiscalía_Antimonopolio que impidió a la filial chilena de Endesa_España , Enersis , hacerse con el control de Endesa_Chile . </example>
        <example file="CESS-CAST-P/117_19981201.tbf.xml" nodepath="11.2.0.1.1.5.1.1.0" sentencenodepath="11">Josep_Lluís_Núñez es consciente de que Ø se está quedando casi totalmente solo en <argset><argument argument="arg0" thematicrole="agt" type="spec">su</argument><head>defensa </head><argument argument="arg1" function="cn" thematicrole="pat" type="sp">del proyecto de Van_Gaal</argument></argset>. </example>
        <example file="CESS-CAST-P/126_20020502.tbf.xml" nodepath="2.3.2.1.1.1.1.0" sentencenodepath="2">Una vez más fue él quién retrató la inseguridad de <argset><specifier>la</specifier><head>defensa </head><argument argument="arg0" function="cn" thematicrole="agt" type="sp">del Barça</argument></argset>. </example>
        <example file="CESS-CAST-P/126_20020502.tbf.xml" nodepath="4.2.1.2.1.1.2.1.0.0" sentencenodepath="4">Su gol es el mejor ejemplo de las carencias azulgranas en <argset><head>defensa </head></argset>. </example>
        <example file="CESS-CAST-P/130_19991001.tbf.xml" nodepath="17.0.0.1.1.1" sentencenodepath="17">Con <argset><specifier>una</specifier><reference_modifiers>agresiva</reference_modifiers><head>defensa </head></argset>, los españoles anularon casi siempre las intenciones ofensivas de su rival y , cuando Ø se volcaron al ataque , Ø supieron explotar sus pocas ocasiones de gol . </example>
        <example file="CESS-CAST-P/132_20010301.tbf.xml" nodepath="17.0.1.1.1.1.1.3.1.1.1.1.0.0" sentencenodepath="17">Muy poco para una selección que sólo disparó una vez a portería en la Primera parte ( Iván_Helguera , m.18 ) y perdió la posición en <argset><head>defensa </head></argset>en dos jugadas que fueron el preámbulo del 1-0 , que llegó en una gran asistencia de Owen a Barmby ( m.37 ) . </example>
        <example file="CESS-CAST-P/149_20010502.tbf.xml" nodepath="7.1.1.0.0" sentencenodepath="7">ATAQUE CONTRA <argset><head>DEFENSA </head></argset>. </example>
        <example file="CESS-CAST-P/176_20001201.tbf.xml" nodepath="4.5.6.1.0.0" sentencenodepath="4">En_contra de la línea que ha definido últimamente los pulsos tácticos entre Aíto y Majkovic , dos personajes antagónicos , el partido tuvo pasión , fuerza , y un marcado tono ofensivo , como Ø podía esperarse de los dos equipos más efectivos del campeonato , aunque Barcelona y Unicaja también se emplearon con dureza en <argset><head>defensa </head></argset>. </example>
        <example file="CESS-CAST-P/176_20001201.tbf.xml" nodepath="6.2.1.1.4.2.0.1.1.1.0" sentencenodepath="6">El equipo de Maljkovic fue el primero que rompió el equilibrio con una excepcional racha de cinco triples seguidos en el segundo cuarto , en respuesta a <argset><specifier>una</specifier><head>defensa </head><argument argument="argM" function="cn" thematicrole="loc" type="sp">en zona del Barça</argument></argset>( 26-39 ) . </example>
        <example file="CESS-CAST-P/18_19990602_b.tbf.xml" nodepath="4.3.0.1.1.4.1.1.3.1.1.1.1.1.3.1.0.1.0" sentencenodepath="4">Ya Ø es hora de que los políticos , todos en_general y sin excepción , sientan en lo más profundo de su ser la responsabilidad que Ø adquieren al representar a todo un país que ha puesto en sus manos , entre otras obligaciones , <argset><specifier>la</specifier><head>defensa </head><argument argument="arg1" function="cn" thematicrole="pat" type="sp">de su honor</argument></argset>y el derecho a ser respetados . </example>
        <example file="CESS-CAST-P/20_20010102.tbf.xml" nodepath="1.2.3.0.2.1.4.1.3.4.1.1.1.4.1.1.0" sentencenodepath="1">Su experiencia en el puesto se produjo durante el mandato de Gerald_Ford , entre 1975 y 1977 , pero Ø también fue jefe de gabinete con Nixon , Reagan y el primer Bush , padre del electo George_Bush , que ahora le ha designado para un puesto en el que Ø da prioridad a <argset><specifier>la</specifier><head>defensa </head><reference_modifiers>antimisiles</reference_modifiers></argset>. </example>
        <example file="CESS-CAST-P/22_19990201.tbf.xml" nodepath="12.3.3.0.1" sentencenodepath="12">Ayer , un caza F-16 estadounidense procedente de la base de Incirlik , en el sur de Turquía , disparó , " en <argset><reference_modifiers>legítima</reference_modifiers><head>defensa </head></argset>" , un misil contra un radar iraquí , que constituía " una amenaza para los aparatos aliados " , según un comunicado de EEUU . </example>
        <example file="CESS-CAST-P/22_19990201.tbf.xml" nodepath="17.3.1.1.1.2.1.0" sentencenodepath="17">El Sábado se produjeron seis incidentes entre cazas estadounidenses y <argset><specifier>la</specifier><head>defensa </head><reference_modifiers>antiaérea</reference_modifiers><argument argument="arg0" function="cn" thematicrole="agt" type="s.a">iraquí</argument></argset>en esta misma zona de exclusión , que Bagdad considera ilegal . </example>
        <example file="CESS-CAST-P/30_20000903.tbf.xml" nodepath="13.2.5.1.2.1.1.1.1.1.0.0" sentencenodepath="13">Lo que sí Ø reconoció es que la trayectoria del PNV durante los últimos meses " no aporta la confianza suficiente para compartir un proyecto en <argset><head>defensa </head><argument argument="arg1" function="cn" thematicrole="pat" type="sp">de la paz</argument></argset>" . </example>
        <example file="CESS-CAST-P/34_20000903.tbf.xml" nodepath="26.0.1.0.1.2.1.0" sentencenodepath="26">Sólo así , compaginando <argset><specifier>la</specifier><head>defensa </head></argset>. </example>
        <example file="CESS-CAST-P/36_20000501.tbf.xml" nodepath="65.5.3.4.1.1.0" sentencenodepath="65">Pero Ø sólo podremos modificar la actuación de CiU cuando el PSC deje de respaldar los planteamientos de los nacionalistas y Ø se sume sin complejos a <argset><specifier>la</specifier><head>defensa </head><argument argument="arg1" function="cn" thematicrole="pat" type="sp">de una sociedad bilingüe</argument></argset>. </example>
        <example file="CESS-CAST-P/36_20000903.tbf.xml" nodepath="5.3.4.0.2.1.1.1.2.1.0" sentencenodepath="5">El nuevo escenario refrenda esta línea , porque el PP es decisivo en el Parlament e imprescindible para transmitir las inquietudes y <argset><specifier>la</specifier><head>defensa </head><argument argument="arg1" function="cn" thematicrole="pat" type="sp">de los intereses de Catalunya</argument><argument argument="argM" function="cn" thematicrole="loc" type="sp">ante el Gobierno_de_España</argument></argset>. </example>
        <example file="CESS-CAST-P/41_20020103.tbf.xml" nodepath="8.0.1.0" sentencenodepath="8"><argset><specifier>La</specifier><head>defensa </head><reference_modifiers>, en la que participa el francés François_Roux , contratado por la madre del procesado ,</reference_modifiers></argset>hizo constar que Ø considera insuficiente el tiempo para preparar la causa , que obliga a traducir del árabe una gran cantidad de documentos , citar a testigos que residen en diferentes países e investigar en Francia , Gran_Bretaña , Alemania y España . </example>
        <example file="CESS-CAST-P/49_19990501.tbf.xml" nodepath="1.0.1.0" sentencenodepath="1"><argset><specifier>La</specifier><head>defensa </head><argument argument="arg1" function="cn" thematicrole="pat" type="sp">del financiero</argument></argset>alega que a éste no le conviene fugarse porque existe una orden de busca y captura de Kuwait . </example>
        <example file="CESS-CAST-P/49_19990501.tbf.xml" nodepath="2.0.1.0" sentencenodepath="2"><argset><specifier>La</specifier><head>defensa </head><argument argument="arg1" function="cn" thematicrole="pat" type="sp">de Javier_de_la_Rosa , quien se encuentra en prisión desde hace más de seis meses ,</argument></argset>ha solicitado de_nuevo a la juez del caso Torras su puesta_en_libertad por estimar que no existe ningún riesgo de fuga . </example>
        <example file="CESS-CAST-P/49_19990501.tbf.xml" nodepath="4.1.1.0" sentencenodepath="4">Con este documento , <argset><specifier>la</specifier><head>defensa </head><argument argument="arg1" function="cn" thematicrole="pat" type="sp">de De_la_Rosa</argument></argset>quiere subrayar que " España es el lugar más seguro " para él , ya_que Ø no puede ser extraditado por su condición de ciudadano español . </example>
        <example file="CESS-CAST-P/49_19990501.tbf.xml" nodepath="16.0.1.1.1.1.1.0" sentencenodepath="16">Los argumentos esgrimidos por <argset><specifier>la</specifier><head>defensa </head><argument argument="arg1" function="cn" thematicrole="pat" type="sp">de De_la_Rosa</argument></argset>han sido desestimados en varias ocasiones por el Juzgado_Central_de_Instrucción número 3 de la Audiencia_Nacional . </example>
        <example file="CESS-CAST-P/51_20010102.tbf.xml" nodepath="1.1.2.2.1.3.1.1.1" sentencenodepath="1">En el tradicional mensaje de Nochevieja , Ø hizo un nuevo llamamiento al diálogo para solucionar el problema de la violencia y Ø expresó su " compromiso " con <argset><specifier>la</specifier>" <head>defensa </head><reference_modifiers>a_ultranza</reference_modifiers><argument argument="arg1" function="cn" thematicrole="pat" type="sp">de la libertad y la seguridad " de todas las personas</argument></argset>. </example>
        <example file="CESS-CAST-P/51_20010102.tbf.xml" nodepath="7.2.2.3.0.1.1.1.0" sentencenodepath="7">Ibarretxe precisó que el diálogo debe partir " del compromiso ético del respeto a la vida y a las libertades de todas las personas " , y que ello es compatible con <argset><specifier>la</specifier><head>defensa </head><argument argument="arg1" function="cn" thematicrole="pat" type="sp">de los diferentes proyectos políticos</argument></argset>. </example>
        <example file="CESS-CAST-P/53_20011201.tbf.xml" nodepath="1.2.5.1.1.1.4.2.0.1.1.0.3.0" sentencenodepath="1">El Gobierno vasco recauda todos los impuestos y Ø luego entrega al Estado una cantidad ( el cupo ) por los servicios que Ø presta en el País_Vasco , por los comunes <argset>( diplomacia , <head>defensa </head>... ) </argset>y la solidaridad . </example>
        <example file="CESS-CAST-P/67_20011001.tbf.xml" nodepath="3.3.1.1.0" sentencenodepath="3">Los representantes de las pymes deben aparcar los personalismos y las simpatías extraempresariales en_pro_de <argset><specifier>una</specifier><head>defensa </head><argument argument="arg1" function="cn" thematicrole="pat" type="sp">de intereses comunes</argument></argset>. </example>
        <example file="CESS-CAST-P/76_20010602.tbf.xml" nodepath="2.0.1.0" sentencenodepath="2"><argset><specifier>La</specifier><head>defensa </head></argset>explicó que la acusación , que inicialmente pedía tres penas de ocho años de internamiento por otros tantos delitos de asesinato , rebajó la petición a la vista de los informes psicológicos y psiquiátricos . </example>
        <example file="CESS-CAST-P/76_20010602.tbf.xml" nodepath="3.0.1.0" sentencenodepath="3"><argset><specifier>La</specifier><head>defensa </head></argset>añadió que las pruebas periciales " coinciden en que el menor padece una psicosis epiléptica , por lo que Ø no puede ser declarado plenamente responsable de sus actos " . </example>
      </examples>
    </frame>
  </sense>
  <sense cousin="no" denotation="event" id="2" lexicalized="no" originlemma="defender" originlink="verb.defender.1" wordnetsynset="16:00611021">
    <frame appearsinplural="no" type="default">
      <argument argument="arg0" thematicrole="agt">
        <constituent frequency="1" preposition="por_parte_de" type="sp"/>
        <constituent frequency="1" type="S"/>
      </argument>
      <argument argument="arg1" thematicrole="pat">
        <constituent frequency="8" preposition="de" type="sp"/>
        <constituent frequency="1" type="sp"/>
      </argument>
      <specifiers>
        <constituent frequency="5" type="void"/>
        <constituent frequency="6" postype="article" type="determiner"/>
      </specifiers>
      <reference_modifiers>
        <constituent frequency="1" preposition="como" type="sp"/>
        <constituent frequency="3" type="s.a"/>
      </reference_modifiers>
      <examples>
        <example file="CESS-CAST-A/11317_20000817.tbf.xml" nodepath="6.2.1.0.1.1.4.2.1.2.2.1.1.1.1.0.0" sentencenodepath="6">La operación está sujeta a ciertas " condiciones suspensivas " , como la obtención de autorizaciones administrativas de_acuerdo_con el contrato de concesión y con la ley de <argset><head>defensa </head><argument argument="arg1" function="cn" thematicrole="pat" type="sp">de la competencia</argument></argset>, y a otros requisitos como la confirmación de los vendedores que deberá ser emitida antes del 10_de_octubre próximo . </example>
        <example file="CESS-CAST-A/11977_20000215.tbf.xml" nodepath="1.3.5.3.1.1.1.1.1.1.0" sentencenodepath="1">En unas declaraciones a los periodistas antes de visitar la feria de arte Arco , Rato afirmó que , en_contra_de lo que sucedía durante la Presidencia de Felipe_González , el Gobierno analiza todas las decisiones empresariales " bajo el prisma de la ley y , especialmente , bajo el prisma de <argset><specifier>la</specifier><head>defensa </head><argument argument="arg1" function="cn" thematicrole="pat" type="sp">de la competencia</argument></argset>" . </example>
        <example file="CESS-CAST-A/15630_20001120.tbf.xml" nodepath="8.3.1.1.1.1.1.1.1.1.0.0" sentencenodepath="8">Al_hilo de esa consideración Ø señaló que ante las coincidencias entre ETA y los dirigentes del PNV y con independencia del resultado de un proceso electoral , la articulación de una política de <argset><head>defensa </head><argument argument="arg1" function="cn" thematicrole="pat" type="sp">de las libertades</argument></argset>no puede estar sujeta a la duda , y esas son las decisiones políticas que se tienen que tomar en ese marco de fondo , no en cuestiones accesorias . </example>
        <example file="CESS-CAST-A/15931_20000320.tbf.xml" nodepath="0.2.2.1.3.1.0" sentencenodepath="0">El lehendakari del Gobierno_Vasco , Juan_José_Ibarretxe , lamentó hoy que en la actual situación política " sobra arrogancia " y faltan " mensajes más tolerantes " , y Ø abogó por que se recupere <argset><specifier>la</specifier><head>defensa </head><argument argument="arg1" function="cn" thematicrole="pat" type="sp">del interés general</argument><reference_modifiers>como " columna vertebral " de la actuación de los partidos</reference_modifiers></argset>. </example>
        <example file="CESS-CAST-AA/5560_20001007.tbf.xml" nodepath="17.2.3.1.0.1.1.0.1.1.1.0" sentencenodepath="17">Durante los años_80 Ø se dedicó a la protección de los derechos_humanos y Ø se convirtió en miembro del comité para <argset><specifier>la</specifier><head>defensa </head><argument argument="arg1" function="cn" thematicrole="pat" type="sp">de la libertad de expresión</argument></argset>. </example>
        <example file="CESS-CAST-AA/7453_20000209.tbf.xml" nodepath="7.3.1.0.1.0" sentencenodepath="7">La campaña electoral del ministro principal , Peter_Caruana , de 43 años , a quien las últimas encuestas otorgan la victoria , se ha centrado en <argset><specifier>la</specifier><head>defensa </head><argument argument="arg1" function="cn" thematicrole="pat" type="sp">de una reforma de la Constitución gibraltareña</argument></argset>y poder modificar así su actual condición de colonia . </example>
        <example file="CESS-CAST-AA/8697_20001011.tbf.xml" nodepath="5.4.1.1.1" sentencenodepath="5">Si_bien el artículo 25 del reglamento de la FEB , decreta la descalificación directa del agresor sin amonestación alguna , en_relación_a la gravedad de la conducta antideportiva , y se declararía el combate sin validez , el promotor exige en su carta que <argset><specifier>la</specifier><reference_modifiers>próxima</reference_modifiers><head>defensa </head><argument argument="arg1" function="cn" thematicrole="pat" type="sp">del título</argument><argument argument="arg0" function="cn" thematicrole="agt" type="sp">por_parte_de Peña</argument></argset>" Ø la realice frente_a Xavi_Moya , aún_cuando de haberse aplicado el reglamento vigente , lo justo habría sido su descalificación " . </example>
        <example file="CESS-CAST-AA/9462_20000115.tbf.xml" nodepath="2.4.1.0.0" sentencenodepath="2">Portillo se comprometió a revisar los procesos de privatización que realizó su antecesor , Alvaro_Arzú , y garantizar el efectivo control y regulación del Estado en <argset><head>defensa </head><argument argument="arg1" function="cn" thematicrole="pat" type="sp">de los intereses y los derechos de los consumidores</argument></argset>. </example>
        <example file="CESS-CAST-P/1_20000702.tbf.xml" nodepath="11.2.1.1.3.2.1.0" sentencenodepath="11">La fabulosa herencia de Carlos_V , la monarquía hispánica y Reyes Poderosos son tres apartados donde se explican la herencia territorial del primer monarca de la Casa_de_Austria , " que tenía en España su núcleo de poder " ; <argset><specifier>la</specifier><head>defensa </head><argument argument="arg1" function="cn" thematicrole="pat" type="sp">de la unidad católica y de la " hegemonía de España "</argument><argument argument="arg0" function="cn" thematicrole="agt" type="S">llevada_a_cabo por su hijo Felipe_II</argument>, </argset>y la " epopeya americana " que supuso la colonización de las Indias . </example>
        <example file="CESS-CAST-P/20_20010102.tbf.xml" nodepath="5.1.2.1.1.1.1.0.0" sentencenodepath="5">En los próximos años , Rumsfeld deberá reducir el número de armas nucleares de Estados_Unidos y diseñar un sistema de <argset><head>defensa </head><reference_modifiers>antimisiles</reference_modifiers></argset>que sea capaz de proteger a los 50 estados de la Unión y a sus países aliados . </example>
        <example file="CESS-CAST-P/32_19990501.tbf.xml" nodepath="3.3.0.2.1.1.1.1.1.2.3.0.2.2.2.1.0.0" sentencenodepath="3">Kosovo también centró buena parte de la ofensiva de la aviación aliada , que bombardeó puestos de las fuerzas especiales de la policía serbia , así_como líneas de comunicación y sistemas integrados de <argset><head>defensa </head><reference_modifiers>antiaérea</reference_modifiers></argset>. </example>
      </examples>
    </frame>
  </sense>
  <sense cousin="no" denotation="underspecified" id="3" lexicalized="no" originlemma="defender" originlink="verb.defender.1" wordnetsynset="16:00787171">
    <frame appearsinplural="no" type="default">
      <argument argument="arg0" thematicrole="agt">
        <constituent frequency="2" postype="possessive" type="determiner"/>
      </argument>
      <argument argument="arg1" thematicrole="pat">
        <constituent frequency="4" preposition="de" type="sp"/>
      </argument>
      <specifiers>
        <constituent frequency="3" postype="article" type="determiner"/>
        <constituent frequency="2" postype="possessive" type="determiner"/>
      </specifiers>
      <reference_modifiers>
        <constituent frequency="2" type="s.a"/>
      </reference_modifiers>
      <examples>
        <example file="CESS-CAST-A/10242_20000816.tbf.xml" nodepath="17.2.3.1.1.1.1.2.3.1.1.1.0.2.1.1.0" sentencenodepath="17">Lieberman no habló hoy durante la convención y Ø dedicó el día a tranquilizar a los demócratas de raza negra , algunos de los cuales habían mostrado sus dudas acerca_del historial del senador por Connecticut en_cuanto_a <argset><specifier>la</specifier><head>defensa </head><argument argument="arg1" function="cn" thematicrole="pat" type="sp">de los derechos civiles</argument></argset>. </example>
        <example file="CESS-CAST-AA/21758_20000627.tbf.xml" nodepath="16.3.4.0.2.1.2.1.0" sentencenodepath="16">También aparece como novedad un reforzamiento del dispositivo de medidas para la protección del medio_ambiente , una recomendación sobre derechos_humanos y nuevos capítulos sobre la lucha contra la corrupción y <argset><specifier>la</specifier><head>defensa </head><argument argument="arg1" function="cn" thematicrole="pat" type="sp">del consumidor</argument></argset>. </example>
        <example file="CESS-CAST-AA/4464_20001206.tbf.xml" nodepath="2.0.3.2.1.1" sentencenodepath="2">" En supergallo , el venezolano Yober_Ortega tendrá su oportunidad de disputar la corona con el campeón Clarence_Adams , mientras Leo_Gámez , campeón supermosca , tendrá <argset><argument argument="arg0" thematicrole="agt" type="spec">su</argument><reference_modifiers>primera</reference_modifiers><head>defensa </head></argset>ante el japonés Setsuo_Kobayashi " , aseveró Mendoza . </example>
        <example file="CESS-CAST-AA/8504_20001212.tbf.xml" nodepath="2.0.0.1.1.2.1.1.1.0" sentencenodepath="2">José_Segura , diputado socialista encargado de <argset><specifier>la</specifier><head>defensa </head><argument argument="arg1" function="cn" thematicrole="pat" type="sp">de la Proposición</argument></argset>, añadió desde la tribuna que " Ø queremos rebajas de los peajes de las autopistas , pero no a_costa_de los ciudadanos , sino_que Ø se produzca desde una corrección de la desigualdad de los equilibrios económicos-financieros en defecto y en exceso de las empresas , para conseguir que las situaciones de mayor prosperidad repercutan en el interés general " . </example>
        <example file="CESS-CAST-P/108_20000702.tbf.xml" nodepath="0.3.2.1.1.1.1.1.0" sentencenodepath="0">El cantautor Joan_Manuel_Serrat animó ayer , tras recibir un premio por <argset><argument argument="arg0" thematicrole="agt" type="spec">su</argument><head>defensa </head><reference_modifiers>constante</reference_modifiers><argument argument="arg1" function="cn" thematicrole="pat" type="sp">de la naturaleza</argument></argset>, a no someter el medio natural a los criterios económicos convencionales . </example>
      </examples>
    </frame>
  </sense>
  <sense cousin="no" denotation="result" id="4" lexicalized="no" originlemma="defender" originlink="verb.defender.2" wordnetsynset="16:02551913">
    <frame appearsinplural="no" type="default">
      <argument argument="argM" thematicrole="adv">
        <constituent frequency="1" type="s.a"/>
      </argument>
      <specifiers>
        <constituent frequency="1" type="void"/>
      </specifiers>
      <examples>
        <example file="CESS-CAST-AA/3121_20000605.tbf.xml" nodepath="5.3.3.5.1.1.3.1.0.0" sentencenodepath="5">AVUI destaca en su apertura que " ETA retoma la ofensiva contra el PP asesinando a un concejal de Durango " , " Putin deja la puerta abierta a un futuro pacto con EEUU sobre <argset><head>defensa </head><argument argument="argM" function="cn" thematicrole="adv" type="s.a">antimisiles</argument></argset>" y " las empresas aplazan la salida a Bolsa a_causa_de la inestabilidad de los mercados " . </example>
      </examples>
    </frame>
  </sense>
  <sense alternativelemma="sistema_nacional_de_defensa_antimisiles" cousin="no" denotation="result" id="5" lexicalizationtype="nominal" lexicalized="yes" originlemma="defender" originlink="verb.defender.2" wordnetsynset="16:00527713">
    <frame appearsinplural="no" type="default">
      <argument argument="argL">
        <constituent frequency="1" type="s.a"/>
      </argument>
      <specifiers>
        <constituent frequency="1" type="void"/>
      </specifiers>
      <examples>
        <example file="3LB-CAST/2000060211_6-2.tbf.xml" nodepath="3.0.3.1.1.1.1.1.2.1.1.1.2.1.0.0" sentencenodepath="3">Alemania y Estados_Unidos no llegaron a ningún consenso sobre el proyecto de Washington de instaurar un sistema nacional de <argset><head>defensa </head><argument argument="argL" function="cn" type="s.a">antimisiles</argument></argset>( NMD ) , informaron fuentes del Gobierno alemán tras la cumbre entre el presidente de EEUU , Bill_Clinton , y el canciller alemán , Gerhard_Schroeder . </example>
      </examples>
    </frame>
  </sense>
</lexentry>
