<?xml version="1.0" encoding="UTF-8" standalone="no"?>
<!-- 

  ancoralex-2.0.3
       
			Copyright (C) 2007,2008,2009,2010,2011 CLiC - UB
			Centre de Llenguatge i Computació - Universitat de Barcelona
 
  This file is part of ancoralex-2.0.3.
 
  ancoralex-2.0.3 is free software and data: you can redistribute it and/or modify
  it under the terms of the GNU General Public License as published
  by the Free Software Foundation, either version 3 of the License,
  or (at your option) any later version.

  ancoralex-2.0.3 is distributed in the hope that it will be useful,
  but WITHOUT ANY WARRANTY; without even the implied warranty of
  MERCHANTABILITY or FITNESS FOR A PARTICULAR PURPOSE.  See the
  GNU General Public License for more details.
 
  You should have received a copy of the GNU General Public License
  along with ancoralex-2.0.3.  If not, see &lt;http://www.gnu.org/licenses/&gt;.
 
  Check a text in catalan explaining the terms of the license at http://www.softcatala.cat/wiki/GPL3.
  In spanish at http://www.viti.es/gnu/licenses/gpl.html
  
  The following paper must be cited when using verb lexicon: 

 * Aparicio, Juan, Mariona Taulé, M.Antònia Martí (2008) 'AnCora-Verb: A Lexical Resource for 
   the Semantic Annotation of Corpora'. Proceedings of 6th International Conference on Language 
   Resources and Evaluation. Marrakesh (Morocco).

  The following paper must be cited when using noun lexicon: 

 * Peris, Aina, Mariona Taulé (2011). AnCora-Nom: A Spanish lexicon of deverbal nominalizations. 
   Procesamiento del Lenguaje Natural, nº46, pp. 11-18.
 
 

 

-->

<lexentry lemma="deflación" lng="es" origin="deverbal" type="noun">
  <sense cousin="yes" denotation="result" id="1" lexicalized="no" originlemma="descender" originlink="verb.descender.1" wordnetsynset="16:09728272">
    <frame appearsinplural="no" type="default">
      <specifiers>
        <constituent frequency="2" type="void"/>
        <constituent frequency="2" postype="article" type="determiner"/>
      </specifiers>
      <examples>
        <example file="CESS-CAST-A/14479_20000418.tbf.xml" nodepath="3.2.5.0.0.1" sentencenodepath="3">En 1999 , EEUU tuvo una inflación acumulada del 2,7_por_ciento ; en_cambio , en Argentina , en_vez_de subir , los precios al consumo bajaron <argset>( <head>deflación </head>) </argset>un 1,8_por_ciento . </example>
        <example file="CESS-CAST-AA/2137_20000704.tbf.xml" nodepath="3.2.3.1.1.1.1.1.1.1.1.1.0" sentencenodepath="3">Para apoyar la reactivación de la economía de Obuchi , el Banco_de_Japón congeló los tipos de interés día_a_día en el 0,15_por_ciento en febrero_de_1999 , y Ø justificó su continuidad con el argumento de que la amenaza de <argset><specifier>la</specifier><head>deflación </head></argset>es aún latente . </example>
        <example file="CESS-CAST-AA/2137_20000704.tbf.xml" nodepath="5.4.0.1.1.1.1.1.0" sentencenodepath="5">Por_su_parte , Miyazawa comentó hoy que los temores de <argset><specifier>la</specifier><head>deflación </head></argset>continúan y que el hecho de que las grandes corporaciones se muestren optimistas con_vistas_a la inversión futura , no es motivo suficiente para poner_fin a los tipos de interés próximos a cero . </example>
        <example file="CESS-CAST-AA/4020_20000906.tbf.xml" nodepath="9.3.3.1.2.3.4.1.1.1.0.0" sentencenodepath="9">En este sentido , Ø explicó que la cifra más destacable es el incremento de la inflación anual registrado en el primer semestre de este año con_respecto_al año anterior , cuando se produjo una situación de <argset><head>deflación </head></argset>. </example>
      </examples>
    </frame>
  </sense>
</lexentry>
