<?xml version="1.0" encoding="UTF-8" standalone="no"?>
<!-- 

  ancoralex-2.0.3
       
			Copyright (C) 2007,2008,2009,2010,2011 CLiC - UB
			Centre de Llenguatge i Computació - Universitat de Barcelona
 
  This file is part of ancoralex-2.0.3.
 
  ancoralex-2.0.3 is free software and data: you can redistribute it and/or modify
  it under the terms of the GNU General Public License as published
  by the Free Software Foundation, either version 3 of the License,
  or (at your option) any later version.

  ancoralex-2.0.3 is distributed in the hope that it will be useful,
  but WITHOUT ANY WARRANTY; without even the implied warranty of
  MERCHANTABILITY or FITNESS FOR A PARTICULAR PURPOSE.  See the
  GNU General Public License for more details.
 
  You should have received a copy of the GNU General Public License
  along with ancoralex-2.0.3.  If not, see &lt;http://www.gnu.org/licenses/&gt;.
 
  Check a text in catalan explaining the terms of the license at http://www.softcatala.cat/wiki/GPL3.
  In spanish at http://www.viti.es/gnu/licenses/gpl.html
  
  The following paper must be cited when using verb lexicon: 

 * Aparicio, Juan, Mariona Taulé, M.Antònia Martí (2008) 'AnCora-Verb: A Lexical Resource for 
   the Semantic Annotation of Corpora'. Proceedings of 6th International Conference on Language 
   Resources and Evaluation. Marrakesh (Morocco).

  The following paper must be cited when using noun lexicon: 

 * Peris, Aina, Mariona Taulé (2011). AnCora-Nom: A Spanish lexicon of deverbal nominalizations. 
   Procesamiento del Lenguaje Natural, nº46, pp. 11-18.
 
 

 

-->

<lexentry lemma="delincuencia" lng="es" origin="deverbal" type="noun">
  <sense cousin="no" denotation="result" id="1" lexicalized="no" originlemma="delinquir" originlink="verb.delinquir.1" wordnetsynset="16:cs2">
    <frame appearsinplural="no" type="default">
      <argument argument="arg0" thematicrole="agt">
        <constituent frequency="1" preposition="de" type="sp"/>
      </argument>
      <specifiers>
        <constituent frequency="5" postype="article" type="determiner"/>
        <constituent frequency="3" type="void"/>
      </specifiers>
      <reference_modifiers>
        <constituent frequency="1" type="S"/>
        <constituent frequency="2" type="s.a"/>
      </reference_modifiers>
      <examples>
        <example file="3LB-CAST/211_C-4.tbf.xml" nodepath="10.4.1.3.1.1.1.1.1.3.1.1.1.2.1.1.0" sentencenodepath="10">Entre las medidas adoptadas por su gobierno Ø también destacó la reforma del polémico Código_Orgánico_Procesar_Penal ( COPP ) en_cuanto_a la suficiencia de disponer de pruebas de un delito para detener a su autor , uno de los puntos más criticados por muchos estamentos de la sociedad por el incremento que ha habido de <argset><specifier>la</specifier><head>delincuencia </head></argset>desde que entró en vigor esa ley , hace once meses . </example>
        <example file="CESS-CAST-A/10150_20001114.tbf.xml" nodepath="25.3.0.3.2.2.1.1.10.1.1.1.0.0" sentencenodepath="25">La gobernabilidad requiere , según la Declaración , transformaciones sociales , económicas y culturales profundas que conduzcan a disminuir las desigualdades y la exclusión social , y a superar la pobreza , la corrupción , el terrorismo , el narcotráfico , el lavado de dinero y cualquier forma de <argset><head>delincuencia </head><reference_modifiers>organizada</reference_modifiers></argset>. </example>
        <example file="CESS-CAST-P/41_20000903.tbf.xml" nodepath="2.3.1.1.1.0" sentencenodepath="2">De nada sirve ya luchar contra <argset><specifier>la</specifier><head>delincuencia </head><reference_modifiers>internacional</reference_modifiers></argset>desde posiciones nacionales aisladas . </example>
        <example file="CESS-CAST-P/43_19981201.tbf.xml" nodepath="5.4.2.1.0.3.1.1.2.1.1.0" sentencenodepath="5">Según los investigadores , los autores desconocían que se trataba de una vivienda del president , por lo que Ø descartan otra motivación no relacionada con <argset><specifier>la</specifier><head>delincuencia </head><reference_modifiers>habitual</reference_modifiers></argset>. </example>
        <example file="CESS-CAST-P/49_20020502.tbf.xml" nodepath="1.0.3.1.2.1.2.1.1.0" sentencenodepath="1">Aunque Ø reforzaba el propósito del Gobierno de asociar la inmigración ilegal a <argset><specifier>la</specifier><head>delincuencia </head></argset>, el dato era falso . </example>
        <example file="CESS-CAST-P/49_20020502.tbf.xml" nodepath="3.0.1.0.2.1.0.0" sentencenodepath="3">Junto_al elevado índice de <argset><head>delincuencia </head><argument argument="arg0" function="cn" thematicrole="agt" type="sp">de los inmigrantes sumergidos en las bolsas de marginalidad</argument></argset>, hay al_menos otras dos causas que explican este dato : primero , que a muchos extranjeros ( 44.139 el año pasado ) se les detiene sólo por estar en situación irregular ; y segundo , que la fiscalía pide sistemáticamente el ingreso en prisión preventiva de los inmigrantes sin papeles . </example>
        <example file="CESS-CAST-P/49_20020502.tbf.xml" nodepath="4.2.6.1.1.1.0.1.1.0.0" sentencenodepath="4">Otras estadísticas , como la del Centro_de_Investigaciones_Sociológicas ( CIS ) , revelan que , a_diferencia_del Gobierno , los españoles aún no perciben la inmigración como sinónimo de <argset><head>delincuencia </head></argset>. </example>
        <example file="CESS-CAST-P/68_20000201.tbf.xml" nodepath="3.4.3.4.0.1.0" sentencenodepath="3">Pero la cruda realidad , como la norteamericana , nos muestra que estos métodos generan más violencia y Ø aumentan concretamente 10 veces más <argset><specifier>la</specifier><head>delincuencia </head></argset>, las víctimas y las prisiones . </example>
      </examples>
    </frame>
  </sense>
</lexentry>
