<?xml version="1.0" encoding="UTF-8" standalone="no"?>
<!-- 

  ancoralex-2.0.3
       
			Copyright (C) 2007,2008,2009,2010,2011 CLiC - UB
			Centre de Llenguatge i Computació - Universitat de Barcelona
 
  This file is part of ancoralex-2.0.3.
 
  ancoralex-2.0.3 is free software and data: you can redistribute it and/or modify
  it under the terms of the GNU General Public License as published
  by the Free Software Foundation, either version 3 of the License,
  or (at your option) any later version.

  ancoralex-2.0.3 is distributed in the hope that it will be useful,
  but WITHOUT ANY WARRANTY; without even the implied warranty of
  MERCHANTABILITY or FITNESS FOR A PARTICULAR PURPOSE.  See the
  GNU General Public License for more details.
 
  You should have received a copy of the GNU General Public License
  along with ancoralex-2.0.3.  If not, see &lt;http://www.gnu.org/licenses/&gt;.
 
  Check a text in catalan explaining the terms of the license at http://www.softcatala.cat/wiki/GPL3.
  In spanish at http://www.viti.es/gnu/licenses/gpl.html
  
  The following paper must be cited when using verb lexicon: 

 * Aparicio, Juan, Mariona Taulé, M.Antònia Martí (2008) 'AnCora-Verb: A Lexical Resource for 
   the Semantic Annotation of Corpora'. Proceedings of 6th International Conference on Language 
   Resources and Evaluation. Marrakesh (Morocco).

  The following paper must be cited when using noun lexicon: 

 * Peris, Aina, Mariona Taulé (2011). AnCora-Nom: A Spanish lexicon of deverbal nominalizations. 
   Procesamiento del Lenguaje Natural, nº46, pp. 11-18.
 
 

 

-->

<lexentry lemma="delito" lng="es" origin="deverbal" type="noun">
  <sense cousin="yes" denotation="result" id="1" lexicalized="no" originlemma="delinquir" originlink="verb.delinquir.1" wordnetsynset="16:00490590">
    <frame appearsinplural="yes" type="default">
      <argument argument="arg0" thematicrole="agt">
        <constituent frequency="1" preposition="de" type="sp"/>
        <constituent frequency="1" postype="possessive" type="determiner"/>
      </argument>
      <argument argument="argM" thematicrole="mnr">
        <constituent frequency="10" preposition="de" type="sp"/>
      </argument>
      <argument argument="argM" thematicrole="adv">
        <constituent frequency="1" preposition="de" type="sp"/>
        <constituent frequency="2" preposition="contra" type="sp"/>
      </argument>
      <argument argument="argM" thematicrole="cau">
        <constituent frequency="2" preposition="por" type="sp"/>
      </argument>
      <specifiers>
        <constituent frequency="20" postype="indefinite" type="determiner"/>
        <constituent frequency="19" postype="article" type="determiner"/>
        <constituent frequency="12" type="void"/>
        <constituent frequency="1" postype="numeral" type="determiner"/>
        <constituent frequency="2" postype="demonstrative" type="determiner"/>
        <constituent frequency="1" postype="z" type="determiner"/>
        <constituent frequency="1" postype="possessive" type="determiner"/>
      </specifiers>
      <reference_modifiers>
        <constituent frequency="9" type="s.a"/>
        <constituent frequency="9" type="S"/>
        <constituent frequency="1" type="S"/>
        <constituent frequency="1" preposition="contra" type="sp"/>
        <constituent frequency="10" preposition="de" type="sp"/>
        <constituent frequency="2" type="sn"/>
        <constituent frequency="2" type="sp"/>
      </reference_modifiers>
      <examples>
        <example file="3LB-CAST/211_C-4.tbf.xml" nodepath="10.4.1.2.1.1.1.1.1.1.0.1.1.1.0" sentencenodepath="10">Entre las medidas adoptadas por su gobierno Ø también destacó la reforma del polémico Código_Orgánico_Procesar_Penal ( COPP ) en_cuanto_a la suficiencia de disponer de pruebas de <argset><specifier>un</specifier><head>delito </head></argset>para detener a su autor , uno de los puntos más criticados por muchos estamentos de la sociedad por el incremento que ha habido de la delincuencia desde que entró en vigor esa ley , hace once meses . </example>
        <example file="3LB-CAST/211_C-6.tbf.xml" nodepath="1.2.1.2.5.2.2.1.0.1.1.1.1" sentencenodepath="1">La Fiscalía_General presentó su informe al_respecto , en el que no_obstante se decidía cerrar el expediente por falta de pruebas suficientes y por prescripción de <argset><specifier>los</specifier><reference_modifiers>presuntos</reference_modifiers><head>delitos </head></argset>, el pasado_jueves_25 , después de una investigación policial a la que es sometido un presidente por primera vez en la historia de Israel . </example>
        <example file="3LB-CAST/n1-15.tbf.xml" nodepath="5.1.2.2.1.2.1.6.1.1.1.1.1.0.0" sentencenodepath="5">Después_de que la madre de Enrique_Buendía ( uno de los líderes de la Corriente ) recogiera el fusil de su hijo muerto en combate , los discursos comenzaron y se enumeraron los logros del acuerdo : ayudas para créditos , becas para estudios , subsidio de paro durante dos años e indulto para los presos por <argset><head>delitos </head><reference_modifiers>relacionados con la revolución</reference_modifiers></argset>- un punto en el que algunos no estaban del_todo de_acuerdo porque Ø no se extiende a delitos relacionados con el secuestro , para los que hay una pena de 60 años - . </example>
        <example file="3LB-CAST/n1-15.tbf.xml" nodepath="5.1.2.2.1.2.1.6.2.2.1.5.5.1.0.0" sentencenodepath="5">Después_de que la madre de Enrique_Buendía ( uno de los líderes de la Corriente ) recogiera el fusil de su hijo muerto en combate , los discursos comenzaron y se enumeraron los logros del acuerdo : ayudas para créditos , becas para estudios , subsidio de paro durante dos años e indulto para los presos por delitos relacionados con la revolución - un punto en el que algunos no estaban del_todo de_acuerdo porque Ø no se extiende a <argset><head>delitos </head><reference_modifiers>relacionados con el secuestro</reference_modifiers><reference_modifiers>, para los que hay una pena de 60 años</reference_modifiers></argset>- . </example>
        <example file="CESS-CAST-A/11811_20000516.tbf.xml" nodepath="6.2.1.3.1.1.2.1.1.1" sentencenodepath="6">Otra nota que empañó el proceso previo a la cita con las urnas ha sido la denuncia en las últimas horas de la propia Junta_Central_Electoral ( JCE ) de la detención de ciudadanos por <argset><specifier>el</specifier><reference_modifiers>único</reference_modifiers><head>delito </head><argument argument="argM" function="cn" thematicrole="mnr" type="sp">de ser negros</argument></argset>, pensando que se trataba de haitianos camuflados , para arrebatarles su cédula de identidad . </example>
        <example file="CESS-CAST-A/16875_20000321.tbf.xml" nodepath="4.2.2.1.2.1.4.1.1.1.1.1" sentencenodepath="4">Sin_embargo , Bell resaltó el gran esfuerzo que el Gobierno está haciendo y Ø enumeró los avances logrados en los últimos años en_materia_de protección de la población civil y de los defensores de derechos_humanos , la tipificación en el Código_Penal del reclutamiento de menores o las investigaciones de <argset><specifier>los</specifier><reference_modifiers>presuntos</reference_modifiers><head>delitos </head><reference_modifiers>cometidos por miembros de las Fuerzas_Armadas</reference_modifiers></argset>. </example>
        <example file="CESS-CAST-A/17984_20000222.tbf.xml" nodepath="4.2.1.0.1.1.1.1.0.3.3.1.0.0" sentencenodepath="4">La segunda más votada ha sido Yamile_Kadivar , hermana del clérigo musulmán chií Mohsen_Kadivar , condenado a cinco años de cárcel el pasado año por pedir la separación entre religión y política ; y el tercero Ali_Reza_Nuri , hermano del también religioso Abdola_Nuri , condenado también por <argset><head>delitos </head><reference_modifiers>contra la religión</reference_modifiers></argset>. </example>
        <example file="CESS-CAST-A/18733_20000223.tbf.xml" nodepath="3.5.1.1.0" sentencenodepath="3">Estos dos supuestos jefes del aparato logístico de ETA cuando Ø fueron detenidos en julio_de_1996 , purgan ya otras penas en Francia por <argset><specifier>el mismo</specifier><head>delito </head></argset>. </example>
        <example file="CESS-CAST-AA/20613_20000428.tbf.xml" nodepath="3.2.5.1.1.0" sentencenodepath="3">Berenson fue detenida en diciembre_de_1995 junto_con otros militantes del Movimiento_Revolucionario_Tupac_Amaru ( MRTA ) que planeaban asaltar el Congreso peruano y al año siguiente un tribunal militar anónimo la condenó a cadena perpetua por <argset><specifier>el</specifier><head>delito </head><reference_modifiers>de Traición a la Patria</reference_modifiers></argset>pese_a su condición de extranjera . </example>
        <example file="CESS-CAST-AA/21342_20000526.tbf.xml" nodepath="0.0.2.1.1.3.1.1.1.0.1.1.0.1.0.1.1.1.1.0.0" sentencenodepath="0">El Consejo_de_Ministros ha aprobado un acuerdo por el que se autoriza la firma del Convenio_Europeo sobre indemnización a las víctimas de <argset><head>delitos </head><reference_modifiers>violentos</reference_modifiers></argset>y contra la libertad sexual , informa el Portavoz_del_Gobierno . </example>
        <example file="CESS-CAST-AA/21342_20000526.tbf.xml" nodepath="1.3.1.1.1.0.2.1.1.1.1.3.0.1" sentencenodepath="1">Este acuerdo tiene por objeto el establecimiento de normas mínimas para que el Estado en cuyo territorio se han producido <argset>" <head>delitos </head>
            <reference_modifiers>violentos</reference_modifiers>" </argset>indemnice a las víctimas de los mismos , en_especial en los casos en los que el autor del delito no fuese identificado o Ø careciera de recursos . </example>
        <example file="CESS-CAST-AA/21342_20000526.tbf.xml" nodepath="1.3.1.1.1.0.2.1.4.2.1.1.1.1.0.0.1.1.1.0.0" sentencenodepath="1">Este acuerdo tiene por objeto el establecimiento de normas mínimas para que el Estado en cuyo territorio se han producido " delitos violentos " indemnice a las víctimas de los mismos , en_especial en los casos en los que el autor del <argset><head>delito </head></argset>no fuese identificado o Ø careciera de recursos . </example>
        <example file="CESS-CAST-AA/21342_20000526.tbf.xml" nodepath="2.3.4.1.1.0.1.1.1.3.1.0.2.1.1.0" sentencenodepath="2">En_concreto , se establece que cuando la indemnización no pueda hacerse enteramente efectiva por otras fuentes , el Estado deberá contribuir a indemnizar a las personas que hubieran sufrido lesiones graves o daños en su salud como resultado directo de <argset><specifier>un</specifier><head>delito </head><reference_modifiers>de violencia</reference_modifiers></argset>, así_como a las personas que estuvieran a_cargo_de la persona fallecida como_consecuencia_de un delito de esa clase . </example>
        <example file="CESS-CAST-AA/21342_20000526.tbf.xml" nodepath="2.3.4.1.1.2.1.1.1.2.1.1.1.1.1.1.0" sentencenodepath="2">En_concreto , se establece que cuando la indemnización no pueda hacerse enteramente efectiva por otras fuentes , el Estado deberá contribuir a indemnizar a las personas que hubieran sufrido lesiones graves o daños en su salud como resultado directo de un delito de violencia , así_como a las personas que estuvieran a_cargo_de la persona fallecida como_consecuencia_de <argset><specifier>un</specifier><head>delito </head><reference_modifiers>de esa clase</reference_modifiers></argset>. </example>
        <example file="CESS-CAST-AA/21342_20000526.tbf.xml" nodepath="3.2.1.1.1.3.1.0" sentencenodepath="3">Dicha indemnización será pagada por el Estado en cuyo territorio se hubiera cometido <argset><specifier>el</specifier><head>delito </head></argset>a los habitantes de los estados firmantes del Convenio y a los de todos los estados miembros del Consejo_de_Europa que tengan su residencia permanente en el Estado en cuyo territorio se hubiera cometido el delito . </example>
        <example file="CESS-CAST-AA/21342_20000526.tbf.xml" nodepath="3.3.2.1.1.1.3.1.1.1.3.1.0" sentencenodepath="3">Dicha indemnización será pagada por el Estado en cuyo territorio se hubiera cometido el delito a los habitantes de los estados firmantes del Convenio y a los de todos los estados miembros del Consejo_de_Europa que tengan su residencia permanente en el Estado en cuyo territorio se hubiera cometido <argset><specifier>el</specifier><head>delito </head></argset>. </example>
        <example file="CESS-CAST-AA/24537_20001030.tbf.xml" nodepath="5.7.2.3.1.1.1" sentencenodepath="5">En este apartado " Ø vamos a reservarnos la posibilidad de mandarlo ( el expediente ) al fiscal " , anunció Alonso , por si Ø pudiera haber incurrido en <argset><specifier>un</specifier><reference_modifiers>presunto</reference_modifiers><head>delito </head><reference_modifiers>de falsedad documental</reference_modifiers></argset>. </example>
        <example file="CESS-CAST-AA/2735_20000504.tbf.xml" nodepath="5.3.3.0.0" sentencenodepath="5">En el " caso Atlético " se investiga si Gil y otros nueve imputados cometieron <argset><head>delitos </head><argument argument="argM" function="cn" thematicrole="adv" type="sp">de estafa y apropiación indebida de algo más de nueve_mil millones de pesetas</argument></argset>en el club de fútbol . </example>
        <example file="CESS-CAST-P/104_20010802.tbf.xml" nodepath="1.3.1.2.1.0.1.5.1.1.0" sentencenodepath="1">En estos términos justifica la Audiencia_de_Girona la petición de indulto para Javier_Martín_Gualda , Ramon_Deulofeu_Revuelta y Marc_Ribas_Servià , a quienes Ø condenaba a dos años y tres meses de cárcel por <argset><specifier>un</specifier><head>delito </head><argument argument="argM" function="cn" thematicrole="adv" type="sp">contra la salud pública</argument></argset>. </example>
        <example file="CESS-CAST-P/11_20001202.tbf.xml" nodepath="1.2.1.0.1.3.3.1.1.1.0.0" sentencenodepath="1">La medida alcanzará a 460 , todos los que lo habían solicitado y que no estaban condenados por <argset><specifier>otros</specifier><head>delitos </head>o agravantes </argset>. </example>
        <example file="CESS-CAST-P/11_20001202.tbf.xml" nodepath="8.3.0.2.4.1.3.1.1.0" sentencenodepath="8">Según sus datos , " hay miles de insumisos condenados que no han solicitado el indulto porque Ø no creen haber cometido <argset><specifier>un</specifier><head>delito </head></argset>, sino_que Ø han ejercido su derecho a la desobediencia civil " . </example>
        <example file="CESS-CAST-P/142_20010302.tbf.xml" nodepath="3.4.1.3.3.1.0" sentencenodepath="3">Allí se analizarán todas las pruebas por si se entiende que Ø constituyen <argset><specifier>un</specifier><head>delito </head><argument argument="argM" function="cn" thematicrole="mnr" type="sp">de falsedad en documento público</argument></argset>. </example>
        <example file="CESS-CAST-P/17_20000301.tbf.xml" nodepath="13.1.4.1.2.2.3.0.1.1.1.1.1.0" sentencenodepath="13">La decisión tiene trascendencia jurídica y sin_duda también social , porque el tribunal ha aceptado el planteamiento de la acusación popular ejercida por el Movimiento_contra_la_intolerancia , de que los 10 miembros de la banda ultra que acompañaban al presunto autor material del homicidio , sean juzgados por la comisión de <argset><specifier>un</specifier><head>delito </head><argument argument="argM" function="cn" thematicrole="mnr" type="sp">de asociación ilícita</argument></argset>y no - - como así sostenían el juez instructor y el fiscal - - por la comisión de un delito de desórdenes públicos . </example>
        <example file="CESS-CAST-P/17_20000301.tbf.xml" nodepath="13.1.4.1.2.2.3.2.2.1.1.1.1.1.0" sentencenodepath="13">La decisión tiene trascendencia jurídica y sin_duda también social , porque el tribunal ha aceptado el planteamiento de la acusación popular ejercida por el Movimiento_contra_la_intolerancia , de que los 10 miembros de la banda ultra que acompañaban al presunto autor material del homicidio , sean juzgados por la comisión de un delito de asociación ilícita y no - - como así sostenían el juez instructor y el fiscal - - por la comisión de <argset><specifier>un</specifier><head>delito </head><argument argument="argM" function="cn" thematicrole="mnr" type="sp">de desórdenes públicos</argument></argset>. </example>
        <example file="CESS-CAST-P/17_20000301.tbf.xml" nodepath="14.3.2.1.0" sentencenodepath="14">El cambio es importante , porque <argset><specifier>el</specifier><head>delito </head><reference_modifiers>finalmente imputado</reference_modifiers></argset>es más grave que el que inicialmente se planteaba en la instrucción del caso . </example>
        <example file="CESS-CAST-P/17_20000301.tbf.xml" nodepath="20.3.4.1.1.0.0.1.1.1.0.4.1.1.1.1.0" sentencenodepath="20">Mientras_que el artículo 515 prescribe que son punibles las asociaciones ilícitas y , entre otras , el Código atribuye esta condición a las siguientes : las que " después de constituidas promuevan la comisión de <argset><specifier>un</specifier><head>delito </head></argset>" ; " las bandas armadas " ; " las que , aun teniendo por objeto un fin lícito , empleen medios violentos ... " ; " las que promuevan el odio o la violencia contra las personas , grupos o asociaciones por razón de su ideología , religión , creencias , la pertenencia de sus miembros o de algunos de ellos a una etnia , raza , o nación , su sexo , orientación sexual ... " , etcétera . </example>
        <example file="CESS-CAST-P/1_20020901.tbf.xml" nodepath="6.3.1.2.1.1.1.0.0" sentencenodepath="6">La mayoría de las denuncias acaban en un juicio de faltas al no apreciarse la existencia de <argset><head>delito </head></argset>. </example>
        <example file="CESS-CAST-P/1_20020901.tbf.xml" nodepath="8.2.1.1.2.0.0" sentencenodepath="8">Los tribunales celebraron otros 19 juicios en los que existía <argset><head>delito </head></argset>, dictando una sola sentencia absolutoria y 18 condenatorias ( en 12 se impuso la pena de alejamiento ) . </example>
        <example file="CESS-CAST-P/25_20000701.tbf.xml" nodepath="4.2.3.0.1.1.1.0" sentencenodepath="4">El tribunal rechazó estos argumentos y Ø le declaró culpable de <argset><specifier>tres</specifier><head>delitos </head><argument argument="argM" function="cn" thematicrole="mnr" type="sp">de asesinato</argument></argset>. </example>
        <example file="CESS-CAST-P/34_20010801.tbf.xml" nodepath="0.3.1.2.2.1.0" sentencenodepath="0">El juez de la Audiencia_Nacional Baltasar_Garzón ordenó ayer el procesamiento de 31 miembros de Ekin , el supuesto aparato político de ETA , por <argset><specifier>los</specifier><head>delitos </head><argument argument="arg0" function="cn" thematicrole="agt" type="sp">de pertenencia o colaboración con banda armada</argument></argset>. </example>
        <example file="CESS-CAST-P/38_19990902_c.tbf.xml" nodepath="1.3.1.1.0" sentencenodepath="1">El presidente del GIL y alcalde de Marbella acusa a los dos dirigentes socialistas de <argset><specifier>los</specifier><head>delitos </head><argument argument="argM" function="cn" thematicrole="mnr" type="sp">de injurias y calumnias</argument><argument argument="argM" function="cn" thematicrole="cau" type="sp">por referirse a su partido utilizando los términos de " organización mafiosa " y " organización de métodos gansteriles "</argument></argset>. </example>
        <example file="CESS-CAST-P/39_20010202.tbf.xml" nodepath="6.2.1.2.1.1.0" sentencenodepath="6">Todos ellos demuestran la culpabilidad de Gusinski en <argset><specifier>el</specifier><head>delito </head><reference_modifiers>del que se le acusa</reference_modifiers><reference_modifiers>: estafa a gran escala</reference_modifiers></argset>. </example>
        <example file="CESS-CAST-P/43_19981201.tbf.xml" nodepath="4.3.1.2.1.1.0" sentencenodepath="4">Ese mismo día se produjeron otras cuatro denuncias de personas de la misma urbanización del Maresme por <argset><specifier>un</specifier><head>delito </head><reference_modifiers>de robo con fuerza en las cosas</reference_modifiers></argset>. </example>
        <example file="CESS-CAST-P/47_19990401.tbf.xml" nodepath="16.3.4.1.1.0" sentencenodepath="16">En su justificación , el magistrado de la Audiencia_Nacional señala que el auto de Palacios no especifica ni <argset><specifier>el</specifier><head>delito </head><reference_modifiers>que perseguía</reference_modifiers></argset>ni los indicios que motivaron la intervención policial . </example>
        <example file="CESS-CAST-P/49_19990501.tbf.xml" nodepath="10.2.1.1.0" sentencenodepath="10">El fiscal general de Kuwait imputa de <argset><specifier>esos</specifier><head>delitos </head></argset>a De_la_Rosa , y a los directivos Fahad_Mohammed_Al_Sabah y Fouad_Khaled_Jaffar . </example>
        <example file="CESS-CAST-P/49_19990501.tbf.xml" nodepath="14.3.0.4.1.1.0" sentencenodepath="14">Jufresa entiende , además , que " se trata de <argset><specifier>los mismos</specifier><head>delitos </head></argset>" y que un ciudadano español " no puede ser juzgado dos veces por el mismo hecho " . </example>
        <example file="CESS-CAST-P/49_19990601_c.tbf.xml" nodepath="1.2.1.1.2.4.1.1.2.1.1.0" sentencenodepath="1">Emilio_Alonso_Manglano argumentará que la sentencia de la Audiencia_Provincial_de_Madrid , que lo condenaba a seis meses de prisión por <argset><specifier>un</specifier><head>delito </head><reference_modifiers>de interceptación de comunicaciones telefónicas</reference_modifiers></argset>, vulnera siete de sus derechos fundamentales . </example>
        <example file="CESS-CAST-P/57_20010801.tbf.xml" nodepath="5.2.1.2.1.0" sentencenodepath="5">Otro magistrado explicó que la decisión del fiscal de no acusar de desobediencia al vocal del CGPJ excluye <argset><specifier>el</specifier><head>delito </head><reference_modifiers>doloso ( intencionado )</reference_modifiers></argset>, lo que supondría , en_caso_de una condena , la expulsión de José_María_Bento de la carrera judicial , mientras_que la imprudencia sólo sería objeto de una sanción penal . </example>
        <example file="CESS-CAST-P/57_20010801.tbf.xml" nodepath="7.2.1.1.2.3.1.1.0" sentencenodepath="7">La petición de la fiscalía de Alicante contra el magistrado del CGPJ contradice al_menos una sentencia del Tribunal_Supremo que absolvió al diputado socialista Javier_Barrero de <argset><specifier>un</specifier><head>delito </head><reference_modifiers>de desobediencia</reference_modifiers><reference_modifiers>grave</reference_modifiers><argument argument="argM" function="cn" thematicrole="cau" type="sp">, por no someterse a la prueba del alcoholímetro , al considerar que el acusado no presentaba síntomas externos de que conducía bajo los efectos del alcohol</argument></argset>. </example>
        <example file="CESS-CAST-P/63_20010901.tbf.xml" nodepath="2.3.4.1.1.2.3.3.1.0" sentencenodepath="2">El diputado de Acción_Social_de_Vizcaya , Ricardo_Ansotegui ( PNV ) , pidió ayer que no se justifique a los padres adoptivos que recurren a estas vías porque Ø cometen <argset><specifier>un</specifier><head>delito </head></argset>. </example>
        <example file="CESS-CAST-P/71_19991201_h.tbf.xml" nodepath="3.3.1.0.0" sentencenodepath="3">Se le imputan , entre otros , <argset><head>delitos </head><argument argument="argM" function="cn" thematicrole="mnr" type="sp">de robo y falsificación de documentos</argument></argset>. </example>
        <example file="CESS-CAST-P/76_20010602.tbf.xml" nodepath="2.2.1.1.1.5.1.1.0" sentencenodepath="2">La defensa explicó que la acusación , que inicialmente pedía tres penas de ocho años de internamiento por <argset><specifier>otros tantos</specifier><head>delitos </head><argument argument="argM" function="cn" thematicrole="mnr" type="sp">de asesinato</argument></argset>, rebajó la petición a la vista de los informes psicológicos y psiquiátricos . </example>
        <example file="CESS-CAST-P/78_19981202.tbf.xml" nodepath="0.2.1.1.3.1.1.1.0" sentencenodepath="0">La banda despeñaba los vehículos que Ø robaba para perpetrar <argset><argument argument="arg0" thematicrole="agt" type="spec">sus</argument><head>delitos </head></argset>. </example>
        <example file="CESS-CAST-P/78_20010201.tbf.xml" nodepath="7.3.1.1.1.1.2.1.3.0.0" sentencenodepath="7">La Delegación_del_Gobierno respondió a estas amenazas con un comunicado en el que , además_de recordar que la desobediencia es <argset><head>delito </head></argset>, Ø anuncia que Ø informará a la Fiscalía_del_Estado y Ø pondrá a disposición judicial a los instigadores de esos delitos . </example>
        <example file="CESS-CAST-P/78_20010201.tbf.xml" nodepath="7.3.1.1.1.4.3.3.1.1.1.1.1.0" sentencenodepath="7">La Delegación_del_Gobierno respondió a estas amenazas con un comunicado en el que , además_de recordar que la desobediencia es delito , Ø anuncia que Ø informará a la Fiscalía_del_Estado y Ø pondrá a disposición judicial a los instigadores de <argset><specifier>esos</specifier><head>delitos </head></argset>. </example>
        <example file="CESS-CAST-P/79_19990302.tbf.xml" nodepath="3.4.5.1.1.1.3.1.1.1.0.1.3.1.3.1.0" sentencenodepath="3">La simbólica pena no ha causado sorpresa , ya_que el conductor ha sido condenado por una falta de imprudencia leve , después de que la Audiencia_de_Barcelona desestimara el recurso del fiscal , que insistió en que el atropello mortal debía ser considerado <argset><specifier>un</specifier><head>delito </head><argument argument="argM" function="cn" thematicrole="mnr" type="sp">de homicidio por imprudencia</argument></argset>. </example>
        <example file="CESS-CAST-P/79_19990302.tbf.xml" nodepath="16.4.1.0.1.0" sentencenodepath="16">El fiscal siempre calificó los hechos como <argset><specifier>un</specifier><head>delito </head><argument argument="argM" function="cn" thematicrole="mnr" type="sp">de homicidio con imprudencia</argument><reference_modifiers>, que prevé penas de uno a cuatro años de prisión</reference_modifiers>, </argset>y otros dos delitos de lesiones . </example>
        <example file="CESS-CAST-P/79_19990302.tbf.xml" nodepath="16.4.1.2.1.0" sentencenodepath="16">El fiscal siempre calificó los hechos como un delito de homicidio con imprudencia , que prevé penas de uno a cuatro años de prisión , y <argset><specifier>otros dos</specifier><head>delitos </head><reference_modifiers>de lesiones</reference_modifiers></argset>. </example>
        <example file="CESS-CAST-P/80_20011001.tbf.xml" nodepath="0.4.2.0.2.2.1.1.1.0" sentencenodepath="0">Los Mossos_d'Esquadra detuvieron el Sábado en Pi ( Bellver_de_Cerdanya ) , a Martí_C._S. , de 32 años , considerado como el ladrón más buscado del Pirineo y acusado de <argset><specifier>24</specifier><head>delitos </head><reference_modifiers>, entre ellos el de quebranto de condena</reference_modifiers></argset>. </example>
        <example file="CESS-CAST-P/81_20001001.tbf.xml" nodepath="0.4.1.2.1.1.0" sentencenodepath="0">Paralelamente al aumento de las rupturas matrimoniales , se ha producido durante 1999 un espectacular crecimiento de <argset><specifier>los</specifier><head>delitos </head><argument argument="argM" function="cn" thematicrole="adv" type="sp">contra las relaciones familiares</argument></argset>. </example>
        <example file="CESS-CAST-P/81_20001001.tbf.xml" nodepath="1.3.1.0" sentencenodepath="1">Según el Fiscal_General_del_Estado , destacan por su importancia y frecuencia <argset><specifier>los</specifier><head>delitos </head><reference_modifiers>de abandono de la familia</reference_modifiers><reference_modifiers>, que alcanzan las 16.450 causas , con un aumento del 10%</reference_modifiers></argset>. </example>
        <example file="CESS-CAST-P/81_20001001.tbf.xml" nodepath="2.2.1.0" sentencenodepath="2">Idéntica subida del 10% han experimentado <argset><specifier>los</specifier><head>delitos </head><reference_modifiers>de impago de pensiones compensatorias a los EX cónyuges y por cuidado de los hijos</reference_modifiers></argset>( 9.101 casos ) . </example>
        <example file="CESS-CAST-P/82_19981101.tbf.xml" nodepath="2.2.3.1.1" sentencenodepath="2">El fiscal considera que el acusado pudo cometer <argset><specifier>un</specifier><reference_modifiers>presunto</reference_modifiers><head>delito </head><reference_modifiers>de homicidio</reference_modifiers><reference_modifiers>por imprudencia grave</reference_modifiers></argset>. </example>
        <example file="CESS-CAST-P/82_19981101.tbf.xml" nodepath="8.3.1.2.3.0.0" sentencenodepath="8">El Juzgado_de_Instrucción_número_23 de Barcelona archivó este caso al considerar su titular que no hubo <argset><head>delito </head></argset>. </example>
        <example file="CESS-CAST-P/84_20000601.tbf.xml" nodepath="0.0.1.0.3.1.2.1.0" sentencenodepath="0">Los que están contra los drogadictos más que contra la droga - - aquí Ø no es lo de Concepción_Arenal : Ø odia <argset><specifier>el</specifier><head>delito </head></argset>y Ø compadece al delincuente - - pueden aplicarse esta receta : ayer , a las dos de la madrugada , un Opel se llevó por delante a un individuo que cruzaba la Ronda_Litoral para ir al Can_Tunis_Vell , donde anida la droga esperando su erradicación . </example>
        <example file="CESS-CAST-P/93_20001001.tbf.xml" nodepath="1.2.3.2.1.0" sentencenodepath="1">El Gobierno cree que la ley permitirá combatir mejor <argset><specifier>el</specifier><head>delito </head><reference_modifiers>vinculado al negocio del sexo</reference_modifiers></argset>. </example>
      </examples>
    </frame>
  </sense>
  <sense alternativelemma="cuerpo_del_delito" cousin="yes" denotation="result" id="2" lexicalizationtype="nominal" lexicalized="yes" originlemma="delinquir" originlink="verb.delinquir.1" wordnetsynset="16:00490590">
    <frame appearsinplural="no" type="default">
      <specifiers>
        <constituent frequency="1" type="void"/>
      </specifiers>
      <examples>
        <example file="CESS-CAST-AA/19336_20000623.tbf.xml" nodepath="7.4.2.1.0.2.1.0.0" sentencenodepath="7">En su intento por demostrar que Ø no se dopó , Ø presentó denuncia contra desconocidos , aportando como " cuerpo del <argset><head>delito </head></argset>" varios tubos dentífricos presuntamente manipulados para que Ø diera positivo . </example>
      </examples>
    </frame>
  </sense>
</lexentry>
