<?xml version="1.0" encoding="UTF-8" standalone="no"?>
<!-- 

  ancoralex-2.0.3
       
			Copyright (C) 2007,2008,2009,2010,2011 CLiC - UB
			Centre de Llenguatge i Computació - Universitat de Barcelona
 
  This file is part of ancoralex-2.0.3.
 
  ancoralex-2.0.3 is free software and data: you can redistribute it and/or modify
  it under the terms of the GNU General Public License as published
  by the Free Software Foundation, either version 3 of the License,
  or (at your option) any later version.

  ancoralex-2.0.3 is distributed in the hope that it will be useful,
  but WITHOUT ANY WARRANTY; without even the implied warranty of
  MERCHANTABILITY or FITNESS FOR A PARTICULAR PURPOSE.  See the
  GNU General Public License for more details.
 
  You should have received a copy of the GNU General Public License
  along with ancoralex-2.0.3.  If not, see &lt;http://www.gnu.org/licenses/&gt;.
 
  Check a text in catalan explaining the terms of the license at http://www.softcatala.cat/wiki/GPL3.
  In spanish at http://www.viti.es/gnu/licenses/gpl.html
  
  The following paper must be cited when using verb lexicon: 

 * Aparicio, Juan, Mariona Taulé, M.Antònia Martí (2008) 'AnCora-Verb: A Lexical Resource for 
   the Semantic Annotation of Corpora'. Proceedings of 6th International Conference on Language 
   Resources and Evaluation. Marrakesh (Morocco).

  The following paper must be cited when using noun lexicon: 

 * Peris, Aina, Mariona Taulé (2011). AnCora-Nom: A Spanish lexicon of deverbal nominalizations. 
   Procesamiento del Lenguaje Natural, nº46, pp. 11-18.
 
 

 

-->

<lexentry lemma="demarcación" lng="es" origin="deverbal" type="noun">
  <sense cousin="no" denotation="result" id="1" lexicalized="no" originlemma="demarcar" originlink="verb.demarcar.1" wordnetsynset="16:06336706">
    <frame appearsinplural="no" type="default">
      <specifiers>
        <constituent frequency="1" type="void"/>
      </specifiers>
      <reference_modifiers>
        <constituent frequency="1" type="s.a"/>
        <constituent frequency="1" type="S"/>
      </reference_modifiers>
      <examples>
        <example file="CESS-CAST-P/11_20000302.tbf.xml" nodepath="3.0.0.0" sentencenodepath="3"><argset><head>Demarcación </head><reference_modifiers>esquiva</reference_modifiers><reference_modifiers>que vota a CiU , al PSC y hasta a ERC , pudiéndolo hacer por el PP</reference_modifiers></argset>. </example>
      </examples>
    </frame>
  </sense>
  <sense cousin="no" denotation="event" id="2" lexicalized="no" originlemma="demarcar" originlink="verb.demarcar.1" wordnetsynset="16:06336706">
    <frame appearsinplural="no" type="default">
      <argument argument="arg1" thematicrole="pat">
        <constituent frequency="1" postype="possessive" type="determiner"/>
      </argument>
      <argument argument="argM" thematicrole="loc">
        <constituent frequency="1" preposition="en" type="sp"/>
      </argument>
      <examples>
        <example file="CESS-CAST-AA/6013_20000408.tbf.xml" nodepath="13.3.2.1.0.3.1.0" sentencenodepath="13">El defensa paraguayo Delio_Toledo continúa recuperándose de sus problemas en la rodilla izquierda , por lo que Roger_García volverá a ocupar <argset><argument argument="arg1" thematicrole="pat" type="spec">su</argument><head>demarcación </head><argument argument="argM" function="cn" thematicrole="loc" type="sp">en lateral izquierdo</argument></argset>. </example>
      </examples>
      <specifiers>
        <constituent frequency="1" postype="possessive" type="determiner"/>
      </specifiers>
    </frame>
  </sense>
</lexentry>
