<?xml version="1.0" encoding="UTF-8" standalone="no"?>
<!-- 

  ancoralex-2.0.3
       
			Copyright (C) 2007,2008,2009,2010,2011 CLiC - UB
			Centre de Llenguatge i Computació - Universitat de Barcelona
 
  This file is part of ancoralex-2.0.3.
 
  ancoralex-2.0.3 is free software and data: you can redistribute it and/or modify
  it under the terms of the GNU General Public License as published
  by the Free Software Foundation, either version 3 of the License,
  or (at your option) any later version.

  ancoralex-2.0.3 is distributed in the hope that it will be useful,
  but WITHOUT ANY WARRANTY; without even the implied warranty of
  MERCHANTABILITY or FITNESS FOR A PARTICULAR PURPOSE.  See the
  GNU General Public License for more details.
 
  You should have received a copy of the GNU General Public License
  along with ancoralex-2.0.3.  If not, see &lt;http://www.gnu.org/licenses/&gt;.
 
  Check a text in catalan explaining the terms of the license at http://www.softcatala.cat/wiki/GPL3.
  In spanish at http://www.viti.es/gnu/licenses/gpl.html
  
  The following paper must be cited when using verb lexicon: 

 * Aparicio, Juan, Mariona Taulé, M.Antònia Martí (2008) 'AnCora-Verb: A Lexical Resource for 
   the Semantic Annotation of Corpora'. Proceedings of 6th International Conference on Language 
   Resources and Evaluation. Marrakesh (Morocco).

  The following paper must be cited when using noun lexicon: 

 * Peris, Aina, Mariona Taulé (2011). AnCora-Nom: A Spanish lexicon of deverbal nominalizations. 
   Procesamiento del Lenguaje Natural, nº46, pp. 11-18.
 
 

 

-->

<lexentry lemma="demolición" lng="es" origin="deverbal" type="noun">
  <sense cousin="no" denotation="event" id="1" lexicalized="no" originlemma="demoler" originlink="verb.demoler.1" wordnetsynset="16:00811339">
    <frame appearsinplural="no" type="default">
      <argument argument="arg1" thematicrole="pat">
        <constituent frequency="2" preposition="de" type="sp"/>
      </argument>
      <specifiers>
        <constituent frequency="2" postype="article" type="determiner"/>
      </specifiers>
      <examples>
        <example file="CESS-CAST-P/133_20011001.tbf.xml" nodepath="2.3.1.2.3.2.1.1.1.0" sentencenodepath="2">De_momento , el edificio es una simple propuesta , sin concreción urbanística ni de utilización , y cuya construcción está vinculada a <argset><specifier>la</specifier><head>demolición </head><argument argument="arg1" function="cn" thematicrole="pat" type="sp">de unas 80 viviendas que se levantan justo en el espacio que deberá ocupar</argument></argset>. </example>
        <example file="CESS-CAST-P/133_20011001.tbf.xml" nodepath="10.3.0.1.0" sentencenodepath="10">La construcción del Fòrum exigirá primero <argset><specifier>la</specifier><head>demolición </head><argument argument="arg1" function="cn" thematicrole="pat" type="sp">de los 80 pisos</argument></argset>y la colocación de los vecinos en nuevas viviendas que se están construyendo muy cerca , detrás_del Mercat_de_les_Flors , operación que no se acabará antes de dos años . </example>
      </examples>
    </frame>
  </sense>
</lexentry>
