<?xml version="1.0" encoding="UTF-8" standalone="no"?>
<!-- 

  ancoralex-2.0.3
       
			Copyright (C) 2007,2008,2009,2010,2011 CLiC - UB
			Centre de Llenguatge i Computació - Universitat de Barcelona
 
  This file is part of ancoralex-2.0.3.
 
  ancoralex-2.0.3 is free software and data: you can redistribute it and/or modify
  it under the terms of the GNU General Public License as published
  by the Free Software Foundation, either version 3 of the License,
  or (at your option) any later version.

  ancoralex-2.0.3 is distributed in the hope that it will be useful,
  but WITHOUT ANY WARRANTY; without even the implied warranty of
  MERCHANTABILITY or FITNESS FOR A PARTICULAR PURPOSE.  See the
  GNU General Public License for more details.
 
  You should have received a copy of the GNU General Public License
  along with ancoralex-2.0.3.  If not, see &lt;http://www.gnu.org/licenses/&gt;.
 
  Check a text in catalan explaining the terms of the license at http://www.softcatala.cat/wiki/GPL3.
  In spanish at http://www.viti.es/gnu/licenses/gpl.html
  
  The following paper must be cited when using verb lexicon: 

 * Aparicio, Juan, Mariona Taulé, M.Antònia Martí (2008) 'AnCora-Verb: A Lexical Resource for 
   the Semantic Annotation of Corpora'. Proceedings of 6th International Conference on Language 
   Resources and Evaluation. Marrakesh (Morocco).

  The following paper must be cited when using noun lexicon: 

 * Peris, Aina, Mariona Taulé (2011). AnCora-Nom: A Spanish lexicon of deverbal nominalizations. 
   Procesamiento del Lenguaje Natural, nº46, pp. 11-18.
 
 

 

-->

<lexentry lemma="demora" lng="es" origin="deverbal" type="noun">
  <sense cousin="no" denotation="result" id="1" lexicalized="no" originlemma="demorar" originlink="verb.demorar.1" wordnetsynset="16:00689955">
    <frame appearsinplural="no" type="default">
      <specifiers>
        <constituent frequency="1" postype="indefinite" type="determiner"/>
        <constituent frequency="1" postype="article" type="determiner"/>
      </specifiers>
      <examples>
        <example file="3LB-CAST/211_C-2.tbf.xml" nodepath="4.2.1.1.1.0" sentencenodepath="4">La Representante_Comercial de EEUU , Charlene_Barshefsky , advirtió de que <argset><specifier>una</specifier><head>demora </head></argset>podría poner en peligro el acuerdo que abrirá a este país los mercados chinos con más_de 1.300 millones de consumidores . </example>
        <example file="3LB-CAST/dc10-9.tbf.xml" nodepath="1.2.0.1.0" sentencenodepath="1">Había de transcurrir siglo y medio antes de que resurgiese la idea original de Huygens de un motor de explosión , y <argset><specifier>la</specifier><head>demora </head></argset>se debió seguramente , en_parte , al éxito de las máquinas de vapor que ya arrastraban trenes y barcos con eficiencia . </example>
      </examples>
    </frame>
  </sense>
  <sense cousin="no" denotation="result" id="2" lexicalized="no" originlemma="demorar" originlink="verb.demorar.2" wordnetsynset="16:00689955">
    <frame appearsinplural="no" type="default">
      <argument argument="arg1" thematicrole="tem">
        <constituent frequency="1" preposition="en" type="sp"/>
      </argument>
      <specifiers>
        <constituent frequency="1" postype="article" type="determiner"/>
      </specifiers>
      <examples>
        <example file="CESS-CAST-AA/2692_20000705.tbf.xml" nodepath="5.2.1.0" sentencenodepath="5">Yeo lamentó <argset><specifier>la</specifier><head>demora </head><argument argument="arg1" function="cn" thematicrole="tem" type="sp">en reiniciar el trabajo de ACNUR</argument></argset>dado_que las autoridades de Indonesia acordaron esta semana cumplir las demandas de la organización internacional . </example>
      </examples>
    </frame>
  </sense>
</lexentry>
