<?xml version="1.0" encoding="UTF-8" standalone="no"?>
<!-- 

  ancoralex-2.0.3
       
			Copyright (C) 2007,2008,2009,2010,2011 CLiC - UB
			Centre de Llenguatge i Computació - Universitat de Barcelona
 
  This file is part of ancoralex-2.0.3.
 
  ancoralex-2.0.3 is free software and data: you can redistribute it and/or modify
  it under the terms of the GNU General Public License as published
  by the Free Software Foundation, either version 3 of the License,
  or (at your option) any later version.

  ancoralex-2.0.3 is distributed in the hope that it will be useful,
  but WITHOUT ANY WARRANTY; without even the implied warranty of
  MERCHANTABILITY or FITNESS FOR A PARTICULAR PURPOSE.  See the
  GNU General Public License for more details.
 
  You should have received a copy of the GNU General Public License
  along with ancoralex-2.0.3.  If not, see &lt;http://www.gnu.org/licenses/&gt;.
 
  Check a text in catalan explaining the terms of the license at http://www.softcatala.cat/wiki/GPL3.
  In spanish at http://www.viti.es/gnu/licenses/gpl.html
  
  The following paper must be cited when using verb lexicon: 

 * Aparicio, Juan, Mariona Taulé, M.Antònia Martí (2008) 'AnCora-Verb: A Lexical Resource for 
   the Semantic Annotation of Corpora'. Proceedings of 6th International Conference on Language 
   Resources and Evaluation. Marrakesh (Morocco).

  The following paper must be cited when using noun lexicon: 

 * Peris, Aina, Mariona Taulé (2011). AnCora-Nom: A Spanish lexicon of deverbal nominalizations. 
   Procesamiento del Lenguaje Natural, nº46, pp. 11-18.
 
 

 

-->

<lexentry lemma="democratización" lng="es" origin="deverbal" type="noun">
  <sense cousin="no" denotation="event" id="1" lexicalized="no" originlemma="democratizar" originlink="verb.democratizar.1" wordnetsynset="16:00803479">
    <frame appearsinplural="no" type="default">
      <argument argument="arg1" thematicrole="pat">
        <constituent frequency="2" preposition="de" type="sp"/>
      </argument>
      <specifiers>
        <constituent frequency="2" postype="article" type="determiner"/>
      </specifiers>
      <examples>
        <example file="CESS-CAST-A/12375_20000119.tbf.xml" nodepath="17.2.0.1.1.0.1.1.2.1.4.2.1.2.1.1.0" sentencenodepath="17">Budisa , por su parte , ha sido objeto de críticas por acceder en varias ocasiones a " colaborar " con Tudjman , echando a perder los esfuerzos opositores para <argset><specifier>la</specifier><head>democratización </head><argument argument="arg1" function="cn" thematicrole="pat" type="sp">del país</argument></argset>. </example>
        <example file="CESS-CAST-P/30_20010401.tbf.xml" nodepath="1.2.3.2.3.1.1.0" sentencenodepath="1">Los dirigentes albaneses de Kosovo consideraron que el arresto del expresidente yugoslavo es " un primer paso " hacia <argset><specifier>la</specifier><head>democratización </head><argument argument="arg1" function="cn" thematicrole="pat" type="sp">de Serbia</argument></argset>, que quedará en nada si las autoridades de Belgrado no transfieren a Milosevic al tribunal internacional de La_Haya . </example>
      </examples>
    </frame>
  </sense>
</lexentry>
