<?xml version="1.0" encoding="UTF-8" standalone="no"?>
<!-- 

  ancoralex-2.0.3
       
			Copyright (C) 2007,2008,2009,2010,2011 CLiC - UB
			Centre de Llenguatge i Computació - Universitat de Barcelona
 
  This file is part of ancoralex-2.0.3.
 
  ancoralex-2.0.3 is free software and data: you can redistribute it and/or modify
  it under the terms of the GNU General Public License as published
  by the Free Software Foundation, either version 3 of the License,
  or (at your option) any later version.

  ancoralex-2.0.3 is distributed in the hope that it will be useful,
  but WITHOUT ANY WARRANTY; without even the implied warranty of
  MERCHANTABILITY or FITNESS FOR A PARTICULAR PURPOSE.  See the
  GNU General Public License for more details.
 
  You should have received a copy of the GNU General Public License
  along with ancoralex-2.0.3.  If not, see &lt;http://www.gnu.org/licenses/&gt;.
 
  Check a text in catalan explaining the terms of the license at http://www.softcatala.cat/wiki/GPL3.
  In spanish at http://www.viti.es/gnu/licenses/gpl.html
  
  The following paper must be cited when using verb lexicon: 

 * Aparicio, Juan, Mariona Taulé, M.Antònia Martí (2008) 'AnCora-Verb: A Lexical Resource for 
   the Semantic Annotation of Corpora'. Proceedings of 6th International Conference on Language 
   Resources and Evaluation. Marrakesh (Morocco).

  The following paper must be cited when using noun lexicon: 

 * Peris, Aina, Mariona Taulé (2011). AnCora-Nom: A Spanish lexicon of deverbal nominalizations. 
   Procesamiento del Lenguaje Natural, nº46, pp. 11-18.
 
 

 

-->

<lexentry lemma="denominación" lng="es" origin="deverbal" type="noun">
  <sense cousin="no" denotation="result" id="1" lexicalized="no" originlemma="denominar" originlink="verb.denominar.1" wordnetsynset="16:04781345">
    <frame appearsinplural="no" type="default">
      <argument argument="argL">
        <constituent frequency="1" preposition="de" type="sp"/>
      </argument>
      <argument argument="argM" thematicrole="mnr">
        <constituent frequency="1" preposition="de" type="sp"/>
      </argument>
      <specifiers>
        <constituent frequency="1" postype="demonstrative" type="determiner"/>
        <constituent frequency="1" postype="article" type="determiner"/>
        <constituent frequency="1" postype="indefinite" type="determiner"/>
        <constituent frequency="1" type="void"/>
      </specifiers>
      <reference_modifiers>
        <constituent frequency="2" type="s.a"/>
      </reference_modifiers>
      <examples>
        <example file="3LB-CAST/dc3-1.tbf.xml" nodepath="6.2.1.1.0" sentencenodepath="6">Se pretende con <argset><specifier>esta</specifier><head>denominación </head></argset>definir la transferencia parcial de un electrón de una molécula dadora a una molécula aceptora formando un cristal de tipo iónico en el que los aniones o los cationes , o ambos simultáneamente sean grupos químicos de alguna complejidad . </example>
        <example file="CESS-CAST-AA/24933_20000929.tbf.xml" nodepath="8.0.0.1.1" sentencenodepath="8"><argset><specifier>La</specifier><reference_modifiers>nueva</reference_modifiers><head>denominación </head><argument argument="argM" function="cn" thematicrole="mnr" type="sp">de letra y número</argument></argset>, explicó Satinet , " será válida para berlinas y " break " y sin_embargo se mantendrán los nombres para lo que no va a ser una oferta estándar , como el Picasso , que se mantendrá así o el Pluriel " , éste ahora un " concept_car " que seguirá llamándose así cuando Ø sea realidad comercial . </example>
        <example file="CESS-CAST-AA/6697_20000910.tbf.xml" nodepath="17.3.1.3.1.1.1.3.2.1.1.3.1.3.1.0" sentencenodepath="17">Se pronunciaron entonces las últimas palabras de despedida para el sucre , que ha sido reemplazado por el dólar estadounidense y por las nuevas monedas ecuatorianas , que no tienen <argset><specifier>ninguna</specifier><head>denominación </head><reference_modifiers>oficial</reference_modifiers></argset>, y que un diario ha llamado " ecuadólar " . </example>
        <example file="CESS-CAST-P/140_20011102.tbf.xml" nodepath="0.4.4.1.1.0.0" sentencenodepath="0">Ø Aterrizó en la emergente nueva narrativa española a_mediados_de los años_80 mientras la crítica se apresuraba a darle <argset><head>denominación </head><argument argument="argL" function="cn" type="sp">de origen</argument></argset>. </example>
      </examples>
    </frame>
  </sense>
  <sense cousin="no" denotation="event" id="2" lexicalized="no" originlemma="denominar" originlink="verb.denominar.1" wordnetsynset="16:04781345">
    <frame appearsinplural="no" type="default">
      <argument argument="arg1" thematicrole="pat">
        <constituent frequency="1" preposition="de" type="sp"/>
        <constituent frequency="1" postype="possessive" type="determiner"/>
      </argument>
      <specifiers>
        <constituent frequency="1" postype="article" type="determiner"/>
        <constituent frequency="1" postype="possessive" type="determiner"/>
      </specifiers>
      <reference_modifiers>
        <constituent frequency="1" type="s.a"/>
      </reference_modifiers>
      <examples>
        <example file="CESS-CAST-P/115_20020103.tbf.xml" nodepath="6.3.3.1.0" sentencenodepath="6">El acuerdo contempla además que DKV_Joventut sea <argset><specifier>la</specifier><head>denominación </head><reference_modifiers>oficial</reference_modifiers><argument argument="arg1" function="cn" thematicrole="pat" type="sp">del equipo</argument></argset>. </example>
        <example file="CESS-CAST-P/17_20001201.tbf.xml" nodepath="10.1.1.1.3.1.1.2.0.3.2.1.0" sentencenodepath="10">Ahora_bien , extender una obligatoriedad legal de tal entidad con_respecto_a los premios de fidelización , jubilación o permanencia - - cualquiera que sea <argset><argument argument="arg1" thematicrole="pat" type="spec">su</argument><head>denominación </head></argset>- - con un claro carácter retroactivo , ya_que en el momento de su concesión no se contemplaba su externalización , repercutirá negativamente no_sólo para la concesión de otros premios similares , sino incluso para el incremento de los ya existentes en futuras negociaciones de convenios colectivos . </example>
      </examples>
    </frame>
  </sense>
</lexentry>
