<?xml version="1.0" encoding="UTF-8" standalone="no"?>
<!-- 

  ancoralex-2.0.3
       
			Copyright (C) 2007,2008,2009,2010,2011 CLiC - UB
			Centre de Llenguatge i Computació - Universitat de Barcelona
 
  This file is part of ancoralex-2.0.3.
 
  ancoralex-2.0.3 is free software and data: you can redistribute it and/or modify
  it under the terms of the GNU General Public License as published
  by the Free Software Foundation, either version 3 of the License,
  or (at your option) any later version.

  ancoralex-2.0.3 is distributed in the hope that it will be useful,
  but WITHOUT ANY WARRANTY; without even the implied warranty of
  MERCHANTABILITY or FITNESS FOR A PARTICULAR PURPOSE.  See the
  GNU General Public License for more details.
 
  You should have received a copy of the GNU General Public License
  along with ancoralex-2.0.3.  If not, see &lt;http://www.gnu.org/licenses/&gt;.
 
  Check a text in catalan explaining the terms of the license at http://www.softcatala.cat/wiki/GPL3.
  In spanish at http://www.viti.es/gnu/licenses/gpl.html
  
  The following paper must be cited when using verb lexicon: 

 * Aparicio, Juan, Mariona Taulé, M.Antònia Martí (2008) 'AnCora-Verb: A Lexical Resource for 
   the Semantic Annotation of Corpora'. Proceedings of 6th International Conference on Language 
   Resources and Evaluation. Marrakesh (Morocco).

  The following paper must be cited when using noun lexicon: 

 * Peris, Aina, Mariona Taulé (2011). AnCora-Nom: A Spanish lexicon of deverbal nominalizations. 
   Procesamiento del Lenguaje Natural, nº46, pp. 11-18.
 
 

 

-->

<lexentry lemma="denuncia" lng="es" origin="deverbal" type="noun">
  <sense cousin="no" denotation="result" id="1" lexicalized="no" originlemma="denunciar" originlink="verb.denunciar.1" wordnetsynset="16:05403815">
    <frame appearsinplural="yes" type="default">
      <argument argument="arg0" thematicrole="agt">
        <constituent frequency="5" preposition="de" type="sp"/>
        <constituent frequency="1" type="s.a"/>
        <constituent frequency="2" postype="possessive" type="determiner"/>
      </argument>
      <argument argument="arg1" thematicrole="pat">
        <constituent frequency="6" preposition="de" type="sp"/>
        <constituent frequency="2" preposition="sobre" type="sp"/>
        <constituent frequency="2" preposition="contra" type="sp"/>
        <constituent frequency="1" preposition="por" type="sp"/>
      </argument>
      <argument argument="argM" thematicrole="tmp">
        <constituent frequency="1" preposition="en" type="sp"/>
      </argument>
      <argument argument="argM" thematicrole="loc">
        <constituent frequency="1" preposition="ante" type="sp"/>
      </argument>
      <specifiers>
        <constituent frequency="22" postype="article" type="determiner"/>
        <constituent frequency="5" postype="indefinite" type="determiner"/>
        <constituent frequency="1" postype="demonstrative" type="determiner"/>
        <constituent frequency="6" type="void"/>
        <constituent frequency="1" postype="z" type="determiner"/>
        <constituent frequency="1" postype="numeral" type="determiner"/>
        <constituent frequency="2" postype="possessive" type="determiner"/>
      </specifiers>
      <reference_modifiers>
        <constituent frequency="4" type="s.a"/>
        <constituent frequency="3" type="S"/>
      </reference_modifiers>
      <examples>
        <example file="3LB-CAST/r2-10.tbf.xml" nodepath="10.0.2.1.0" sentencenodepath="10">La implacable y eficaz oposición de Aznar y <argset><specifier>las</specifier><head>denuncias </head><argument argument="arg0" function="cn" thematicrole="agt" type="sp">de la prensa</argument></argset>están dejando sin banquillo al equipo que gobierna . </example>
        <example file="3LB-CAST/r2-5.tbf.xml" nodepath="7.0.1.2.1.0" sentencenodepath="7">- No hay <argset><specifier>ninguna</specifier><head>denuncia </head></argset>, ni_siquiera nos ha llegado un rumor o una noticia indirecta - , Ø indican en Interior del gobierno vasco , a_la_vez_que Ø expresan sus reservas sobre la autoría de ETA en relación con las recibidas por empresarios madrileños . </example>
        <example file="CESS-CAST-A/11470_20000515.tbf.xml" nodepath="0.0.1.0" sentencenodepath="0"><argset><specifier>Las</specifier><head>denuncias </head><argument argument="arg1" function="cn" thematicrole="pat" type="sp">de detención de decenas de ciudadanos de tez negra para despojarles de su cédula electoral</argument></argset>han puesto la nota inquietante a la jornada de reflexión que vive hoy la República_Dominicana con_vistas_a las elecciones presidenciales de mañana , martes . </example>
        <example file="CESS-CAST-A/11470_20000515.tbf.xml" nodepath="16.2.1.0" sentencenodepath="16">En la historia de las elecciones dominicanas abundan <argset><specifier>las</specifier><head>denuncias </head><argument argument="arg1" function="cn" thematicrole="pat" type="sp">de fraudes , intromisión de los militares en los comicios , compras de documentos de votación , uso de los fondos públicos en_favor_de los candidatos oficialistas y acciones violentas que arrojaron tristes saldos de muertos y heridos</argument></argset>. </example>
        <example file="CESS-CAST-A/11811_20000516.tbf.xml" nodepath="6.2.1.0" sentencenodepath="6">Otra nota que empañó el proceso previo a la cita con las urnas ha sido <argset><specifier>la</specifier><head>denuncia </head><argument argument="argM" function="cn" thematicrole="tmp" type="sp">en las últimas horas</argument><argument argument="arg0" function="cn" thematicrole="agt" type="sp">de la propia Junta_Central_Electoral ( JCE )</argument><argument argument="arg1" function="cn" thematicrole="pat" type="sp">de la detención de ciudadanos por el único delito de ser negros , pensando que se trataba de haitianos camuflados , para arrebatarles su cédula de identidad</argument></argset>. </example>
        <example file="CESS-CAST-A/11811_20000516.tbf.xml" nodepath="11.3.1.1.0" sentencenodepath="11">El director de Migración consideró ante los periodistas que <argset><specifier>estas</specifier><head>denuncias </head></argset>constituían un plan para desacreditar a su institución y también al candidato del oficialista Partido_de_la_Liberación_Dominicana ( PLD ) , Danilo_Medina . </example>
        <example file="CESS-CAST-A/13476_20000120.tbf.xml" nodepath="7.0.1.0.1.1.0" sentencenodepath="7">" De <argset><specifier>la</specifier><head>denuncia </head></argset>al victimismo y la utilización va un paso . Sí a la denuncia , pero no a lo otro " , concluyó Ø . </example>
        <example file="CESS-CAST-A/14635_20000121.tbf.xml" nodepath="1.0.1.1.0.0" sentencenodepath="1">Aunque todavía no hay datos oficiales , a_través_de <argset><head>denuncias </head><reference_modifiers>puntuales</reference_modifiers></argset>se constatan aumentos del 50 y del 100_por_ciento y hasta del 400_por_ciento , dijo a EFE la directora de la Tribuna , María_José_Troya . </example>
        <example file="CESS-CAST-A/15021_20000218.tbf.xml" nodepath="0.2.2.3.0.1.1.1.0" sentencenodepath="0">El lehendakari del Gobierno_Vasco , Juan_José_Ibarretxe , acusó hoy al PP de " desprestigiar este país con_tal_de sacar un puñado de votos " y Ø dijo que esta formación está detrás de <argset><specifier>la</specifier><head>denuncia </head><reference_modifiers>hecha ayer por el Foro_de_Ermua ante el Parlamento europeo</reference_modifiers></argset>. </example>
        <example file="CESS-CAST-A/15021_20000218.tbf.xml" nodepath="6.0.0.1.3.2.1.2.0.1" sentencenodepath="6">El portavoz del PP vasco , Leopoldo_Barreda , que dijo que quien presentó <argset><reference_modifiers>dicha</reference_modifiers><head>denuncia </head></argset>no fue su partido sino el Foro_de_Ermua , se refirió a la suspensión del pacto con EH y Ø preguntó al lehendakari si " Ø tiene permiso para romper " definitivamente con esta coalición , porque con su actitud Ø ha dejado " en sus manos ( de EH ) su continuidad " . </example>
        <example file="CESS-CAST-A/15871_20001121.tbf.xml" nodepath="0.3.4.1.4.1.1.1.1.0.3.3.1.1.0" sentencenodepath="0">Cuba afirmó hoy que Ø hará " todo lo posible " para que se haga justicia en el caso del anticastrista cubano-americano Luis_Posada_Carriles , detenido en Panamá tras <argset><specifier>la</specifier><head>denuncia </head><argument argument="arg0" function="cn" thematicrole="agt" type="sp">del presidente cubano , Fidel_Castro ,</argument><argument argument="arg1" function="cn" thematicrole="pat" type="sp">de que preparaba un atentado contra él</argument></argset>. </example>
        <example file="CESS-CAST-AA/25185_20000630.tbf.xml" nodepath="6.0.3.1.2.3.4.1.1.1.1" sentencenodepath="6">" Los monitores hemos firmado una reclamación conjunta , que también firmaron los chicos y que Ø presentaremos a abogados para estudiar <argset><specifier>una</specifier><reference_modifiers>posible</reference_modifiers><head>denuncia </head></argset>" , confirmó Jarabo . </example>
        <example file="CESS-CAST-AA/5671_20000708.tbf.xml" nodepath="6.2.1.1.0" sentencenodepath="6">Pese_a los intentos de los principales ideólogos de la independencia , como Toussaint_Louverture , por construir un Estado , éste se ha hecho esperar y hoy <argset><specifier>las</specifier><head>denuncias </head><argument argument="arg0" function="cn" thematicrole="agt" type="s.a">internacionales</argument></argset>apuntan a la existencia de un " narcoestado " en_manos_de carteles de la droga de Colombia . </example>
        <example file="CESS-CAST-AA/5808_20001108.tbf.xml" nodepath="11.2.3.1.0" sentencenodepath="11">El editor de los semanarios " Profil " y " Trend " , Christian_Rainer , ganó hoy un proceso por haber señalado que Haider emplea términos nazis , mientras_que la agencia de prensa austriaca APA puso hoy <argset><specifier>una</specifier><head>denuncia </head><reference_modifiers>en la que alega que el servicio de prensa del FPOE atenta contra el buen nombre de la empresa debido a que ésta ha informado de los rumores respecto_al futuro político del populista</reference_modifiers></argset>. </example>
        <example file="CESS-CAST-AA/5830_20000307.tbf.xml" nodepath="3.4.1.0.3.2.1.0.2.0" sentencenodepath="3">En su recorrido por la muestra , los Reyes posaron junto_al multifacético artista ante una de sus obras más recientes , titulada " Envoltorio " , realizada como <argset>homenaje y <head>denuncia </head>
            <argument argument="arg1" function="cn" thematicrole="pat" type="sp">de la tragedia de Kosovo</argument>
          </argset>. </example>
        <example file="CESS-CAST-AA/7380_20000209.tbf.xml" nodepath="9.2.0.1.3.1.1.1.1.0.1.1.0.0" sentencenodepath="9">" Ø Debemos luchar contra todo aquello que contribuya a la resignación y el silencio de las víctimas " , subrayó Aznar , quien agregó que el aumento del número de <argset><head>denuncias </head></argset>demuestra que las diversas campañas llevadas_a_cabo por el Gobierno y por distintas asociaciones de mujeres están cumpliendo un importante papel . </example>
        <example file="CESS-CAST-AA/8551_20000114.tbf.xml" nodepath="3.2.1.1.0" sentencenodepath="3">APAVIT decidió presentar <argset><specifier>la</specifier><head>denuncia </head></argset>porque las representantes de esas compañías aéreas no asistieron ayer a una cita acordada en el Centro_de_Conciliación_de_la_Cámara_de_Comercio_de_Panamá . </example>
        <example file="CESS-CAST-P/108_19990501.tbf.xml" nodepath="1.3.1.1.0" sentencenodepath="1">Algunos sectores empresariales chilenos se han sumado a <argset><specifier>la</specifier><head>denuncia </head><argument argument="arg0" function="cn" thematicrole="agt" type="sp">del presidente de Endesa_España , Rodolfo_Martín_Villa ,</argument><argument argument="arg1" function="cn" thematicrole="pat" type="sp">sobre la " persecución " que está sufriendo la compañía española</argument></argset>. </example>
        <example file="CESS-CAST-P/174_20001201.tbf.xml" nodepath="4.3.4.1.2.0" sentencenodepath="4">Martín añadió también que Ø se iba ante <argset>" <specifier>las</specifier>
            <head>denuncias </head>
            <argument argument="arg1" function="cn" thematicrole="pat" type="sp">sobre presuntas irregularidades observadas en la cualificación y selección de algunos deportistas españoles con discapacidad intelectual que participaron en el equipo de baloncesto de Sydney</argument>" </argset>. </example>
        <example file="CESS-CAST-P/1_20020901.tbf.xml" nodepath="6.0.1.0" sentencenodepath="6"><argset><specifier>La mayoría de las</specifier><head>denuncias </head></argset>acaban en un juicio de faltas al no apreciarse la existencia de delito . </example>
        <example file="CESS-CAST-P/1_20020901.tbf.xml" nodepath="23.2.2.1.0" sentencenodepath="23">El servicio de violencia doméstica de la fiscalía de Barcelona incoó el año pasado 335 diligencias de investigación y Ø recibió <argset><specifier>576</specifier><head>denuncias </head></argset>. </example>
        <example file="CESS-CAST-P/20_19990802.tbf.xml" nodepath="26.2.3.1.1.2.2.1.1.1.0" sentencenodepath="26">Ø Precisó que el incremento de los " actos fascistas " está en_relación_con la rectificación de los dirigentes alaveses de EH , al renegar de <argset><specifier>la</specifier><head>denuncia </head><argument argument="arg1" function="cn" thematicrole="pat" type="sp">contra la violencia</argument></argset>. </example>
        <example file="CESS-CAST-P/30_20020801_b.tbf.xml" nodepath="0.0.0.0" sentencenodepath="0"><argset><head>Denuncia </head><argument argument="arg1" function="cn" thematicrole="pat" type="sp">por la falta de plazas de FP en Tarragona</argument></argset>. </example>
        <example file="CESS-CAST-P/45_20000302.tbf.xml" nodepath="0.3.2.1.3.1.0" sentencenodepath="0">La Audiencia_de_Barcelona ha absuelto a un marroquí acusado de violar y esclavizar a una menor que estaba a su cargo en España , al creer que la víctima presentó <argset><specifier>la</specifier><head>denuncia </head></argset>" para evitar la vuelta a su país de origen " . </example>
        <example file="CESS-CAST-P/45_20000302.tbf.xml" nodepath="5.1.1.0" sentencenodepath="5">Para la sala , <argset><specifier>la</specifier><head>denuncia </head></argset>podía tener como objetivo evitar tanto " las dificultades de convivencia y económicas " que pasaba la familia , " así_como la vuelta a Marruecos , donde vivía su madre " . </example>
        <example file="CESS-CAST-P/46_20010802.tbf.xml" nodepath="6.2.1.0.1.0" sentencenodepath="6">Ø Aparecieron por primera vez en diciembre_de_1999 y , a_partir_de esa fecha , <argset><specifier>las</specifier><head>denuncias </head></argset>y las nuevas sospechas se han sucedido casi continuamente . </example>
        <example file="CESS-CAST-P/66_19990601.tbf.xml" nodepath="17.3.1.0" sentencenodepath="17">Además , la comisaría de Fuencarral tramitó <argset><specifier>ocho</specifier><head>denuncias </head><argument argument="arg0" function="cn" thematicrole="agt" type="sp">de los sufridos pasajeros</argument></argset>. </example>
        <example file="CESS-CAST-P/66_20000601.tbf.xml" nodepath="6.0.3.1.1.0" sentencenodepath="6">La ministra de Sanidad , Celia_Villalobos , recalcó ayer que <argset><specifier>la</specifier><head>denuncia </head></argset>partía del PSOE y Ø lamentó que el problema de las listas de espera se utilice políticamente como arma arrojadiza entre partidos . </example>
        <example file="CESS-CAST-P/68_19991201.tbf.xml" nodepath="3.2.2.1.1.0" sentencenodepath="3">La empresa productora del videojuego , que ha distribuido cinco millones de unidades en Europa , replicó que el consumo de Diazepan " es para el muñeco y no para el usuario " , y que <argset><specifier>la</specifier><head>denuncia </head></argset>" carece de sentido ya_que de esa forma también habría que demandar a los fabricantes de coches , a los de bebidas alcohólicas y a los de tabaco porque Ø son peligrosos " . </example>
        <example file="CESS-CAST-P/68_19991201.tbf.xml" nodepath="4.2.3.1.3.3.1.1" sentencenodepath="4">El presidente de la UCE en Asturias , Dacio_Alonso , consideró " burda " esa explicación y Ø criticó a la Fiscalía_General_del_Estado por no haber actuado de_oficio cuando se formularon <argset><specifier>las</specifier><reference_modifiers>primeras</reference_modifiers><head>denuncias </head><argument argument="arg1" function="cn" thematicrole="pat" type="sp">del caso</argument></argset>hace dos semanas . </example>
        <example file="CESS-CAST-P/68_19991201.tbf.xml" nodepath="6.4.1.0.0" sentencenodepath="6">Ø También ha requerido la intervención de la Justicia con <argset><head>denuncias </head><argument argument="argM" function="cn" thematicrole="loc" type="sp">ante el Fiscal_General_del_Estado , el fiscal especial antidrogas , el fiscal general del Tribunal_Superior_de_Justicia_de_Asturias , el fiscal especial antidrogas de Asturias y el fiscal tutelar de menores</argument></argset>. </example>
        <example file="CESS-CAST-P/69_19991001.tbf.xml" nodepath="4.2.1.0" sentencenodepath="4">La víctima , A._E. , ha presentado <argset><specifier>una</specifier><head>denuncia </head></argset>en comisaría en la que se explica que la paliza se produjo alrededor de las ocho de la tarde , cuando Ø regresaba a su casa del barrio de Gràcia , caminando por la calle de Brutau , tras entrenar en las pistas de atletismo de Sant_Oleguer . </example>
        <example file="CESS-CAST-P/69_20000602.tbf.xml" nodepath="2.3.4.1.0" sentencenodepath="2">La ginecóloga pidió a la mujer que primero Ø presentara <argset><specifier>la</specifier><head>denuncia </head><argument argument="arg1" function="cn" thematicrole="pat" type="sp">contra su agresor</argument></argset>. </example>
        <example file="CESS-CAST-P/69_20000602.tbf.xml" nodepath="4.0.3.1.0" sentencenodepath="4">Tras la violación , la mujer fue a interponer <argset><specifier>una</specifier><head>denuncia </head></argset>en comisaría , " pero como Ø sufría hemorragias y pérdida de conocimiento , la propia policía llamó a una ambulancia y Ø la envió al Hospital_La_Paz " . </example>
        <example file="CESS-CAST-P/69_20000602.tbf.xml" nodepath="5.5.1.0" sentencenodepath="5">Allí , " la ginecóloga le exigió <argset><specifier>la</specifier><head>denuncia </head><reference_modifiers>previa</reference_modifiers></argset>para asistirla clínicamente " . </example>
        <example file="CESS-CAST-P/69_20000602.tbf.xml" nodepath="6.1.2.3.1.1.2.1.1.0" sentencenodepath="6">En opinión de la FAAMV , que preside Florentina_Alarcón , esta mujer " fue tratada de una forma humillante y Ø se vio obligada a volver a la comisaría y formalizar <argset><argument argument="arg0" thematicrole="agt" type="spec">su</argument><head>denuncia </head></argset>" . </example>
        <example file="CESS-CAST-P/7_19990701.tbf.xml" nodepath="6.0.1.1.0" sentencenodepath="6">Según <argset><specifier>la</specifier><head>denuncia </head></argset>, el político del GIL dio al periodista " tres patadas en la espinilla " , Ø le llamó " hijo_de_puta " y Ø le espetó : " Te_vas_a_enterar_,_te_vas_a_tener_que_ir_de_Ceuta " . </example>
        <example file="CESS-CAST-P/91_19991002.tbf.xml" nodepath="5.0.3.4.1.4.1.1.1.0" sentencenodepath="5">" Me dio la impresión de que Ø podía estar detrás_de las amenazas que Ø he recibido , como instigador de esas maniobras intimidatorias . que no dude Ø de que Ø estaré en la asamblea para mantener <argset><argument argument="arg0" thematicrole="agt" type="spec">mis</argument><head>denuncias </head></argset>" , dijo el líder de la oposición , que no ha aceptado la protección que le ha ofrecido la Delegación_del_Gobierno en Madrid . </example>
      </examples>
    </frame>
  </sense>
  <sense cousin="no" denotation="result" id="2" lexicalized="no" originlemma="denunciar" originlink="verb.denunciar.2" wordnetsynset="16:05403815">
    <frame appearsinplural="yes" type="default">
      <argument argument="arg0" thematicrole="agt">
        <constituent frequency="1" preposition="de" type="sp"/>
      </argument>
      <argument argument="arg1" thematicrole="pat">
        <constituent frequency="2" preposition="contra" type="sp"/>
      </argument>
      <argument argument="arg2">
        <constituent frequency="7" preposition="por" type="sp"/>
        <constituent frequency="1" preposition="de" type="sp"/>
      </argument>
      <specifiers>
        <constituent frequency="6" postype="article" type="determiner"/>
        <constituent frequency="1" type="void"/>
        <constituent frequency="5" postype="indefinite" type="determiner"/>
      </specifiers>
      <reference_modifiers>
        <constituent frequency="2" type="S"/>
      </reference_modifiers>
      <examples>
        <example file="CESS-CAST-A/13476_20000120.tbf.xml" nodepath="7.0.3.0.1.1.1.0" sentencenodepath="7">" De la denuncia al victimismo y la utilización va un paso . Sí a <argset><specifier>la</specifier><head>denuncia </head></argset>, pero no a lo otro " , concluyó Ø . </example>
        <example file="CESS-CAST-A/17249_20001021.tbf.xml" nodepath="6.4.1.1.1.0" sentencenodepath="6">Hasta el momento , la Embajada_de_Perú en La_Paz no ha querido pronunciarse sobre <argset><specifier>la</specifier><head>denuncia </head></argset>, según constató EFE . </example>
        <example file="CESS-CAST-AA/19336_20000623.tbf.xml" nodepath="7.3.0.0" sentencenodepath="7">En su intento por demostrar que Ø no se dopó , Ø presentó <argset><head>denuncia </head><argument argument="arg1" function="cn" thematicrole="pat" type="sp">contra desconocidos</argument></argset>, aportando como " cuerpo del delito " varios tubos dentífricos presuntamente manipulados para que Ø diera positivo . </example>
        <example file="CESS-CAST-P/1_20020901.tbf.xml" nodepath="9.0.1.2.2.1.0" sentencenodepath="9">Los jueces de instrucción que investigan <argset><specifier>las</specifier><head>denuncias </head><argument argument="arg2" function="cn" type="sp">por malos tratos</argument></argset>también aplican con mayor asiduidad y de forma cautelar la prohibición de acercamiento a la víctima . </example>
        <example file="CESS-CAST-P/1_20020901.tbf.xml" nodepath="14.2.5.1.1.1.3.1.1.1" sentencenodepath="14">Ø Destaca que " especialmente son pocos los supuestos en los que , pese_a la evidente situación de riesgo en la que se está la víctima y ante <argset><specifier>las</specifier><reference_modifiers>reiteradas</reference_modifiers><head>denuncias </head><argument argument="arg2" function="cn" type="sp">de incumplimiento de las medidas de alejamiento adoptadas</argument></argset>, se acuerde la prisión provisional " . </example>
        <example file="CESS-CAST-P/3_20020302.tbf.xml" nodepath="10.3.1.0" sentencenodepath="10">Como hará el SCT a_partir_del próximo 15_de_marzo , el automovilista infractor recibirá <argset><specifier>la</specifier><head>denuncia </head><argument argument="arg2" function="cn" type="sp">por exceso de velocidad</argument><reference_modifiers>acompañada de una fotografía en la que se imprime la hora , el punto kilométrico y la velocidad del vehículo</reference_modifiers></argset>. </example>
        <example file="CESS-CAST-P/43_19981201.tbf.xml" nodepath="4.3.1.0" sentencenodepath="4">Ese mismo día se produjeron <argset><specifier>otras cuatro</specifier><head>denuncias </head><argument argument="arg0" function="cn" thematicrole="agt" type="sp">de personas de la misma urbanización del Maresme</argument><argument argument="arg2" function="cn" type="sp">por un delito de robo con fuerza en las cosas</argument></argset>. </example>
        <example file="CESS-CAST-P/64_20000401.tbf.xml" nodepath="13.3.1.0" sentencenodepath="13">La policía presentó contra ella <argset><specifier>una</specifier><head>denuncia </head><argument argument="arg2" function="cn" type="sp">por insultos</argument></argset>. </example>
        <example file="CESS-CAST-P/64_20000401.tbf.xml" nodepath="15.0.2.1.0" sentencenodepath="15">Khamman presentó <argset><specifier>una</specifier><head>denuncia </head><argument argument="arg1" function="cn" thematicrole="pat" type="sp">contra el agente</argument></argset>y Ø prestó declaración ante la Inspección_General_de_la_Policía_Nacional . </example>
        <example file="CESS-CAST-P/71_19991201_d.tbf.xml" nodepath="4.3.1.0" sentencenodepath="4">Contra el padre ya existen <argset><specifier>varias</specifier><head>denuncias </head><argument argument="arg2" function="cn" type="sp">por encadenar a sus hijos durante algunos días</argument></argset>. </example>
        <example file="CESS-CAST-P/73_20000201_d.tbf.xml" nodepath="1.3.1.0.2.3.4.1.3.1.0" sentencenodepath="1">El último episodio de violencia juvenil en Francia se ha producido en Poissy , cerca de París , donde el miércoles tres jóvenes de unos 20 años sacaron por la fuerza de un instituto a un chico de 16 años y Ø le retuvieron dos horas para que Ø retirase <argset><specifier>una</specifier><head>denuncia </head><argument argument="arg2" function="cn" type="sp">por extorsión</argument></argset>. </example>
        <example file="CESS-CAST-P/78_19981202.tbf.xml" nodepath="14.4.2.1.1.2.1.1.0" sentencenodepath="14">La policía inició la investigación hace pocas semanas , tras detectar un importante incremento de <argset><specifier>las</specifier><head>denuncias </head><argument argument="arg2" function="cn" type="sp">por robos de vehículos</argument></argset>. </example>
      </examples>
    </frame>
  </sense>
</lexentry>
