<?xml version="1.0" encoding="UTF-8" standalone="no"?>
<!-- 

  ancoralex-2.0.3
       
			Copyright (C) 2007,2008,2009,2010,2011 CLiC - UB
			Centre de Llenguatge i Computació - Universitat de Barcelona
 
  This file is part of ancoralex-2.0.3.
 
  ancoralex-2.0.3 is free software and data: you can redistribute it and/or modify
  it under the terms of the GNU General Public License as published
  by the Free Software Foundation, either version 3 of the License,
  or (at your option) any later version.

  ancoralex-2.0.3 is distributed in the hope that it will be useful,
  but WITHOUT ANY WARRANTY; without even the implied warranty of
  MERCHANTABILITY or FITNESS FOR A PARTICULAR PURPOSE.  See the
  GNU General Public License for more details.
 
  You should have received a copy of the GNU General Public License
  along with ancoralex-2.0.3.  If not, see &lt;http://www.gnu.org/licenses/&gt;.
 
  Check a text in catalan explaining the terms of the license at http://www.softcatala.cat/wiki/GPL3.
  In spanish at http://www.viti.es/gnu/licenses/gpl.html
  
  The following paper must be cited when using verb lexicon: 

 * Aparicio, Juan, Mariona Taulé, M.Antònia Martí (2008) 'AnCora-Verb: A Lexical Resource for 
   the Semantic Annotation of Corpora'. Proceedings of 6th International Conference on Language 
   Resources and Evaluation. Marrakesh (Morocco).

  The following paper must be cited when using noun lexicon: 

 * Peris, Aina, Mariona Taulé (2011). AnCora-Nom: A Spanish lexicon of deverbal nominalizations. 
   Procesamiento del Lenguaje Natural, nº46, pp. 11-18.
 
 

 

-->

<lexentry lemma="depreciación" lng="es" origin="deverbal" type="noun">
  <sense cousin="no" denotation="result" id="1" lexicalized="no" originlemma="depreciar" originlink="verb.depreciar.1" wordnetsynset="16:00234534">
    <frame appearsinplural="no" type="default">
      <argument argument="arg1" thematicrole="tem">
        <constituent frequency="1" preposition="de" type="sp"/>
      </argument>
      <specifiers>
        <constituent frequency="1" postype="article" type="determiner"/>
        <constituent frequency="1" postype="indefinite" type="determiner"/>
      </specifiers>
      <reference_modifiers>
        <constituent frequency="1" type="s.a"/>
      </reference_modifiers>
      <examples>
        <example file="CESS-CAST-AA/20120_20000525.tbf.xml" nodepath="4.4.1.1.0" sentencenodepath="4">El BCE reconocía así por primera vez que <argset><specifier>la</specifier><head>depreciación </head><argument argument="arg1" function="cn" thematicrole="tem" type="sp">del euro , que en apenas diez días había perdido casi cinco céntimos frente_al dólar ,</argument></argset>influía significativamente en sus decisiones de política monetaria . </example>
        <example file="CESS-CAST-AA/6296_20001109.tbf.xml" nodepath="12.4.1.1.1.1" sentencenodepath="12">El Banco_Central_de_Filipinas intervino hoy en_favor_de la divisa para evitar <argset><specifier>una</specifier><reference_modifiers>mayor</reference_modifiers><head>depreciación </head></argset>. </example>
      </examples>
    </frame>
    <frame appearsinplural="no" type="anticausative">
      <argument argument="arg1" thematicrole="tem">
        <constituent frequency="1" preposition="de" type="sp"/>
      </argument>
      <argument argument="argM" thematicrole="adv">
        <constituent frequency="1" type="sadv"/>
      </argument>
      <specifiers>
        <constituent frequency="1" postype="article" type="determiner"/>
      </specifiers>
      <examples>
        <example file="CESS-CAST-AA/23896_20000530.tbf.xml" nodepath="12.2.1.1.0.1.0" sentencenodepath="12">Ø Advierte de que <argset><specifier>la</specifier><head>depreciación </head><argument argument="arg1" function="cn" thematicrole="tem" type="sp">de la moneda única</argument><argument argument="argM" function="cn" thematicrole="adv" type="sadv">frente al dólar y el yen</argument></argset>" ha sido uno de los principales factores de la recuperación de la actividad en la zona euro " , pero de seguir esa tendencia , " Ø corre el riesgo de ser cada vez más perjudicial " . </example>
      </examples>
    </frame>
  </sense>
  <sense cousin="no" denotation="underspecified" id="2" lexicalized="no" originlemma="depreciar" originlink="verb.depreciar.1" wordnetsynset="16:00234534">
    <frame appearsinplural="no" type="default">
      <argument argument="arg1" thematicrole="tem">
        <constituent frequency="1" preposition="de" type="sp"/>
      </argument>
      <specifiers>
        <constituent frequency="1" postype="article" type="determiner"/>
      </specifiers>
      <examples>
        <example file="3LB-CAST/204_c-6.tbf.xml" nodepath="5.0.2.1.1.1.1.1.0" sentencenodepath="5">Los analistas consideran que la inversión de <argset><specifier>la</specifier><head>depreciación </head><argument argument="arg1" function="cn" thematicrole="tem" type="sp">del euro</argument></argset>parece cada vez más evidente , pero Ø no se atreven a hablar de una recuperación definitiva mientras no se traspase la importante resistencia existente entre los 0,9515 y los 0,9554 dólares . </example>
      </examples>
    </frame>
    <frame appearsinplural="no" type="anticausative">
      <argument argument="arg1" thematicrole="tem">
        <constituent frequency="2" preposition="de" type="sp"/>
      </argument>
      <specifiers>
        <constituent frequency="2" postype="article" type="determiner"/>
      </specifiers>
      <examples>
        <example file="CESS-CAST-A/1592_20001203.tbf.xml" nodepath="8.0.1.1.1.0.2.5.1.1.2.1.2.1.0" sentencenodepath="8">El cierre del ejercicio de este año , que " ha sido malo por las circunstancias que todos conocemos del incremento de precio del combustible y <argset><specifier>la</specifier><head>depreciación </head><argument argument="arg1" function="cn" thematicrole="tem" type="sp">del euro</argument></argset>, nos va a mantener , no_obstante , en un cierto equilibrio en la cuenta de resultados " , aunque Ø eludió adelantar cifras . </example>
        <example file="CESS-CAST-AA/22738_20000628.tbf.xml" nodepath="1.2.3.0.1.2.1.1.1.0" sentencenodepath="1">Mundell , que pronunció un discurso en la Conferencia_del_Banco_Mundial sobre la globalización y el desarrollo , advirtió que " llegará un momento en que el BCE querrá evitar ( que el euro ) suba demasiado " , y para tratar de impedirlo y luchar contra <argset><specifier>la</specifier><head>depreciación </head><argument argument="arg1" function="cn" thematicrole="tem" type="sp">de la moneda única</argument></argset>, Ø tendría que actuar ahora . </example>
      </examples>
    </frame>
  </sense>
</lexentry>
