<?xml version="1.0" encoding="UTF-8" standalone="no"?>
<!-- 

  ancoralex-2.0.3
       
			Copyright (C) 2007,2008,2009,2010,2011 CLiC - UB
			Centre de Llenguatge i Computació - Universitat de Barcelona
 
  This file is part of ancoralex-2.0.3.
 
  ancoralex-2.0.3 is free software and data: you can redistribute it and/or modify
  it under the terms of the GNU General Public License as published
  by the Free Software Foundation, either version 3 of the License,
  or (at your option) any later version.

  ancoralex-2.0.3 is distributed in the hope that it will be useful,
  but WITHOUT ANY WARRANTY; without even the implied warranty of
  MERCHANTABILITY or FITNESS FOR A PARTICULAR PURPOSE.  See the
  GNU General Public License for more details.
 
  You should have received a copy of the GNU General Public License
  along with ancoralex-2.0.3.  If not, see &lt;http://www.gnu.org/licenses/&gt;.
 
  Check a text in catalan explaining the terms of the license at http://www.softcatala.cat/wiki/GPL3.
  In spanish at http://www.viti.es/gnu/licenses/gpl.html
  
  The following paper must be cited when using verb lexicon: 

 * Aparicio, Juan, Mariona Taulé, M.Antònia Martí (2008) 'AnCora-Verb: A Lexical Resource for 
   the Semantic Annotation of Corpora'. Proceedings of 6th International Conference on Language 
   Resources and Evaluation. Marrakesh (Morocco).

  The following paper must be cited when using noun lexicon: 

 * Peris, Aina, Mariona Taulé (2011). AnCora-Nom: A Spanish lexicon of deverbal nominalizations. 
   Procesamiento del Lenguaje Natural, nº46, pp. 11-18.
 
 

 

-->

<lexentry lemma="depuración" lng="es" origin="deverbal" type="noun">
  <sense cousin="no" denotation="result" id="1" lexicalized="no" originlemma="depurar" originlink="verb.depurar.1" wordnetsynset="16:00162229">
    <frame appearsinplural="no" type="default">
      <specifiers>
        <constituent frequency="1" type="void"/>
      </specifiers>
      <examples>
        <example file="CESS-CAST-AA/6170_20000608.tbf.xml" nodepath="7.2.2.0.1.2.0.2.1.0.0" sentencenodepath="7">Ø Reiteró la importancia de la depuración del río Segura , " el más contaminado de Europa " , y Ø recordó que , aparte_del plan actual de <argset><head>depuración </head></argset>, es necesario uno " más ambicioso " de regeneración de riberas y reforestación , y que el ministro de Medio_Ambiente , Jaume_Matas , ha hablado de este asunto con él y con el presidente de la Comunidad_Valenciana , Eduardo_Zaplana . </example>
      </examples>
    </frame>
  </sense>
  <sense cousin="no" denotation="event" id="2" lexicalized="no" originlemma="depurar" originlink="verb.depurar.1" wordnetsynset="16:00162229">
    <frame appearsinplural="no" type="default">
      <argument argument="arg1" thematicrole="pat">
        <constituent frequency="2" preposition="de" type="sp"/>
      </argument>
      <specifiers>
        <constituent frequency="1" type="void"/>
        <constituent frequency="2" postype="article" type="determiner"/>
      </specifiers>
      <examples>
        <example file="CESS-CAST-AA/3365_20000405.tbf.xml" nodepath="0.2.3.1.2.1.1.1.1.0.1.0.1.0.0" sentencenodepath="0">El consejero de Agricultura en funciones , Paulino_Plata , abogó hoy por incluir la sequía en la política agraria común ( PAC ) y Ø reclamó una partida extraordinaria de fondos estructurales para garantizar más agua con un plan de inversión en <argset><head>depuración </head></argset>y en reutilización de aguas residuales . </example>
        <example file="CESS-CAST-AA/3365_20000405.tbf.xml" nodepath="1.2.4.1.2.3.3.0.1.1.0" sentencenodepath="1">Plata defendió que en el Marco_Comunitario_de_Apoyo 2000-2006 se incorpore un programa similar al Interreg_IIC , aprobado en el anterior Marco_de_Apoyo y cuya dotación de 2.500 millones se destinó a <argset><specifier>la</specifier><head>depuración </head><argument argument="arg1" function="cn" thematicrole="pat" type="sp">de aguas</argument></argset>y a la reutilización de las aguas residuales . </example>
        <example file="CESS-CAST-AA/6170_20000608.tbf.xml" nodepath="7.0.2.1.1.1.1.0" sentencenodepath="7">Ø Reiteró la importancia de <argset><specifier>la</specifier><head>depuración </head><argument argument="arg1" function="cn" thematicrole="pat" type="sp">del río Segura , " el más contaminado de Europa "</argument></argset>, y Ø recordó que , aparte_del plan actual de depuración , es necesario uno " más ambicioso " de regeneración de riberas y reforestación , y que el ministro de Medio_Ambiente , Jaume_Matas , ha hablado de este asunto con él y con el presidente de la Comunidad_Valenciana , Eduardo_Zaplana . </example>
      </examples>
    </frame>
  </sense>
</lexentry>
