<?xml version="1.0" encoding="UTF-8" standalone="no"?>
<!-- 

  ancoralex-2.0.3
       
			Copyright (C) 2007,2008,2009,2010,2011 CLiC - UB
			Centre de Llenguatge i Computació - Universitat de Barcelona
 
  This file is part of ancoralex-2.0.3.
 
  ancoralex-2.0.3 is free software and data: you can redistribute it and/or modify
  it under the terms of the GNU General Public License as published
  by the Free Software Foundation, either version 3 of the License,
  or (at your option) any later version.

  ancoralex-2.0.3 is distributed in the hope that it will be useful,
  but WITHOUT ANY WARRANTY; without even the implied warranty of
  MERCHANTABILITY or FITNESS FOR A PARTICULAR PURPOSE.  See the
  GNU General Public License for more details.
 
  You should have received a copy of the GNU General Public License
  along with ancoralex-2.0.3.  If not, see &lt;http://www.gnu.org/licenses/&gt;.
 
  Check a text in catalan explaining the terms of the license at http://www.softcatala.cat/wiki/GPL3.
  In spanish at http://www.viti.es/gnu/licenses/gpl.html
  
  The following paper must be cited when using verb lexicon: 

 * Aparicio, Juan, Mariona Taulé, M.Antònia Martí (2008) 'AnCora-Verb: A Lexical Resource for 
   the Semantic Annotation of Corpora'. Proceedings of 6th International Conference on Language 
   Resources and Evaluation. Marrakesh (Morocco).

  The following paper must be cited when using noun lexicon: 

 * Peris, Aina, Mariona Taulé (2011). AnCora-Nom: A Spanish lexicon of deverbal nominalizations. 
   Procesamiento del Lenguaje Natural, nº46, pp. 11-18.
 
 

 

-->

<lexentry lemma="derrame" lng="es" origin="deverbal" type="noun">
  <sense cousin="no" denotation="result" id="1" lexicalized="no" originlemma="derramar" originlink="verb.derramar.2" wordnetsynset="16:00212399">
    <frame appearsinplural="no" type="default">
      <argument argument="arg0" thematicrole="cau">
        <constituent frequency="2" type="s.a"/>
      </argument>
      <specifiers>
        <constituent frequency="2" postype="indefinite" type="determiner"/>
      </specifiers>
      <examples>
        <example file="3LB-CAST/211_C-2.tbf.xml" nodepath="19.0.3.1.1.1.1.1.5.4.0.1.1.1.0" sentencenodepath="19">La presidenta del Senado , Esperanza_Aguirre , representará a España en los funerales por el ex primer ministro japonés Keizo_Obuchi , que falleció el 14_de_mayo víctima de <argset><specifier>un</specifier><head>derrame </head><argument argument="arg0" function="cn" thematicrole="cau" type="s.a">cerebral</argument></argset>, informó hoy la embajada española en Tokio . </example>
        <example file="3LB-CAST/211_C-3.tbf.xml" nodepath="2.0.2.1.0" sentencenodepath="2">Obuchi , de 62 años , sufrió <argset><specifier>un</specifier><head>derrame </head><argument argument="arg0" function="cn" thematicrole="cau" type="s.a">cerebral</argument></argset>en la madrugada del día_2_de_abril y , tras permanecer seis semanas en estado de coma , Ø falleció en el hospital Yuntendo de Tokio . </example>
      </examples>
    </frame>
    <frame appearsinplural="no" type="anticausative">
      <argument argument="argM" thematicrole="loc">
        <constituent frequency="1" type="s.a"/>
      </argument>
      <specifiers>
        <constituent frequency="2" postype="indefinite" type="determiner"/>
      </specifiers>
      <reference_modifiers>
        <constituent frequency="1" type="s.a"/>
      </reference_modifiers>
      <examples>
        <example file="CESS-CAST-A/17231_20001122.tbf.xml" nodepath="0.2.3.1.1.1.1.0.2.6.1.1.0" sentencenodepath="0">El deporte checo está de luto y Ø muestra su consternación por la muerte del atleta Emil_Zatopek , que falleció esta madrugada , miércoles , en un hospital de Praga a la edad de 78 años a_consecuencias_de <argset><specifier>un</specifier><head>derrame </head><argument argument="argM" function="cn" thematicrole="loc" type="s.a">cerebral</argument></argset>. </example>
        <example file="CESS-CAST-A/17865_20001223.tbf.xml" nodepath="5.2.0.1.0" sentencenodepath="5">Zatopek no pudo columbrar el siglo_XXI y <argset><specifier>un</specifier><head>derrame </head><reference_modifiers>cerebral</reference_modifiers></argset>se lo llevó de entre los vivos el 22_de_noviembre , para , ya muerto , recibir honores de Jefe_de_Estado . </example>
      </examples>
    </frame>
  </sense>
</lexentry>
