<?xml version="1.0" encoding="UTF-8" standalone="no"?>
<!-- 

  ancoralex-2.0.3
       
			Copyright (C) 2007,2008,2009,2010,2011 CLiC - UB
			Centre de Llenguatge i Computació - Universitat de Barcelona
 
  This file is part of ancoralex-2.0.3.
 
  ancoralex-2.0.3 is free software and data: you can redistribute it and/or modify
  it under the terms of the GNU General Public License as published
  by the Free Software Foundation, either version 3 of the License,
  or (at your option) any later version.

  ancoralex-2.0.3 is distributed in the hope that it will be useful,
  but WITHOUT ANY WARRANTY; without even the implied warranty of
  MERCHANTABILITY or FITNESS FOR A PARTICULAR PURPOSE.  See the
  GNU General Public License for more details.
 
  You should have received a copy of the GNU General Public License
  along with ancoralex-2.0.3.  If not, see &lt;http://www.gnu.org/licenses/&gt;.
 
  Check a text in catalan explaining the terms of the license at http://www.softcatala.cat/wiki/GPL3.
  In spanish at http://www.viti.es/gnu/licenses/gpl.html
  
  The following paper must be cited when using verb lexicon: 

 * Aparicio, Juan, Mariona Taulé, M.Antònia Martí (2008) 'AnCora-Verb: A Lexical Resource for 
   the Semantic Annotation of Corpora'. Proceedings of 6th International Conference on Language 
   Resources and Evaluation. Marrakesh (Morocco).

  The following paper must be cited when using noun lexicon: 

 * Peris, Aina, Mariona Taulé (2011). AnCora-Nom: A Spanish lexicon of deverbal nominalizations. 
   Procesamiento del Lenguaje Natural, nº46, pp. 11-18.
 
 

 

-->

<lexentry lemma="derribo" lng="es" origin="deverbal" type="noun">
  <sense cousin="no" denotation="result" id="1" lexicalized="no" originlemma="derribar" originlink="verb.derribar.1" wordnetsynset="16:00811339">
    <frame appearsinplural="no" type="default">
      <specifiers>
        <constituent frequency="1" postype="article" type="determiner"/>
      </specifiers>
      <examples>
        <example file="3LB-CAST/c2-0.tbf.xml" nodepath="6.1.4.1.1.0" sentencenodepath="6">Claro que aún hay una tercera opción en <argset><specifier>el</specifier><head>derribo </head></argset>. </example>
      </examples>
    </frame>
  </sense>
  <sense cousin="no" denotation="event" id="2" lexicalized="no" originlemma="derribar" originlink="verb.derribar.1" wordnetsynset="16:00811339">
    <frame appearsinplural="no" type="default">
      <argument argument="arg1" thematicrole="pat">
        <constituent frequency="4" preposition="de" type="sp"/>
      </argument>
      <argument argument="argM" thematicrole="fin">
        <constituent frequency="1" preposition="para" type="sp"/>
      </argument>
      <specifiers>
        <constituent frequency="2" postype="article" type="determiner"/>
        <constituent frequency="2" type="void"/>
      </specifiers>
      <examples>
        <example file="CESS-CAST-P/117_20010801.tbf.xml" nodepath="2.3.1.2.3.1.1.2.2.0" sentencenodepath="2">Representantes de la Generalitat y del consistorio presentaron ayer el plan , de ejecución inmediata , que se combina con otra intervención importante <argset>: <specifier>el</specifier>
            <head>derribo </head>
            <argument argument="arg1" function="cn" thematicrole="pat" type="sp">del antiguo instituto Joaquim_Bau , muy cercano ,</argument>
            <argument argument="argM" function="cn" thematicrole="fin" type="sp">para convertir una parte en jardín , bajo el que se construirá un párking , y otra en oficinas de las delegaciones del Ejecutivo , creadas en su mayoría durante los últimos meses</argument>
          </argset>. </example>
        <example file="CESS-CAST-P/133_20011001.tbf.xml" nodepath="15.0.2.1.1.0.0" sentencenodepath="15">Las obras de este último están vinculadas al <argset><head>derribo </head><argument argument="arg1" function="cn" thematicrole="pat" type="sp">de las 80 viviendas</argument></argset>, pero la boca del metro ni existe ni se la espera , ya_que Ø ni_siquiera figura en el Plan_Director_de_Infraestructuras ( PDI ) aprobado recientemente . </example>
        <example file="CESS-CAST-P/56_20000801_k.tbf.xml" nodepath="0.0.0.0.2.0" sentencenodepath="0"><argset>Desalojo y <head>derribo </head>
            <argument argument="arg1" function="cn" thematicrole="pat" type="sp">de los edificios de Can_Bordoll</argument>
          </argset>. </example>
        <example file="CESS-CAST-P/56_20000801_k.tbf.xml" nodepath="1.3.2.1.0.1.1.1.1.1.0.1.4.1.0" sentencenodepath="1">Los últimos vecinos de los pisos situados en los números 2 , 4 , y 6 de la avenida de Can_Bordoll del barrio de Can_Roqueta de Sabadell , declarados en estado de ruina , fueron desalojados ayer por la mañana , sin resistencia , pero con críticas a la actuación del ayuntamiento , que inició inmediatamente <argset><specifier>el</specifier><head>derribo </head><argument argument="arg1" function="cn" thematicrole="pat" type="sp">de los edificios</argument></argset>. </example>
      </examples>
    </frame>
  </sense>
</lexentry>
