<?xml version="1.0" encoding="UTF-8" standalone="no"?>
<!-- 

  ancoralex-2.0.3
       
			Copyright (C) 2007,2008,2009,2010,2011 CLiC - UB
			Centre de Llenguatge i Computació - Universitat de Barcelona
 
  This file is part of ancoralex-2.0.3.
 
  ancoralex-2.0.3 is free software and data: you can redistribute it and/or modify
  it under the terms of the GNU General Public License as published
  by the Free Software Foundation, either version 3 of the License,
  or (at your option) any later version.

  ancoralex-2.0.3 is distributed in the hope that it will be useful,
  but WITHOUT ANY WARRANTY; without even the implied warranty of
  MERCHANTABILITY or FITNESS FOR A PARTICULAR PURPOSE.  See the
  GNU General Public License for more details.
 
  You should have received a copy of the GNU General Public License
  along with ancoralex-2.0.3.  If not, see &lt;http://www.gnu.org/licenses/&gt;.
 
  Check a text in catalan explaining the terms of the license at http://www.softcatala.cat/wiki/GPL3.
  In spanish at http://www.viti.es/gnu/licenses/gpl.html
  
  The following paper must be cited when using verb lexicon: 

 * Aparicio, Juan, Mariona Taulé, M.Antònia Martí (2008) 'AnCora-Verb: A Lexical Resource for 
   the Semantic Annotation of Corpora'. Proceedings of 6th International Conference on Language 
   Resources and Evaluation. Marrakesh (Morocco).

  The following paper must be cited when using noun lexicon: 

 * Peris, Aina, Mariona Taulé (2011). AnCora-Nom: A Spanish lexicon of deverbal nominalizations. 
   Procesamiento del Lenguaje Natural, nº46, pp. 11-18.
 
 

 

-->

<lexentry lemma="derrumbe" lng="es" origin="deverbal" type="noun">
  <sense cousin="no" denotation="result" id="1" lexicalized="no" originlemma="derrumbar" originlink="verb.derrumbar.1" wordnetsynset="16:05482753">
    <frame appearsinplural="no" type="default">
      <specifiers>
        <constituent frequency="1" postype="indefinite" type="determiner"/>
      </specifiers>
      <examples>
        <example file="CESS-CAST-P/21_20020702_b.tbf.xml" nodepath="7.0.1.0" sentencenodepath="7"><argset><specifier>UN</specifier><head>DERRUMBE </head></argset>. </example>
      </examples>
    </frame>
    <frame appearsinplural="no" type="passive">
      <argument argument="argM" thematicrole="adv">
        <constituent frequency="1" preposition="sin" type="sp"/>
      </argument>
      <argument argument="argM" thematicrole="loc">
        <constituent frequency="1" preposition="en" type="sp"/>
      </argument>
      <specifiers>
        <constituent frequency="1" type="void"/>
      </specifiers>
      <examples>
        <example file="CESS-CAST-P/30_20020801_f.tbf.xml" nodepath="0.0.0.0" sentencenodepath="0"><argset><head>Derrumbe </head><argument argument="argM" function="cn" thematicrole="adv" type="sp">sin heridos</argument><argument argument="argM" function="cn" thematicrole="loc" type="sp">en una casa de Mataró</argument></argset>. </example>
      </examples>
    </frame>
  </sense>
  <sense cousin="no" denotation="event" id="2" lexicalized="no" originlemma="derrumbar" originlink="verb.derrumbar.1" wordnetsynset="16:05482753">
    <frame appearsinplural="no" type="default">
      <argument argument="arg1" thematicrole="pat">
        <constituent frequency="2" preposition="de" type="sp"/>
      </argument>
      <specifiers>
        <constituent frequency="2" postype="article" type="determiner"/>
      </specifiers>
      <reference_modifiers>
        <constituent frequency="1" type="s.a"/>
      </reference_modifiers>
      <examples>
        <example file="CESS-CAST-P/1_20020202.tbf.xml" nodepath="0.2.1.1.2.2.1.0" sentencenodepath="0">La policía considera que la explosión de gas que originó <argset><specifier>el</specifier><head>derrumbe </head><reference_modifiers>parcial</reference_modifiers><argument argument="arg1" function="cn" thematicrole="pat" type="sp">del edificio de Horta</argument></argset>el pasado miércoles fue provocada . </example>
        <example file="CESS-CAST-P/21_20020702_b.tbf.xml" nodepath="9.3.1.0" sentencenodepath="9">En Burjassot , la fuerza del agua provocó <argset><specifier>el</specifier><head>derrumbe </head><argument argument="arg1" function="cn" thematicrole="pat" type="sp">de una vivienda baja que , al estar deshabitada , no produjo daños personales</argument></argset>. </example>
      </examples>
    </frame>
  </sense>
  <sense cousin="no" denotation="underspecified" id="3" lexicalized="no" originlemma="derrumbar" originlink="verb.derrumbar.1" wordnetsynset="16:05482753">
    <frame appearsinplural="no" type="default">
      <argument argument="arg1" thematicrole="pat">
        <constituent frequency="1" preposition="de" type="sp"/>
      </argument>
      <specifiers>
        <constituent frequency="1" postype="article" type="determiner"/>
      </specifiers>
      <examples>
        <example file="3LB-CAST/a4-0.tbf.xml" nodepath="4.2.0.0.2.1.0" sentencenodepath="4">Por_supuesto éste no es el caso actual , pero la caída de los viejos mitos y <argset><specifier>el</specifier><head>derrumbe </head><argument argument="arg1" function="cn" thematicrole="pat" type="sp">de ideologías que hasta ahora gobernaban el mundo</argument>, </argset>o por_lo_menos la utopía que sobre ese mundo Ø proyectábamos , nos autorizan a suponer que ese vacío intelectual se ha vuelto a abrir , y que Ø es de dimensiones mucho más graves y preocupantes . </example>
      </examples>
    </frame>
  </sense>
</lexentry>
