<?xml version="1.0" encoding="UTF-8" standalone="no"?>
<!-- 

  ancoralex-2.0.3
       
			Copyright (C) 2007,2008,2009,2010,2011 CLiC - UB
			Centre de Llenguatge i Computació - Universitat de Barcelona
 
  This file is part of ancoralex-2.0.3.
 
  ancoralex-2.0.3 is free software and data: you can redistribute it and/or modify
  it under the terms of the GNU General Public License as published
  by the Free Software Foundation, either version 3 of the License,
  or (at your option) any later version.

  ancoralex-2.0.3 is distributed in the hope that it will be useful,
  but WITHOUT ANY WARRANTY; without even the implied warranty of
  MERCHANTABILITY or FITNESS FOR A PARTICULAR PURPOSE.  See the
  GNU General Public License for more details.
 
  You should have received a copy of the GNU General Public License
  along with ancoralex-2.0.3.  If not, see &lt;http://www.gnu.org/licenses/&gt;.
 
  Check a text in catalan explaining the terms of the license at http://www.softcatala.cat/wiki/GPL3.
  In spanish at http://www.viti.es/gnu/licenses/gpl.html
  
  The following paper must be cited when using verb lexicon: 

 * Aparicio, Juan, Mariona Taulé, M.Antònia Martí (2008) 'AnCora-Verb: A Lexical Resource for 
   the Semantic Annotation of Corpora'. Proceedings of 6th International Conference on Language 
   Resources and Evaluation. Marrakesh (Morocco).

  The following paper must be cited when using noun lexicon: 

 * Peris, Aina, Mariona Taulé (2011). AnCora-Nom: A Spanish lexicon of deverbal nominalizations. 
   Procesamiento del Lenguaje Natural, nº46, pp. 11-18.
 
 

 

-->

<lexentry lemma="derroche" lng="es" origin="deverbal" type="noun">
  <sense cousin="no" denotation="result" id="1" lexicalized="no" originlemma="derrochar" originlink="verb.derrochar.2" wordnetsynset="16:00478440">
    <frame appearsinplural="yes" type="default">
      <argument argument="arg1" thematicrole="pat">
        <constituent frequency="1" preposition="de" type="sp"/>
        <constituent frequency="1" type="s.a"/>
      </argument>
      <specifiers>
        <constituent frequency="1" type="void"/>
        <constituent frequency="2" postype="indefinite" type="determiner"/>
      </specifiers>
      <reference_modifiers>
        <constituent frequency="1" type="S"/>
        <constituent frequency="2" type="s.a"/>
      </reference_modifiers>
      <examples>
        <example file="3LB-CAST/d2-4.tbf.xml" nodepath="0.4.1.1.0.0" sentencenodepath="0">Por el momento , Ø no está para hacer <argset><head>derroches </head><reference_modifiers>que le puedan costar caro</reference_modifiers></argset>. </example>
        <example file="3LB-CAST/dc1-5.tbf.xml" nodepath="3.0.3.1.1" sentencenodepath="3">Porque copular cuando la hembra no es fértil resulta <argset><specifier>un</specifier><reference_modifiers>enorme</reference_modifiers><head>derroche </head><argument argument="arg1" function="cn" thematicrole="pat" type="sp">de tiempo y energía</argument></argset>para el animal . </example>
        <example file="CESS-CAST-P/176_20001201.tbf.xml" nodepath="3.3.1.1.1.1" sentencenodepath="3">Un bloque de una tremenda consistencia , y los azulgranas , privados todavía de De_la_Fuente y Rodríguez y con Rentzias convaleciente , se vieron obligados a <argset><specifier>un</specifier><reference_modifiers>tremendo</reference_modifiers><head>derroche </head><argument argument="arg1" function="cn" thematicrole="pat" type="s.a">físico</argument></argset>para descabalgar a los malagueños del liderato de la Liga . </example>
      </examples>
    </frame>
  </sense>
</lexentry>
