<?xml version="1.0" encoding="UTF-8" standalone="no"?>
<!-- 

  ancoralex-2.0.3
       
			Copyright (C) 2007,2008,2009,2010,2011 CLiC - UB
			Centre de Llenguatge i Computació - Universitat de Barcelona
 
  This file is part of ancoralex-2.0.3.
 
  ancoralex-2.0.3 is free software and data: you can redistribute it and/or modify
  it under the terms of the GNU General Public License as published
  by the Free Software Foundation, either version 3 of the License,
  or (at your option) any later version.

  ancoralex-2.0.3 is distributed in the hope that it will be useful,
  but WITHOUT ANY WARRANTY; without even the implied warranty of
  MERCHANTABILITY or FITNESS FOR A PARTICULAR PURPOSE.  See the
  GNU General Public License for more details.
 
  You should have received a copy of the GNU General Public License
  along with ancoralex-2.0.3.  If not, see &lt;http://www.gnu.org/licenses/&gt;.
 
  Check a text in catalan explaining the terms of the license at http://www.softcatala.cat/wiki/GPL3.
  In spanish at http://www.viti.es/gnu/licenses/gpl.html
  
  The following paper must be cited when using verb lexicon: 

 * Aparicio, Juan, Mariona Taulé, M.Antònia Martí (2008) 'AnCora-Verb: A Lexical Resource for 
   the Semantic Annotation of Corpora'. Proceedings of 6th International Conference on Language 
   Resources and Evaluation. Marrakesh (Morocco).

  The following paper must be cited when using noun lexicon: 

 * Peris, Aina, Mariona Taulé (2011). AnCora-Nom: A Spanish lexicon of deverbal nominalizations. 
   Procesamiento del Lenguaje Natural, nº46, pp. 11-18.
 
 

 

-->

<lexentry lemma="desafío" lng="es" origin="deverbal" type="noun">
  <sense cousin="no" denotation="result" id="1" lexicalized="no" originlemma="desafiar" originlink="verb.desafiar.1" wordnetsynset="16:10039715">
    <frame appearsinplural="yes" type="default">
      <argument argument="arg0" thematicrole="agt">
        <constituent frequency="1" preposition="de" type="sp"/>
        <constituent frequency="1" type="relatiu"/>
        <constituent frequency="1" preposition="de_manos_de" type="sp"/>
      </argument>
      <argument argument="arg1" thematicrole="pat">
        <constituent frequency="1" preposition="a" type="sp"/>
      </argument>
      <specifiers>
        <constituent frequency="3" postype="article" type="determiner"/>
        <constituent frequency="3" postype="indefinite" type="determiner"/>
        <constituent frequency="1" type="void"/>
      </specifiers>
      <reference_modifiers>
        <constituent frequency="3" type="s.a"/>
        <constituent frequency="2" type="S"/>
        <constituent frequency="1" type="s.a"/>
      </reference_modifiers>
      <examples>
        <example file="3LB-CAST/111_C-1.tbf.xml" nodepath="1.0.4.4.1.1.1.1.2.2.1.2.1.1.1" sentencenodepath="1">" Ø Es una reunión de gran trascendencia puesto_que ahí se hará la reafirmación de la necesidad de la unidad de la Comunidad_Andina , de la unidad de nuestra subregión frente_a <argset><specifier>los</specifier><reference_modifiers>grandes</reference_modifiers><head>desafíos </head><reference_modifiers>que se nos presentan por la globalización</reference_modifiers></argset>" , Ø manifestó a la prensa peruana . </example>
        <example file="CESS-CAST-A/14332_20000618.tbf.xml" nodepath="20.0.1.3.2.1.1.1" sentencenodepath="20">" Nuestras fuerzas se diseñaron para la confrontación con la Unión_Soviética , para <argset><specifier>los</specifier><reference_modifiers>grandes</reference_modifiers><head>desafíos </head><reference_modifiers>militares</reference_modifiers></argset>, pero ahora las amenazas son el terrorismo , y el terrorismo vinculado al tráfico de drogas , o la proliferación de armamentos de destrucción masiva " , indicó Ø . </example>
        <example file="CESS-CAST-P/32_20011101.tbf.xml" nodepath="0.3.1.0" sentencenodepath="0">El presidente George_Bush lanzó ayer <argset><specifier>un</specifier><head>desafío </head></argset>a la amenaza terrorista al asistir al tercer partido de la Serie_Mundial de béisbol entre los Yankees_de_Nueva_York y los Diamonds_Backs_de_Arizona , en el Yankee_Stadium_de_Nueva_York . </example>
        <example file="CESS-CAST-P/34_20000903.tbf.xml" nodepath="10.0.1.0" sentencenodepath="10"><argset><specifier>El</specifier><head>desafío </head><argument argument="arg0" function="cn" thematicrole="agt" type="sp">del Ejecutivo central</argument></argset>, pues , es el mismo que el del Partido_Popular ( PP ) : desgastar al PNV hasta arrebatarle en las urnas la hegemonía política del País_Vasco . </example>
        <example file="CESS-CAST-P/40_20000202.tbf.xml" nodepath="5.3.1.2.1.1.0" sentencenodepath="5">" Ø No esperaba que la victoria fuera tan grande " , comentó sorprendido el propio McCain , <argset><argument argument="arg0" thematicrole="agt" type="relatiu">cuyo</argument><head>desafío </head><argument argument="arg1" function="cn" thematicrole="pat" type="sp">a la ortodoxia del partido republicano</argument></argset>agradó particularmente a los correosos votantes de Nueva_Hampshire , famosos por su apoyo a los candidatos que se salen de lo marcado por los dos grandes partidos . </example>
        <example file="CESS-CAST-P/47_20000402.tbf.xml" nodepath="9.2.3.1.1" sentencenodepath="9">Los analistas afirman que el partido en el poder encara <argset><specifier>un</specifier><reference_modifiers>serio</reference_modifiers><head>desafío </head><argument argument="arg0" function="cn" thematicrole="agt" type="sp">de_manos_de la oposición y la ANC</argument></argset>. </example>
        <example file="CESS-CAST-P/81_19991101.tbf.xml" nodepath="9.2.1.1.1.1.1.1.1.4.1.2.3.1.1.0" sentencenodepath="9">El caso del pequeño Winslow , acusado injustamente de haber robado un giro telegráfico , y por ello expulsado del colegio naval , es sólo el detonante de diversas relaciones entre los miembros de su familia , el prometido de su hermana y el abogado conservador que acepta el caso como <argset><specifier>un</specifier><head>desafío </head><reference_modifiers>que puede reportarle publicidad</reference_modifiers></argset>. </example>
      </examples>
    </frame>
  </sense>
</lexentry>
