<?xml version="1.0" encoding="UTF-8" standalone="no"?>
<!-- 

  ancoralex-2.0.3
       
			Copyright (C) 2007,2008,2009,2010,2011 CLiC - UB
			Centre de Llenguatge i Computació - Universitat de Barcelona
 
  This file is part of ancoralex-2.0.3.
 
  ancoralex-2.0.3 is free software and data: you can redistribute it and/or modify
  it under the terms of the GNU General Public License as published
  by the Free Software Foundation, either version 3 of the License,
  or (at your option) any later version.

  ancoralex-2.0.3 is distributed in the hope that it will be useful,
  but WITHOUT ANY WARRANTY; without even the implied warranty of
  MERCHANTABILITY or FITNESS FOR A PARTICULAR PURPOSE.  See the
  GNU General Public License for more details.
 
  You should have received a copy of the GNU General Public License
  along with ancoralex-2.0.3.  If not, see &lt;http://www.gnu.org/licenses/&gt;.
 
  Check a text in catalan explaining the terms of the license at http://www.softcatala.cat/wiki/GPL3.
  In spanish at http://www.viti.es/gnu/licenses/gpl.html
  
  The following paper must be cited when using verb lexicon: 

 * Aparicio, Juan, Mariona Taulé, M.Antònia Martí (2008) 'AnCora-Verb: A Lexical Resource for 
   the Semantic Annotation of Corpora'. Proceedings of 6th International Conference on Language 
   Resources and Evaluation. Marrakesh (Morocco).

  The following paper must be cited when using noun lexicon: 

 * Peris, Aina, Mariona Taulé (2011). AnCora-Nom: A Spanish lexicon of deverbal nominalizations. 
   Procesamiento del Lenguaje Natural, nº46, pp. 11-18.
 
 

 

-->

<lexentry lemma="desaprobación" lng="es" origin="deverbal" type="noun">
  <sense cousin="no" denotation="result" id="1" lexicalized="no" originlemma="desaprobar" originlink="verb.desaprobar.1" wordnetsynset="16:00791599+16:05032127">
    <frame appearsinplural="no" type="default">
      <argument argument="arg0" thematicrole="agt">
        <constituent frequency="1" type="s.a"/>
        <constituent frequency="1" postype="possessive" type="determiner"/>
      </argument>
      <specifiers>
        <constituent frequency="1" postype="demonstrative" type="determiner"/>
        <constituent frequency="1" postype="possessive" type="determiner"/>
      </specifiers>
      <examples>
        <example file="3LB-CAST/d1-9.tbf.xml" nodepath="3.2.5.4.1.1.1.0" sentencenodepath="3">Ø He empezado diciendo que afortunadamente hay diversas opiniones al_respecto porque cuando hace unos años casi no había nadie a_favor_de las defensas agresivas era prácticamente imposible mejorar con <argset><specifier>esa</specifier><head>desaprobación </head><argument argument="arg0" function="cn" thematicrole="agt" type="s.a">general</argument></argset>. </example>
        <example file="CESS-CAST-P/85_20010103.tbf.xml" nodepath="12.3.1.0" sentencenodepath="12">Ante el pobre despliegue , incluso representantes municipales que seguían en la plaza a las dos mostraron <argset><argument argument="arg0" thematicrole="agt" type="spec">su</argument><head>desaprobación </head></argset>. </example>
      </examples>
    </frame>
  </sense>
</lexentry>
