<?xml version="1.0" encoding="UTF-8" standalone="no"?>
<!-- 

  ancoralex-2.0.3
       
			Copyright (C) 2007,2008,2009,2010,2011 CLiC - UB
			Centre de Llenguatge i Computació - Universitat de Barcelona
 
  This file is part of ancoralex-2.0.3.
 
  ancoralex-2.0.3 is free software and data: you can redistribute it and/or modify
  it under the terms of the GNU General Public License as published
  by the Free Software Foundation, either version 3 of the License,
  or (at your option) any later version.

  ancoralex-2.0.3 is distributed in the hope that it will be useful,
  but WITHOUT ANY WARRANTY; without even the implied warranty of
  MERCHANTABILITY or FITNESS FOR A PARTICULAR PURPOSE.  See the
  GNU General Public License for more details.
 
  You should have received a copy of the GNU General Public License
  along with ancoralex-2.0.3.  If not, see &lt;http://www.gnu.org/licenses/&gt;.
 
  Check a text in catalan explaining the terms of the license at http://www.softcatala.cat/wiki/GPL3.
  In spanish at http://www.viti.es/gnu/licenses/gpl.html
  
  The following paper must be cited when using verb lexicon: 

 * Aparicio, Juan, Mariona Taulé, M.Antònia Martí (2008) 'AnCora-Verb: A Lexical Resource for 
   the Semantic Annotation of Corpora'. Proceedings of 6th International Conference on Language 
   Resources and Evaluation. Marrakesh (Morocco).

  The following paper must be cited when using noun lexicon: 

 * Peris, Aina, Mariona Taulé (2011). AnCora-Nom: A Spanish lexicon of deverbal nominalizations. 
   Procesamiento del Lenguaje Natural, nº46, pp. 11-18.
 
 

 

-->

<lexentry lemma="desarme" lng="es" origin="deverbal" type="noun">
  <sense cousin="no" denotation="result" id="1" lexicalized="no" originlemma="desarmar" originlink="verb.desarmar.1" wordnetsynset="16:00749958">
    <frame appearsinplural="no" type="default">
      <specifiers>
        <constituent frequency="3" type="void"/>
        <constituent frequency="3" postype="article" type="determiner"/>
      </specifiers>
      <reference_modifiers>
        <constituent frequency="1" type="sn"/>
      </reference_modifiers>
      <examples>
        <example file="3LB-CAST/dc2-5.tbf.xml" nodepath="9.1.1.2.1.1.1.1.1.0.0" sentencenodepath="9">En 1972 , el clima de distensión creado por las conversaciones de <argset><head>desarme </head><reference_modifiers>SALT</reference_modifiers></argset>entre Estados_Unidos y la Unión_Soviética favoreció la firma de un nuevo acuerdo internacional para la prohibición del desarrollo , producción y almacenamiento de armas biológicas . </example>
        <example file="CESS-CAST-AA/19377_20000323.tbf.xml" nodepath="8.0.3.1.2.1.0" sentencenodepath="8">" El Consejo reafirma que la desmovilización y <argset><specifier>el</specifier><head>desarme </head></argset>deben tener_lugar en un ambiente seguro , que dé a los ex combatientes la confianza necesaria para abandonar las armas " , agregó Chowdhry . </example>
        <example file="CESS-CAST-AA/19377_20000323.tbf.xml" nodepath="11.3.3.1.2.1.2.1.0" sentencenodepath="11">Para lograr esos objetivos , los quince miembros del Consejo_de_Seguridad opinan que los mandatos dados a los " cascos azules " deben contener una provisión concreta sobre la desmovilización , <argset><specifier>el</specifier><head>desarme </head></argset>y la reintegración . </example>
        <example file="CESS-CAST-P/22_19990201.tbf.xml" nodepath="1.0.3.1.2.2.1.1.1.1.2.1.1.0.0" sentencenodepath="1">Irak rechazó ayer una iniciativa del Consejo_de_Seguridad_de_la_ONU que atenúa el papel de la comisión especial encargada del <argset><head>desarme </head></argset>, la Unscom , y Ø le ofrece la oportunidad de aligerar las sanciones . </example>
        <example file="CESS-CAST-P/22_19990201.tbf.xml" nodepath="3.2.1.1.1.1.1.0.2.0" sentencenodepath="3">La iniciativa del Consejo_de_Seguridad , aprobada el sábado , establece la puesta_en_marcha de tres comisiones <argset>- - <head>desarme </head>, situación humanitaria y presos de guerra kuwaitís - - </argset>para evaluar el estado de las relaciones entre Irak y la ONU . </example>
        <example file="CESS-CAST-P/22_19990201.tbf.xml" nodepath="7.2.1.1.1.1.1.0" sentencenodepath="7">El texto indica que la comisión sobre <argset><specifier>el</specifier><head>desarme </head></argset>" recurrirá a la cooperación y la competencia de la comisión especial ( la Unscom ) de la Agencia_Internacional_de_la_Energía_Atómica , del Secretariado_de_las_Naciones_Unidas y de cualquier otro órgano competente " , medida que pone_en_tela_de_juicio la preeminencia de la Unscom y limita sus potestades . </example>
      </examples>
    </frame>
  </sense>
  <sense cousin="no" denotation="event" id="2" lexicalized="no" originlemma="desarmar" originlink="verb.desarmar.1" wordnetsynset="16:00749958+16:00585874">
    <frame appearsinplural="no" type="default">
      <argument argument="arg1" thematicrole="pat">
        <constituent frequency="1" preposition="de" type="sp"/>
      </argument>
      <specifiers>
        <constituent frequency="2" type="void"/>
        <constituent frequency="1" postype="article" type="determiner"/>
      </specifiers>
      <examples>
        <example file="CESS-CAST-AA/19377_20000323.tbf.xml" nodepath="1.3.1.1.3.1.1.2.1.1.1.1.0.2.0" sentencenodepath="1">Esa afirmación fue hecha por el presidente de turno del Consejo_de_Seguridad_de_la_ONU , Karim_Chowdhry , tras una sesión abierta celebrada hoy en Nueva_York sobre el papel de los " cascos azules " en el proceso de <argset>desmovilización , <head>desarme </head>y reintegración </argset>de los combatientes . </example>
        <example file="CESS-CAST-AA/19377_20000323.tbf.xml" nodepath="10.0.1.1.1.0.2.0" sentencenodepath="10">El proceso de <argset>desmovilización , <head>desarme </head>y reintegración </argset>debe hacerse de una forma integrada para que los " cascos azules " puedan facilitar la transición del proceso de mantenimiento de la paz al de construcción de la paz . </example>
        <example file="CESS-CAST-AA/8725_20000411.tbf.xml" nodepath="2.0.4.1.0" sentencenodepath="2">" Con las enmiendas se produciría <argset><specifier>el</specifier><head>desarme </head><argument argument="arg1" function="cn" thematicrole="pat" type="sp">de la Constitución de 1980</argument></argset>, lo que implica que el poder pase sin control al Ejecutivo " , aseguró el senador institucional y ex comandante en jefe de la Armada , Jorge_Martínez_Busch . </example>
      </examples>
    </frame>
  </sense>
</lexentry>
