<?xml version="1.0" encoding="UTF-8" standalone="no"?>
<!-- 

  ancoralex-2.0.3
       
			Copyright (C) 2007,2008,2009,2010,2011 CLiC - UB
			Centre de Llenguatge i Computació - Universitat de Barcelona
 
  This file is part of ancoralex-2.0.3.
 
  ancoralex-2.0.3 is free software and data: you can redistribute it and/or modify
  it under the terms of the GNU General Public License as published
  by the Free Software Foundation, either version 3 of the License,
  or (at your option) any later version.

  ancoralex-2.0.3 is distributed in the hope that it will be useful,
  but WITHOUT ANY WARRANTY; without even the implied warranty of
  MERCHANTABILITY or FITNESS FOR A PARTICULAR PURPOSE.  See the
  GNU General Public License for more details.
 
  You should have received a copy of the GNU General Public License
  along with ancoralex-2.0.3.  If not, see &lt;http://www.gnu.org/licenses/&gt;.
 
  Check a text in catalan explaining the terms of the license at http://www.softcatala.cat/wiki/GPL3.
  In spanish at http://www.viti.es/gnu/licenses/gpl.html
  
  The following paper must be cited when using verb lexicon: 

 * Aparicio, Juan, Mariona Taulé, M.Antònia Martí (2008) 'AnCora-Verb: A Lexical Resource for 
   the Semantic Annotation of Corpora'. Proceedings of 6th International Conference on Language 
   Resources and Evaluation. Marrakesh (Morocco).

  The following paper must be cited when using noun lexicon: 

 * Peris, Aina, Mariona Taulé (2011). AnCora-Nom: A Spanish lexicon of deverbal nominalizations. 
   Procesamiento del Lenguaje Natural, nº46, pp. 11-18.
 
 

 

-->

<lexentry lemma="desconocimiento" lng="es" origin="deverbal" type="noun">
  <sense cousin="no" denotation="result" id="1" lexicalized="no" originlemma="desconocer" originlink="verb.desconocer.1" wordnetsynset="16:04390042">
    <frame appearsinplural="no" type="default">
      <specifiers>
        <constituent frequency="2" postype="article" type="determiner"/>
      </specifiers>
      <reference_modifiers>
        <constituent frequency="1" type="S"/>
      </reference_modifiers>
      <examples>
        <example file="CESS-CAST-P/131_20000602.tbf.xml" nodepath="1.0.1.1.6.4.1.1.0" sentencenodepath="1">El otro día , cuando Ø oí decir a Núñez que la profesionalidad de Van_Gaal se demostraba en <argset><specifier>el</specifier><head>desconocimiento </head><reference_modifiers>que tenía de jugadores como Rivaldo o McManaman</reference_modifiers></argset>, Ø pensé que , tal_y_como señalábamos algunos , Ø estábamos en_manos_de un técnico limitadísimo , desafortunado a la hora de fichar y conocedor únicamente del mercado holandés , y visto lo bueno que es Hasselbaink , ni eso . </example>
        <example file="CESS-CAST-P/76_20000902.tbf.xml" nodepath="15.2.5.3.0.2.2.1.0.1.0" sentencenodepath="15">Mas Ø restó gravedad a la subida de los carburantes y Ø dijo que " la escalada de precios es claramente negativa y perjudicial para algunos sectores económicos como la pesca o la agricultura , pero , más allá de los sectores económicos , la subida no es preocupante , aunque sí molesta y causante de nerviosismo entre los ciudadanos por <argset><specifier>el</specifier><head>desconocimiento </head></argset>y la incomprensión de los motivos de la subida " . </example>
      </examples>
    </frame>
  </sense>
  <sense cousin="no" denotation="event" id="2" lexicalized="no" originlemma="desconocer" originlink="verb.desconocer.1" wordnetsynset="16:03763706">
    <frame appearsinplural="no" type="default">
      <argument argument="arg1" thematicrole="pat">
        <constituent frequency="1" preposition="de" type="sp"/>
      </argument>
      <argument argument="argM" thematicrole="tmp">
        <constituent frequency="1" preposition="hasta" type="sp"/>
      </argument>
      <specifiers>
        <constituent frequency="1" postype="article" type="determiner"/>
      </specifiers>
      <examples>
        <example file="CESS-CAST-P/21_20000601_c.tbf.xml" nodepath="0.2.0.1.0" sentencenodepath="0">Ø No eran ' skins ' y <argset><specifier>el</specifier><head>desconocimiento </head><argument argument="arg1" function="cn" thematicrole="pat" type="sp">de la gravedad de los hechos</argument><argument argument="argM" function="cn" thematicrole="tmp" type="sp">hasta el momento de su detención</argument></argset>, debido_a la cantidad de alcohol que Ø habían tomado . </example>
      </examples>
    </frame>
  </sense>
</lexentry>
