<?xml version="1.0" encoding="UTF-8" standalone="no"?>
<!-- 

  ancoralex-2.0.3
       
			Copyright (C) 2007,2008,2009,2010,2011 CLiC - UB
			Centre de Llenguatge i Computació - Universitat de Barcelona
 
  This file is part of ancoralex-2.0.3.
 
  ancoralex-2.0.3 is free software and data: you can redistribute it and/or modify
  it under the terms of the GNU General Public License as published
  by the Free Software Foundation, either version 3 of the License,
  or (at your option) any later version.

  ancoralex-2.0.3 is distributed in the hope that it will be useful,
  but WITHOUT ANY WARRANTY; without even the implied warranty of
  MERCHANTABILITY or FITNESS FOR A PARTICULAR PURPOSE.  See the
  GNU General Public License for more details.
 
  You should have received a copy of the GNU General Public License
  along with ancoralex-2.0.3.  If not, see &lt;http://www.gnu.org/licenses/&gt;.
 
  Check a text in catalan explaining the terms of the license at http://www.softcatala.cat/wiki/GPL3.
  In spanish at http://www.viti.es/gnu/licenses/gpl.html
  
  The following paper must be cited when using verb lexicon: 

 * Aparicio, Juan, Mariona Taulé, M.Antònia Martí (2008) 'AnCora-Verb: A Lexical Resource for 
   the Semantic Annotation of Corpora'. Proceedings of 6th International Conference on Language 
   Resources and Evaluation. Marrakesh (Morocco).

  The following paper must be cited when using noun lexicon: 

 * Peris, Aina, Mariona Taulé (2011). AnCora-Nom: A Spanish lexicon of deverbal nominalizations. 
   Procesamiento del Lenguaje Natural, nº46, pp. 11-18.
 
 

 

-->

<lexentry lemma="desconfianza" lng="es" origin="deverbal" type="noun">
  <sense cousin="no" denotation="result" id="1" lexicalized="no" originlemma="desconfiar" originlink="verb.desconfiar.1" wordnetsynset="16:03834330">
    <frame appearsinplural="no" type="default">
      <argument argument="arg0" thematicrole="agt">
        <constituent frequency="2" preposition="de" type="sp"/>
      </argument>
      <argument argument="arg1" thematicrole="tem">
        <constituent frequency="2" preposition="en" type="sp"/>
      </argument>
      <specifiers>
        <constituent frequency="5" postype="article" type="determiner"/>
        <constituent frequency="1" postype="demonstrative" type="determiner"/>
      </specifiers>
      <reference_modifiers>
        <constituent frequency="1" type="S"/>
      </reference_modifiers>
      <examples>
        <example file="3LB-CAST/104_C-6.tbf.xml" nodepath="7.0.2.2.1.0" sentencenodepath="7">Los efectos negativos en plano interno fueron el pánico y <argset><specifier>la</specifier><head>desconfianza </head><argument argument="arg0" function="cn" thematicrole="agt" type="sp">de cientos de miles de rumanos</argument><argument argument="arg1" function="cn" thematicrole="tem" type="sp">en las autoridades del Estado</argument></argset>, mientras en el ámbito exterior , el Fondo_Monetario_Internacional aplazó , ayer , miércoles , la prolongación del acuerdo con Rumanía , de importancia capital para el relanzamiento económico del país . </example>
        <example file="CESS-CAST-AA/3260_20000505.tbf.xml" nodepath="1.2.1.1.1" sentencenodepath="1">El primer documento emitido por la delegación del Centro_Carter desde su llegada al país , en_calidad_de observadores internacionales de las elecciones , indica que <argset><specifier>esa</specifier>" <head>desconfianza </head>" </argset>proviene de la " naturaleza provisional " de los miembros del CNE y del " método de su selección " . </example>
        <example file="CESS-CAST-P/102_19990202.tbf.xml" nodepath="9.3.3.3.1.2.1.2.1.1.0.0.0" sentencenodepath="9">El ministro expresó además que el precio del dólar bajará en_la_medida_en_que el Gobierno controle el déficit público , principal causa de <argset><specifier>la</specifier><head>desconfianza </head>y volatilidad del mercado brasileño </argset>. </example>
        <example file="CESS-CAST-P/17_20011001.tbf.xml" nodepath="15.2.0.2.1.0" sentencenodepath="15">Sus bolsillos empiezan a notar el miedo y <argset><specifier>la</specifier><head>desconfianza </head></argset>de los pasajeros . </example>
        <example file="CESS-CAST-P/33_19990802.tbf.xml" nodepath="0.2.0.1.0" sentencenodepath="0">La carne de vacuno británica puede volver a comercializarse en los países de la Unión_Europea desde ayer , tras levantarse el veto impuesto hace 40 meses por la Comisión_Europea como respuesta a la detección del denominado mal de las vacas locas , pero <argset><specifier>la</specifier><head>desconfianza </head><reference_modifiers>que despierta su consumo</reference_modifiers></argset>va a seguir penalizando las exportaciones por un largo periodo de tiempo . </example>
        <example file="CESS-CAST-P/91_19990701.tbf.xml" nodepath="8.3.1.1.1.0" sentencenodepath="8">Los socialistas europeos acusaron a Bangemann de reavivar <argset><specifier>la</specifier><head>desconfianza </head><argument argument="arg0" function="cn" thematicrole="agt" type="sp">del ciudadano</argument><argument argument="arg1" function="cn" thematicrole="tem" type="sp">en las instituciones de la Unión_Europea</argument></argset>. </example>
      </examples>
    </frame>
  </sense>
  <sense cousin="no" denotation="event" id="2" lexicalized="no" originlemma="desconfiar" originlink="verb.desconfiar.1" wordnetsynset="16:03834330">
    <frame appearsinplural="no" type="default">
      <specifiers>
        <constituent frequency="1" type="void"/>
      </specifiers>
      <examples>
        <example file="CESS-CAST-AA/3260_20000505.tbf.xml" nodepath="2.0.1.1.1.1.1.0.0.0" sentencenodepath="2">" En tal situación de <argset><head>desconfianza </head>y frágil institucionalización </argset>, es importante evaluar las decisiones y acciones de las autoridades electorales " , agrega el documento , que resume el criterio de la fundación sobre la situación preelectoral venezolana . </example>
      </examples>
    </frame>
  </sense>
  <sense cousin="no" denotation="underspecified" id="3" lexicalized="no" originlemma="desconfiar" originlink="verb.desconfiar.1" wordnetsynset="16:03834330">
    <frame appearsinplural="no" type="default">
      <specifiers>
        <constituent frequency="1" type="void"/>
      </specifiers>
      <examples>
        <example file="CESS-CAST-AA/3260_20000505.tbf.xml" nodepath="0.3.1.1.1.1.1.3.1.0.0.0" sentencenodepath="0">El Centro_Carter instó al Consejo_Nacional_Electoral venezolano a esforzarse por superar el " alto nivel de <argset><head>desconfianza </head>e incertidumbre </argset>" que genera el ente entre la población de este país sudamericano , que celebrará comicios generales el próximo día_28 . </example>
      </examples>
    </frame>
  </sense>
</lexentry>
